{"type": "FeatureCollection", "features": [{"type": "Feature", "id": "greenspace", "properties": {}, "geometry": {"type": "MultiPolygon", "coordinates": [[[[-80.2671624, 43.5517596], [-80.2653714, 43.5504546], [-80.2653214, 43.550418], [-80.2626847, 43.5484915], [-80.2609873, 43.547263], [-80.2609004, 43.54728], [-80.2608739, 43.5472971], [-80.2596465, 43.5482074], [-80.259445, 43.5483512], [-80.2593441, 43.5484074], [-80.2593541, 43.5484239], [-80.2593806, 43.5484482], [-80.2656071, 43.5529051], [-80.2660188, 43.5526177], [-80.266335, 43.5523905], [-80.2666667, 43.5521345], [-80.2669674, 43.5519133], [-80.2671624, 43.5517596]]], [[[-80.2346482, 43.5406228], [-80.2345863, 43.5404317], [-80.2346213, 43.5400947], [-80.2345703, 43.5400228], [-80.2344521, 43.5399664], [-80.2338168, 43.5399744], [-80.2336991, 43.5401076], [-80.2337191, 43.5405804], [-80.2337992, 43.5406393], [-80.2341925, 43.5406888], [-80.2345617, 43.5406982], [-80.2346315, 43.5406741], [-80.2346482, 43.5406228]]], [[[-80.2941182, 43.5177061], [-80.2930094, 43.5172281], [-80.2923994, 43.5170422], [-80.2918463, 43.516821], [-80.2909634, 43.516574], [-80.288979, 43.5160188], [-80.2883103, 43.5164569], [-80.2878931, 43.5165704], [-80.2872952, 43.5167119], [-80.287092, 43.5168111], [-80.2869975, 43.5168585], [-80.28698, 43.5168952], [-80.2870154, 43.5169203], [-80.2870584, 43.516929], [-80.287136, 43.5169683], [-80.2874942, 43.5172104], [-80.2884014, 43.5177825], [-80.2887471, 43.517927], [-80.2889867, 43.5180462], [-80.2892173, 43.5181957], [-80.2902886, 43.5185523], [-80.2915168, 43.5189711], [-80.2918788, 43.5191126], [-80.2921246, 43.5191135], [-80.2923983, 43.5190341], [-80.2927821, 43.5187548], [-80.2941145, 43.5177969], [-80.2941182, 43.5177061]]], [[[-80.2882312, 43.5195191], [-80.286785, 43.5185219], [-80.2860065, 43.5191079], [-80.2868337, 43.5195022], [-80.2866694, 43.5196478], [-80.2877395, 43.5199113], [-80.2882312, 43.5195191]]], [[[-80.2895109, 43.5373788], [-80.2875254, 43.5362564], [-80.287402, 43.5363516], [-80.2873074, 43.5363929], [-80.2874205, 43.5367138], [-80.2876049, 43.5370251], [-80.2886404, 43.5372747], [-80.2892033, 43.5375787], [-80.2895109, 43.5373788]]], [[[-80.2925816, 43.5347791], [-80.2916875, 43.534652], [-80.2916358, 43.5348275], [-80.2916078, 43.5349622], [-80.291549, 43.5351502], [-80.2914495, 43.5353017], [-80.2912643, 43.5354561], [-80.2910633, 43.5356408], [-80.2907017, 43.5359159], [-80.2904822, 43.5360594], [-80.2890438, 43.5362843], [-80.2887651, 43.5363084], [-80.2883145, 43.5361367], [-80.2879301, 43.5359605], [-80.2879212, 43.535966], [-80.2876191, 43.5361544], [-80.2878452, 43.5363051], [-80.2880532, 43.5363793], [-80.288545, 43.5366574], [-80.2892291, 43.5369258], [-80.289637, 43.5370651], [-80.2898612, 43.537114], [-80.2899794, 43.5370971], [-80.290082, 43.5370782], [-80.2901791, 43.5371599], [-80.2902413, 43.537187], [-80.2904181, 43.537178], [-80.2905464, 43.5368288], [-80.2907061, 43.5367173], [-80.2916582, 43.53596], [-80.292158, 43.5356035], [-80.2924373, 43.5353536], [-80.2925816, 43.5347791]]], [[[-80.298627, 43.549176], [-80.2972832, 43.5485812], [-80.2970874, 43.5486453], [-80.2969962, 43.5486181], [-80.2970043, 43.5484548], [-80.2963498, 43.5482215], [-80.2962291, 43.5483634], [-80.2978551, 43.5495453], [-80.298627, 43.549176]]], [[[-80.3002075, 43.548026], [-80.3001937, 43.547762], [-80.2995707, 43.5471952], [-80.2987735, 43.5466402], [-80.2985322, 43.5468009], [-80.2981961, 43.5468426], [-80.2999876, 43.5481689], [-80.3002075, 43.548026]]], [[[-80.2812905, 43.5233197], [-80.2812788, 43.5231643], [-80.2804164, 43.5229172], [-80.2804607, 43.5227804], [-80.280716, 43.5227277], [-80.2807374, 43.5226231], [-80.2806338, 43.5225301], [-80.2794846, 43.5222014], [-80.279149, 43.5221199], [-80.2787911, 43.5221095], [-80.2784666, 43.5221227], [-80.2781201, 43.5222287], [-80.279686, 43.5231485], [-80.2793935, 43.5234422], [-80.2783709, 43.5241814], [-80.278525, 43.5243162], [-80.2790411, 43.524522], [-80.2793957, 43.5246199], [-80.2801962, 43.5248409], [-80.2807408, 43.5249302], [-80.2807901, 43.5249031], [-80.2808911, 43.5247231], [-80.2802389, 43.5242411], [-80.2803177, 43.5242176], [-80.2805638, 43.5240703], [-80.2809862, 43.5236465], [-80.2811459, 43.5235746], [-80.2812905, 43.5233197]]], [[[-80.2718519, 43.5150352], [-80.2716735, 43.5150041], [-80.2715528, 43.5151471], [-80.2714643, 43.5150508], [-80.2714697, 43.5148893], [-80.2707669, 43.5147123], [-80.2707347, 43.5144342], [-80.2703606, 43.5141239], [-80.2700226, 43.5142922], [-80.2699797, 43.5144633], [-80.2696282, 43.5146152], [-80.2695613, 43.5147629], [-80.2694231, 43.5147541], [-80.2692842, 43.5145291], [-80.269226, 43.5143077], [-80.269049, 43.5142319], [-80.268884, 43.5143048], [-80.2688277, 43.5143797], [-80.2687982, 43.5144886], [-80.2687164, 43.5145839], [-80.2686292, 43.5146423], [-80.2685179, 43.5147386], [-80.2685595, 43.5147911], [-80.2687056, 43.5148582], [-80.26888, 43.5148047], [-80.2689028, 43.5149516], [-80.2684911, 43.5151461], [-80.268302, 43.5152044], [-80.2682161, 43.5151169], [-80.2680659, 43.5151461], [-80.2678983, 43.515114], [-80.2676757, 43.5152171], [-80.2676883, 43.5152838], [-80.2683758, 43.5152539], [-80.268526, 43.5157975], [-80.2692861, 43.5157475], [-80.2697611, 43.5158327], [-80.2703163, 43.5159319], [-80.2711022, 43.5160836], [-80.2712926, 43.5160758], [-80.2715689, 43.5154466], [-80.2716722, 43.5154019], [-80.2718519, 43.5150352]]], [[[-80.2792309, 43.5446291], [-80.2791739, 43.5445179], [-80.2789631, 43.544465], [-80.278785, 43.5441987], [-80.2788047, 43.544126], [-80.2786931, 43.5440367], [-80.2785044, 43.5439154], [-80.2784238, 43.5438325], [-80.2782461, 43.5437626], [-80.2780374, 43.5437007], [-80.2780099, 43.5437476], [-80.2780264, 43.543794], [-80.2779802, 43.543852], [-80.2779045, 43.543839], [-80.2776765, 43.5439858], [-80.2776834, 43.5440586], [-80.2776118, 43.5440796], [-80.277474, 43.5440846], [-80.277735, 43.5443532], [-80.2777158, 43.5444326], [-80.2777206, 43.5445289], [-80.2777901, 43.5445471], [-80.2779603, 43.5445101], [-80.2783157, 43.5446937], [-80.2784217, 43.5446318], [-80.2784906, 43.5446398], [-80.2787771, 43.5448744], [-80.2789783, 43.5448105], [-80.278959, 43.5447266], [-80.2792309, 43.5446291]]], [[[-80.2809577, 43.547043], [-80.2807511, 43.5469292], [-80.2805362, 43.5467216], [-80.2797125, 43.5461484], [-80.2788557, 43.5456312], [-80.2785857, 43.5453517], [-80.2784369, 43.5453577], [-80.2783577, 43.5453932], [-80.2777151, 43.5459408], [-80.2778776, 43.5460626], [-80.2782303, 43.5463002], [-80.2783956, 43.5462064], [-80.2791339, 43.5466277], [-80.2790182, 43.5468264], [-80.2789755, 43.5469312], [-80.2789783, 43.5470331], [-80.2787785, 43.5471159], [-80.2785044, 43.5473156], [-80.2790017, 43.5476751], [-80.2791601, 43.547723], [-80.2792634, 43.547697], [-80.2792992, 43.5475952], [-80.2794976, 43.5474474], [-80.2798915, 43.5471988], [-80.2799646, 43.5472018], [-80.2802277, 43.547045], [-80.2803406, 43.5471149], [-80.2803709, 43.5472228], [-80.2805224, 43.5472607], [-80.2808586, 43.5472068], [-80.2809577, 43.547043]]], [[[-80.2738468, 43.5931725], [-80.2734646, 43.5928004], [-80.2726345, 43.591992], [-80.2729075, 43.5917862], [-80.2729467, 43.5917567], [-80.273104, 43.5915399], [-80.2731943, 43.5910319], [-80.2730725, 43.5909479], [-80.272506, 43.5915458], [-80.2723634, 43.5916026], [-80.2720347, 43.5915824], [-80.271962, 43.591615], [-80.2710347, 43.5925212], [-80.270338, 43.5930607], [-80.2698575, 43.5933936], [-80.2696068, 43.5936304], [-80.2695215, 43.5937783], [-80.2692196, 43.5939432], [-80.2687354, 43.5946524], [-80.2688225, 43.5947784], [-80.2703014, 43.595715], [-80.2718545, 43.5946625], [-80.2738468, 43.5931725]]], [[[-80.1985242, 43.5520384], [-80.197443, 43.5515016], [-80.1970537, 43.551101], [-80.1968961, 43.5508567], [-80.1969652, 43.550587], [-80.1973057, 43.5505148], [-80.1974662, 43.5502712], [-80.1976957, 43.5504372], [-80.1979653, 43.5501808], [-80.1975763, 43.5498481], [-80.1973239, 43.5498662], [-80.1971606, 43.549983], [-80.1969229, 43.5500128], [-80.1970653, 43.5494235], [-80.196892, 43.5492004], [-80.1965424, 43.5494075], [-80.1962606, 43.5496459], [-80.1960713, 43.549884], [-80.1962081, 43.5505305], [-80.1965117, 43.5508175], [-80.196537, 43.5509302], [-80.1964993, 43.5510421], [-80.197133, 43.5516012], [-80.1974476, 43.5517535], [-80.197983, 43.5519829], [-80.1985242, 43.5520384]]], [[[-80.2494914, 43.5806209], [-80.2474729, 43.5791797], [-80.2473439, 43.5798552], [-80.2477729, 43.580131], [-80.2477982, 43.58038], [-80.2479609, 43.5805531], [-80.2487187, 43.5805154], [-80.2490555, 43.5806635], [-80.2494914, 43.5806209]]], [[[-80.2785193, 43.5696695], [-80.2783285, 43.569339], [-80.2773438, 43.5699644], [-80.2765402, 43.5683466], [-80.2749016, 43.5670924], [-80.2735087, 43.5680711], [-80.2758782, 43.569623], [-80.27601, 43.5700968], [-80.276514, 43.5707247], [-80.2769656, 43.5710548], [-80.2773301, 43.5711173], [-80.2776899, 43.5710796], [-80.2783514, 43.5707237], [-80.2784912, 43.570522], [-80.2785193, 43.5696695]]], [[[-80.2840698, 43.5747825], [-80.2837807, 43.5745165], [-80.2813351, 43.5753524], [-80.2809352, 43.5753524], [-80.2807476, 43.575096], [-80.2813386, 43.5748755], [-80.2819367, 43.574614], [-80.283133, 43.5739678], [-80.2829737, 43.573814], [-80.2825915, 43.5738704], [-80.2823261, 43.5740268], [-80.2823756, 43.5741422], [-80.2810095, 43.5747576], [-80.2806272, 43.5748473], [-80.2802273, 43.5747499], [-80.2799685, 43.5748453], [-80.2798452, 43.5749337], [-80.2797106, 43.5750473], [-80.2793855, 43.575269], [-80.2791018, 43.5753755], [-80.2789696, 43.5755949], [-80.2786339, 43.5758262], [-80.2781987, 43.575905], [-80.277702, 43.5758289], [-80.2775415, 43.5757112], [-80.2773653, 43.5755294], [-80.2758293, 43.576581], [-80.2757356, 43.5768135], [-80.2757001, 43.5768764], [-80.2757587, 43.5768813], [-80.2758333, 43.5768573], [-80.2758848, 43.5768641], [-80.2758028, 43.5769151], [-80.2756646, 43.5769394], [-80.2755994, 43.57703], [-80.2754354, 43.5771914], [-80.2751031, 43.5774504], [-80.2750228, 43.5775145], [-80.2748822, 43.5774977], [-80.2747549, 43.5776259], [-80.2744913, 43.5778058], [-80.2743164, 43.5780534], [-80.2743561, 43.578261], [-80.2744141, 43.5784931], [-80.2746319, 43.578843], [-80.2746888, 43.5791089], [-80.2746802, 43.5792406], [-80.2746462, 43.5795512], [-80.2746465, 43.5797007], [-80.2745939, 43.5798632], [-80.2745416, 43.5799912], [-80.2743897, 43.5799113], [-80.2743152, 43.5800237], [-80.2743304, 43.5801876], [-80.2743816, 43.5803617], [-80.2745038, 43.5805828], [-80.2744923, 43.5808656], [-80.2746138, 43.5812565], [-80.2745399, 43.5814495], [-80.2743927, 43.5815133], [-80.2743059, 43.5816034], [-80.2743886, 43.5819129], [-80.2744037, 43.582096], [-80.274465, 43.5823197], [-80.2745626, 43.5824581], [-80.2748447, 43.5825964], [-80.2750271, 43.5827281], [-80.2752058, 43.5828882], [-80.2754832, 43.5830039], [-80.275604, 43.5831711], [-80.2756847, 43.5834402], [-80.2755841, 43.5836361], [-80.2756397, 43.5838417], [-80.275609, 43.5839661], [-80.2755747, 43.5842281], [-80.2755538, 43.584369], [-80.2754596, 43.5845063], [-80.2753876, 43.5847286], [-80.2752307, 43.5852797], [-80.2753481, 43.5855169], [-80.2775092, 43.5841266], [-80.2777181, 43.5831718], [-80.2779727, 43.5824728], [-80.2787371, 43.5819346], [-80.2784649, 43.5816957], [-80.2782569, 43.5815057], [-80.2776334, 43.580971], [-80.2772723, 43.5798745], [-80.2773698, 43.5797332], [-80.27763, 43.5792561], [-80.2779959, 43.5787907], [-80.2783699, 43.5783018], [-80.2789472, 43.5775655], [-80.2794188, 43.5769412], [-80.279988, 43.5763875], [-80.280563, 43.5758765], [-80.2821156, 43.5753382], [-80.2832501, 43.5749515], [-80.2840698, 43.5747825]]], [[[-80.275597, 43.5764043], [-80.2755645, 43.5761608], [-80.2749956, 43.5754464], [-80.2749615, 43.5745561], [-80.2746933, 43.5741581], [-80.2747025, 43.5739836], [-80.2746616, 43.5738471], [-80.2747236, 43.5738055], [-80.2745102, 43.5736013], [-80.2744523, 43.5736057], [-80.2744468, 43.5736773], [-80.274401, 43.5736629], [-80.2742249, 43.5735708], [-80.2739247, 43.5734489], [-80.2733663, 43.5730823], [-80.2728691, 43.5728166], [-80.2726374, 43.5726505], [-80.2723754, 43.5724251], [-80.2720048, 43.5720366], [-80.2718597, 43.5717951], [-80.2718302, 43.5713118], [-80.2718843, 43.5710683], [-80.2716613, 43.5707517], [-80.2716764, 43.5705995], [-80.2713271, 43.5705667], [-80.2709053, 43.5702597], [-80.2701786, 43.5707398], [-80.2702377, 43.5708127], [-80.2703525, 43.5709544], [-80.2703825, 43.5709914], [-80.2703935, 43.5711106], [-80.2708508, 43.5711168], [-80.2711979, 43.5713478], [-80.2710394, 43.5714921], [-80.2710715, 43.5715561], [-80.2706862, 43.5716844], [-80.2706471, 43.5721053], [-80.27071, 43.5721163], [-80.2707719, 43.5723308], [-80.2706362, 43.5723525], [-80.2707016, 43.5728782], [-80.2708254, 43.5729175], [-80.2713276, 43.5729765], [-80.27212, 43.5725618], [-80.2722435, 43.5725709], [-80.2731192, 43.5734726], [-80.2723103, 43.5740773], [-80.2715807, 43.5748002], [-80.2720635, 43.5754298], [-80.2725141, 43.5759817], [-80.2727931, 43.5763781], [-80.273072, 43.57679], [-80.2733295, 43.5772253], [-80.2729647, 43.5779325], [-80.2736504, 43.5783912], [-80.2740109, 43.5781387], [-80.274092, 43.5779269], [-80.2744821, 43.5775206], [-80.2748123, 43.5772433], [-80.275167, 43.5771003], [-80.2753836, 43.5769299], [-80.2755457, 43.5766519], [-80.275597, 43.5764043]]], [[[-80.2173438, 43.5802997], [-80.2151725, 43.5798087], [-80.2147842, 43.5795548], [-80.2142768, 43.5792184], [-80.2140619, 43.5790711], [-80.2137841, 43.5789456], [-80.2134642, 43.5788083], [-80.2131814, 43.5787218], [-80.2129668, 43.5787061], [-80.2128937, 43.5787629], [-80.2127521, 43.5788356], [-80.2125984, 43.5788569], [-80.2124695, 43.5788512], [-80.2123626, 43.5788209], [-80.2122751, 43.5787658], [-80.2122186, 43.5787046], [-80.2121794, 43.5785461], [-80.2098088, 43.5772948], [-80.2106259, 43.5766988], [-80.2109334, 43.5767005], [-80.2125029, 43.5758393], [-80.2130699, 43.5753097], [-80.2134267, 43.574886], [-80.2137995, 43.574513], [-80.21252, 43.5738731], [-80.2121182, 43.5736726], [-80.2114306, 43.5741178], [-80.209644, 43.572821], [-80.2067754, 43.571388], [-80.2061945, 43.5708637], [-80.2057163, 43.5700128], [-80.2040764, 43.5688823], [-80.2036929, 43.568618], [-80.2030811, 43.5681962], [-80.2012423, 43.5696691], [-80.197381, 43.572678], [-80.1973933, 43.5727163], [-80.1977974, 43.5726956], [-80.1983423, 43.5725097], [-80.1987692, 43.5724569], [-80.1990567, 43.5722987], [-80.1992328, 43.5723163], [-80.1995793, 43.5721812], [-80.199574, 43.5720448], [-80.1999601, 43.57166], [-80.2004575, 43.5715847], [-80.2014188, 43.572209], [-80.2015177, 43.5722732], [-80.2026535, 43.5730972], [-80.2045858, 43.5744422], [-80.2056347, 43.5752442], [-80.2054541, 43.575418], [-80.2055411, 43.5754924], [-80.2056876, 43.5754043], [-80.2058219, 43.5753874], [-80.2071924, 43.5762975], [-80.2074032, 43.5764825], [-80.2073489, 43.576584], [-80.2061511, 43.5764007], [-80.206087, 43.5765973], [-80.2070202, 43.5773538], [-80.2082087, 43.5777841], [-80.2088653, 43.5777888], [-80.2104557, 43.5784831], [-80.2116765, 43.5794813], [-80.2133208, 43.5805793], [-80.2136119, 43.5810311], [-80.2134191, 43.5812799], [-80.2131775, 43.581605], [-80.2136161, 43.5817182], [-80.2141305, 43.5814009], [-80.2144253, 43.581219], [-80.2147151, 43.5810402], [-80.2149681, 43.5808166], [-80.2152521, 43.5805939], [-80.2151317, 43.5805347], [-80.2146598, 43.5804015], [-80.2145641, 43.5804516], [-80.2145102, 43.5804946], [-80.2144708, 43.5805734], [-80.2144297, 43.580639], [-80.2143983, 43.5806694], [-80.2143484, 43.5806935], [-80.2142853, 43.5807034], [-80.2142122, 43.5806874], [-80.2141591, 43.5806612], [-80.2140801, 43.5806509], [-80.2140141, 43.5806482], [-80.2139366, 43.580651], [-80.213886, 43.5806637], [-80.2138274, 43.5806893], [-80.2137781, 43.5806775], [-80.2137614, 43.5806539], [-80.2139203, 43.580302], [-80.2139073, 43.5802056], [-80.2138601, 43.5800881], [-80.2137609, 43.5799696], [-80.2136065, 43.5797786], [-80.2135855, 43.5797217], [-80.2136329, 43.5796755], [-80.2137033, 43.5796714], [-80.2141366, 43.5797525], [-80.2172075, 43.5804069], [-80.2173438, 43.5802997]]], [[[-80.2121982, 43.5714854], [-80.211812, 43.5713721], [-80.2109556, 43.5710413], [-80.2103789, 43.5708546], [-80.2089763, 43.5703645], [-80.2083713, 43.5700099], [-80.208325, 43.569927], [-80.2083307, 43.5698495], [-80.2085011, 43.5694737], [-80.2083782, 43.5692652], [-80.2080262, 43.5692366], [-80.2081528, 43.5689966], [-80.2080024, 43.5688284], [-80.207564, 43.5686681], [-80.2069302, 43.5687751], [-80.2069449, 43.5685751], [-80.2069673, 43.5683242], [-80.2070138, 43.5681609], [-80.2072215, 43.5679707], [-80.2073758, 43.5675498], [-80.207453, 43.5672477], [-80.20734, 43.5670514], [-80.2070419, 43.5669598], [-80.2065233, 43.5672806], [-80.2055517, 43.5679104], [-80.205278, 43.5678663], [-80.2051, 43.5679266], [-80.2050061, 43.5680293], [-80.2051048, 43.568131], [-80.2050114, 43.5682138], [-80.2036929, 43.568618], [-80.2040764, 43.5688823], [-80.205849, 43.5684581], [-80.2064915, 43.5684553], [-80.206612, 43.5685515], [-80.2066572, 43.568605], [-80.2066412, 43.568656], [-80.2065718, 43.5687253], [-80.2064845, 43.5689743], [-80.2064429, 43.5692734], [-80.2075757, 43.5700237], [-80.20773, 43.5701724], [-80.207796, 43.5702858], [-80.207862, 43.5703403], [-80.2080547, 43.5703941], [-80.2082068, 43.5704218], [-80.2083231, 43.5704716], [-80.2088791, 43.5708852], [-80.2092203, 43.5710806], [-80.2093332, 43.5711132], [-80.2097239, 43.5711557], [-80.2100362, 43.5712317], [-80.2106221, 43.5714898], [-80.2113634, 43.5717942], [-80.2117729, 43.5719445], [-80.2119836, 43.571687], [-80.2121982, 43.5714854]]], [[[-80.228545, 43.5641684], [-80.228316, 43.5632571], [-80.2282503, 43.563013], [-80.2280827, 43.5627751], [-80.2279217, 43.5628587], [-80.2277876, 43.5629539], [-80.2279298, 43.5631366], [-80.2279566, 43.5633116], [-80.2279003, 43.5638771], [-80.2279351, 43.5641278], [-80.2272968, 43.5645982], [-80.2270983, 43.564812], [-80.2266048, 43.565695], [-80.2265806, 43.5658291], [-80.2262175, 43.566465], [-80.2261521, 43.5665883], [-80.2260736, 43.5667361], [-80.2260582, 43.5669452], [-80.2259308, 43.5671669], [-80.2256522, 43.567177], [-80.2248287, 43.5671016], [-80.2245739, 43.5675037], [-80.224412, 43.5677593], [-80.2246003, 43.5679753], [-80.2245091, 43.5681409], [-80.2257507, 43.5685982], [-80.2264394, 43.5683023], [-80.2271345, 43.5679696], [-80.2275136, 43.5680612], [-80.2277504, 43.5683192], [-80.2278254, 43.5683156], [-80.2279104, 43.5683082], [-80.2280589, 43.5683356], [-80.2281613, 43.568346], [-80.2282669, 43.5683115], [-80.2271405, 43.5677891], [-80.226399, 43.5675479], [-80.2266316, 43.5669738], [-80.2269833, 43.5657991], [-80.2272083, 43.5655], [-80.2275221, 43.5653425], [-80.2277581, 43.5656496], [-80.2278091, 43.5656282], [-80.2278761, 43.5656205], [-80.227875, 43.5655876], [-80.2278574, 43.5651054], [-80.2276556, 43.5649632], [-80.2276453, 43.5648425], [-80.228545, 43.5641684]]], [[[-80.2084042, 43.5644857], [-80.2078089, 43.5643164], [-80.20737, 43.5646867], [-80.2066353, 43.565285], [-80.206693, 43.5653168], [-80.2068711, 43.5652386], [-80.20697, 43.5651645], [-80.2070828, 43.5650799], [-80.2073378, 43.5649472], [-80.2074677, 43.5650325], [-80.2074788, 43.5651178], [-80.2073539, 43.5652634], [-80.2072978, 43.5653858], [-80.2073426, 43.5654914], [-80.2074047, 43.5655438], [-80.2075717, 43.5656223], [-80.2075826, 43.5656438], [-80.2076894, 43.5657185], [-80.2077315, 43.5657405], [-80.2077635, 43.5657343], [-80.2079281, 43.5659335], [-80.2078881, 43.5660296], [-80.207749, 43.5661637], [-80.2078564, 43.5662466], [-80.2079669, 43.566261], [-80.2081611, 43.5660965], [-80.2082733, 43.5659622], [-80.2082938, 43.5657055], [-80.2082161, 43.5655857], [-80.2082657, 43.5653709], [-80.2083037, 43.565161], [-80.2082954, 43.5649955], [-80.2083977, 43.564859], [-80.2083028, 43.5647921], [-80.2083517, 43.5645938], [-80.2084042, 43.5644857]]], [[[-80.2171965, 43.5593791], [-80.217081, 43.5591697], [-80.2159066, 43.5595379], [-80.2140846, 43.5602311], [-80.2125392, 43.5609649], [-80.2121513, 43.5611505], [-80.2121367, 43.5612803], [-80.2119416, 43.5614875], [-80.2116509, 43.5616642], [-80.2113602, 43.5618635], [-80.2101964, 43.562661], [-80.2098442, 43.5629113], [-80.208753, 43.5636869], [-80.2078089, 43.5643164], [-80.2084042, 43.5644857], [-80.208485, 43.5644599], [-80.2086427, 43.564348], [-80.2087556, 43.5642455], [-80.2089173, 43.5641348], [-80.2090886, 43.5640924], [-80.2092428, 43.5641185], [-80.2093633, 43.5642524], [-80.2096102, 43.5639519], [-80.2101357, 43.5629862], [-80.2106176, 43.5628696], [-80.2118566, 43.5639075], [-80.2125375, 43.5644778], [-80.2134175, 43.5652286], [-80.2146462, 43.56633], [-80.2150792, 43.5662928], [-80.2150239, 43.5660934], [-80.2148201, 43.5661333], [-80.2147208, 43.5660944], [-80.2146631, 43.5660274], [-80.2146739, 43.5659059], [-80.2148509, 43.5657135], [-80.2148885, 43.5656163], [-80.2147476, 43.5654142], [-80.2146863, 43.5652318], [-80.2145559, 43.5650527], [-80.2144303, 43.5647178], [-80.2143762, 43.5645999], [-80.2144459, 43.5643686], [-80.214572, 43.5641684], [-80.2148269, 43.5639675], [-80.2148326, 43.5639132], [-80.2147951, 43.5638316], [-80.2149717, 43.5636829], [-80.2145469, 43.5633734], [-80.2142081, 43.5632211], [-80.2141686, 43.5629708], [-80.212905, 43.5620924], [-80.2127664, 43.5618368], [-80.2126164, 43.5615904], [-80.2125881, 43.5615168], [-80.2125892, 43.5614533], [-80.2126167, 43.5613817], [-80.2126347, 43.5613161], [-80.2126411, 43.5612881], [-80.2126494, 43.5612778], [-80.2126572, 43.5612561], [-80.2127028, 43.5612342], [-80.212754, 43.5612161], [-80.2128847, 43.5611558], [-80.213148, 43.561062], [-80.2132751, 43.5609912], [-80.2136863, 43.5608422], [-80.2138816, 43.5607354], [-80.2141583, 43.5606266], [-80.2163856, 43.5597028], [-80.2171965, 43.5593791]]], [[[-80.2070615, 43.5596144], [-80.2064768, 43.5595848], [-80.2053807, 43.5592154], [-80.2045688, 43.5588499], [-80.2038095, 43.5588183], [-80.20174, 43.5582361], [-80.2017326, 43.5584876], [-80.2030838, 43.5587905], [-80.2032797, 43.5588279], [-80.2034675, 43.5588117], [-80.20378, 43.5589377], [-80.2043605, 43.5592176], [-80.2050159, 43.5593807], [-80.2053473, 43.559506], [-80.2055654, 43.5596151], [-80.2061369, 43.5597519], [-80.2065841, 43.559865], [-80.2068523, 43.5599564], [-80.2069457, 43.5599363], [-80.206994, 43.5596739], [-80.2070615, 43.5596144]]], [[[-80.2145635, 43.5597948], [-80.2143778, 43.5593708], [-80.2140989, 43.5593538], [-80.2138029, 43.559348], [-80.2122689, 43.5604378], [-80.2118192, 43.5608659], [-80.2117586, 43.5610902], [-80.2145635, 43.5597948]]], [[[-80.3365792, 43.5311472], [-80.3365086, 43.5309818], [-80.3360591, 43.5307607], [-80.3354153, 43.530335], [-80.3338922, 43.529714], [-80.3330828, 43.5296479], [-80.3325994, 43.5291864], [-80.3322785, 43.5289512], [-80.331731, 43.5288035], [-80.3307641, 43.5287646], [-80.3305905, 43.5285726], [-80.3306034, 43.5283403], [-80.3300599, 43.5279497], [-80.3286566, 43.5274573], [-80.32798, 43.5274409], [-80.3268741, 43.5273332], [-80.3245617, 43.5263155], [-80.3242753, 43.5257433], [-80.3235758, 43.5254523], [-80.3233303, 43.5251758], [-80.323663, 43.5242222], [-80.3242323, 43.5239948], [-80.3248819, 43.5226353], [-80.3262308, 43.5211068], [-80.3259237, 43.5208396], [-80.32565, 43.5206015], [-80.3255705, 43.5205789], [-80.3247646, 43.5215778], [-80.3235316, 43.5227473], [-80.3227459, 43.5243361], [-80.3224157, 43.5245142], [-80.3222609, 43.5245329], [-80.3221359, 43.524728], [-80.3218014, 43.5248422], [-80.3217702, 43.5245933], [-80.3216734, 43.5244324], [-80.3211241, 43.5246362], [-80.3203401, 43.5240691], [-80.3200215, 43.5240399], [-80.3193166, 43.5239753], [-80.3186435, 43.5239865], [-80.318593, 43.5239508], [-80.3188258, 43.5235756], [-80.3186391, 43.5234625], [-80.3177202, 43.5240812], [-80.3173947, 43.5240526], [-80.3170444, 43.5244077], [-80.3166125, 43.5243248], [-80.3167824, 43.5240291], [-80.316358, 43.523731], [-80.3161279, 43.5239442], [-80.3158805, 43.5238658], [-80.3156151, 43.5240731], [-80.3154702, 43.5239438], [-80.3152398, 43.5237382], [-80.3143987, 43.5235402], [-80.3134152, 43.523399], [-80.313161, 43.5235721], [-80.3124637, 43.5236964], [-80.3120503, 43.5230573], [-80.3115928, 43.5229766], [-80.3114457, 43.5229469], [-80.3112182, 43.5228698], [-80.311084, 43.5228755], [-80.3100659, 43.5234482], [-80.3101517, 43.5235171], [-80.3094147, 43.5239289], [-80.309111, 43.5239279], [-80.3085363, 43.5238547], [-80.3070311, 43.5235878], [-80.305896, 43.5234734], [-80.3050391, 43.5233356], [-80.3045618, 43.5233636], [-80.3037249, 43.5236895], [-80.3034782, 43.5236473], [-80.3032129, 43.523626], [-80.3030748, 43.5237009], [-80.3030133, 43.5237261], [-80.3025479, 43.5239399], [-80.302255, 43.5241589], [-80.302508, 43.5243845], [-80.3020549, 43.5246575], [-80.3024155, 43.5249658], [-80.302789, 43.5249242], [-80.3028809, 43.5248702], [-80.302934, 43.5249202], [-80.3034493, 43.5248874], [-80.303506, 43.5249584], [-80.3036267, 43.5249545], [-80.3042167, 43.5248884], [-80.3046754, 43.5248378], [-80.3048764, 43.5251136], [-80.3046341, 43.5251339], [-80.3042623, 43.525147], [-80.3035198, 43.5252062], [-80.3035039, 43.5252937], [-80.3036075, 43.5255099], [-80.304213, 43.5260917], [-80.3045586, 43.5262501], [-80.3048855, 43.5263512], [-80.3048116, 43.5267716], [-80.3043672, 43.5268038], [-80.3010532, 43.5272741], [-80.3009813, 43.5271896], [-80.3014144, 43.5269516], [-80.3008571, 43.5269873], [-80.300756, 43.5269384], [-80.3006086, 43.5268268], [-80.3004998, 43.5266923], [-80.3002723, 43.526751], [-80.2999652, 43.5268341], [-80.2998164, 43.52683], [-80.2996628, 43.5267465], [-80.2994474, 43.5269506], [-80.3002845, 43.5274085], [-80.3011184, 43.5279702], [-80.3017001, 43.527881], [-80.3022233, 43.5278353], [-80.303439, 43.527872], [-80.3035171, 43.5279756], [-80.3044384, 43.5280791], [-80.3067645, 43.5282116], [-80.3069722, 43.5281684], [-80.3074037, 43.5280787], [-80.3079889, 43.5280281], [-80.3080234, 43.5281513], [-80.3095723, 43.5283081], [-80.3119212, 43.52668], [-80.312629, 43.5270988], [-80.313007, 43.5268116], [-80.3127325, 43.5265482], [-80.313863, 43.5258123], [-80.3142493, 43.5256528], [-80.3168216, 43.5275543], [-80.3166261, 43.5278907], [-80.3174438, 43.5282381], [-80.3175258, 43.5282368], [-80.3178813, 43.527933], [-80.316677, 43.5270424], [-80.3212065, 43.5251104], [-80.3225554, 43.5262702], [-80.3223875, 43.5263678], [-80.3221146, 43.5266369], [-80.3221244, 43.5268371], [-80.3224244, 43.5270598], [-80.3227603, 43.527018], [-80.3230395, 43.5269213], [-80.3234461, 43.5275051], [-80.3233647, 43.5276806], [-80.3228251, 43.5280846], [-80.3221714, 43.5283427], [-80.3217104, 43.5284263], [-80.3212074, 43.5287553], [-80.3209511, 43.5289731], [-80.3211427, 43.5293397], [-80.3218229, 43.5296905], [-80.322649, 43.5300122], [-80.3229221, 43.5300498], [-80.3234688, 43.5300079], [-80.3239283, 43.5298519], [-80.3249699, 43.5298134], [-80.32544, 43.5300471], [-80.3252268, 43.5306584], [-80.3255371, 43.5306406], [-80.3257783, 43.5306912], [-80.326106, 43.5307113], [-80.3263009, 43.5305103], [-80.3264269, 43.5303685], [-80.3265936, 43.5303211], [-80.3268274, 43.5304036], [-80.3269635, 43.5306041], [-80.3272317, 43.5306362], [-80.3275394, 43.5304961], [-80.3276408, 43.5301436], [-80.3276551, 43.5298303], [-80.3277885, 43.5297628], [-80.3282282, 43.5299372], [-80.329102, 43.5301496], [-80.3291423, 43.5305625], [-80.3288861, 43.5309337], [-80.3288843, 43.5313165], [-80.3290511, 43.5314693], [-80.3289615, 43.53169], [-80.3287505, 43.53193], [-80.3290583, 43.5322442], [-80.329431, 43.5324342], [-80.3295741, 43.5325669], [-80.3308143, 43.5317746], [-80.3308891, 43.5316443], [-80.3312165, 43.5315123], [-80.3319396, 43.5316538], [-80.3319587, 43.5312872], [-80.3324148, 43.5312569], [-80.3325331, 43.5313132], [-80.3345257, 43.5321317], [-80.334675, 43.5321301], [-80.3351242, 43.5320444], [-80.3355083, 43.5317762], [-80.3360164, 43.531854], [-80.3363979, 43.5317477], [-80.336505, 43.5316848], [-80.3365792, 43.5311472]]], [[[-80.2105513, 43.5051854], [-80.209955, 43.5048841], [-80.2097832, 43.5051072], [-80.2095404, 43.504939], [-80.2089232, 43.5047784], [-80.2089537, 43.5044132], [-80.2078895, 43.5038783], [-80.207081, 43.5029718], [-80.2043957, 43.5047469], [-80.2048208, 43.5049646], [-80.2048783, 43.5049023], [-80.2053135, 43.50486], [-80.2055076, 43.5049115], [-80.2057303, 43.5051033], [-80.2056855, 43.5053934], [-80.2058405, 43.5059075], [-80.2063806, 43.5060006], [-80.2065168, 43.5059248], [-80.2067145, 43.5058506], [-80.2069778, 43.5058418], [-80.2075394, 43.5061733], [-80.2075369, 43.5063714], [-80.2086115, 43.5065747], [-80.2105513, 43.5051854]]], [[[-80.1841676, 43.496852], [-80.1841318, 43.4968097], [-80.183973, 43.4967643], [-80.1836981, 43.4967709], [-80.1835702, 43.496821], [-80.183462, 43.4970009], [-80.1831497, 43.4970462], [-80.1830642, 43.4970044], [-80.1830439, 43.4968384], [-80.1830789, 43.496655], [-80.1831698, 43.4964902], [-80.1831465, 43.4961432], [-80.1829943, 43.4959635], [-80.182564, 43.4959523], [-80.1824417, 43.4959854], [-80.1823619, 43.496116], [-80.1822257, 43.4967242], [-80.1821079, 43.4968573], [-80.1813646, 43.4971982], [-80.1809812, 43.4971951], [-80.1809124, 43.497102], [-80.1809474, 43.4969185], [-80.1812227, 43.4967585], [-80.1813433, 43.4966169], [-80.1812532, 43.496475], [-80.1810065, 43.4962429], [-80.1811237, 43.4960736], [-80.1816128, 43.4957519], [-80.1816713, 43.4955725], [-80.1815432, 43.4954331], [-80.1813443, 43.4954348], [-80.1803592, 43.4960227], [-80.1788669, 43.497254], [-80.1755432, 43.4995768], [-80.1750016, 43.4999769], [-80.1749355, 43.5000686], [-80.1748275, 43.5002613], [-80.1747146, 43.5004729], [-80.1743768, 43.5006295], [-80.1740867, 43.5008304], [-80.1739974, 43.5008664], [-80.1738671, 43.5009538], [-80.1735447, 43.5011681], [-80.1732654, 43.5014718], [-80.1729931, 43.5015276], [-80.1725365, 43.5013097], [-80.1719937, 43.5013152], [-80.1724477, 43.5016103], [-80.1731178, 43.5019195], [-80.1732058, 43.5028282], [-80.1734417, 43.5029412], [-80.1735026, 43.5029066], [-80.17362, 43.5029268], [-80.1738951, 43.5031098], [-80.1738797, 43.503423], [-80.1738256, 43.5035129], [-80.174461, 43.5035415], [-80.1749055, 43.5036995], [-80.1750867, 43.5038662], [-80.1750872, 43.5044349], [-80.1751958, 43.5046342], [-80.1752195, 43.5048278], [-80.1737287, 43.5058248], [-80.173631, 43.5059343], [-80.1736099, 43.506075], [-80.1736873, 43.5063321], [-80.1739574, 43.5065683], [-80.1743762, 43.506767], [-80.1747739, 43.5071065], [-80.174974, 43.5071772], [-80.175716, 43.5069173], [-80.1765185, 43.5067762], [-80.1759739, 43.5065828], [-80.1758474, 43.5063624], [-80.1759395, 43.50627], [-80.1775252, 43.5064266], [-80.1776721, 43.5062805], [-80.1776683, 43.5058737], [-80.1771887, 43.5057096], [-80.1772372, 43.5056368], [-80.1775014, 43.5055109], [-80.1778468, 43.5055164], [-80.1799779, 43.507021], [-80.1806669, 43.506527], [-80.180421, 43.5059882], [-80.1792972, 43.5056316], [-80.1791512, 43.505471], [-80.1791946, 43.5052619], [-80.1791792, 43.5052334], [-80.1790014, 43.5049036], [-80.1784591, 43.5046655], [-80.1773247, 43.5036573], [-80.17819, 43.5032472], [-80.1787305, 43.5028442], [-80.1795371, 43.5024239], [-80.1798174, 43.5022106], [-80.1802901, 43.5015973], [-80.1808736, 43.5011386], [-80.179425, 43.5], [-80.1793647, 43.4999483], [-80.1802307, 43.4992315], [-80.1817037, 43.4982495], [-80.182137, 43.4979092], [-80.1821034, 43.4978222], [-80.1821257, 43.4977538], [-80.1824797, 43.4975803], [-80.1826592, 43.4976384], [-80.1827845, 43.4977864], [-80.1829633, 43.4978082], [-80.1829997, 43.4978867], [-80.183131, 43.4978643], [-80.1831098, 43.4978155], [-80.1832313, 43.4975567], [-80.183429, 43.4974826], [-80.1834849, 43.4975012], [-80.1834626, 43.4975696], [-80.183729, 43.497399], [-80.1840021, 43.4972837], [-80.1841606, 43.4971396], [-80.1841676, 43.496852]]], [[[-80.2258231, 43.501301], [-80.2255939, 43.5009353], [-80.2252882, 43.5006345], [-80.2245197, 43.5000169], [-80.2238633, 43.4995112], [-80.2233282, 43.4998815], [-80.2238676, 43.5003583], [-80.2229664, 43.5010082], [-80.2233577, 43.5012697], [-80.2228592, 43.5016479], [-80.2225329, 43.5019196], [-80.2222969, 43.5017679], [-80.2212766, 43.5025802], [-80.2221805, 43.5025604], [-80.2229606, 43.5025323], [-80.2235457, 43.5023637], [-80.2243881, 43.5019022], [-80.22476, 43.5017496], [-80.2251309, 43.5017142], [-80.2254889, 43.5016044], [-80.2256659, 43.5015176], [-80.2258231, 43.501301]]], [[[-80.2537503, 43.5049766], [-80.253747, 43.5048876], [-80.2535418, 43.5047835], [-80.2534546, 43.5047728], [-80.2533822, 43.5047977], [-80.2532219, 43.5049236], [-80.253185, 43.5049781], [-80.2531542, 43.5050549], [-80.2530684, 43.5051366], [-80.2530721, 43.5051541], [-80.2530771, 43.5051775], [-80.2532883, 43.5053195], [-80.2533862, 43.5052631], [-80.2537503, 43.5049766]]], [[[-80.2552135, 43.5071864], [-80.2548088, 43.5069815], [-80.2547219, 43.5068673], [-80.2545365, 43.5064836], [-80.2543688, 43.5062743], [-80.2544735, 43.5059133], [-80.2545013, 43.5050249], [-80.254418, 43.504785], [-80.254081, 43.5046007], [-80.253856, 43.5044538], [-80.2537594, 43.5042928], [-80.2537914, 43.5041179], [-80.2535522, 43.5036707], [-80.2535303, 43.5034324], [-80.2536694, 43.5031946], [-80.2538595, 43.5030288], [-80.2538887, 43.5028624], [-80.2538049, 43.5024329], [-80.2536284, 43.5020597], [-80.253289, 43.5009277], [-80.253223, 43.5006727], [-80.252927, 43.5], [-80.2527076, 43.4998069], [-80.2525413, 43.499768], [-80.2523938, 43.4997933], [-80.2522168, 43.4998652], [-80.2520344, 43.5001707], [-80.251227, 43.5002446], [-80.2509213, 43.5001532], [-80.2507415, 43.4997777], [-80.249011, 43.5], [-80.2493514, 43.5030931], [-80.2504849, 43.5031526], [-80.2510335, 43.5043657], [-80.2513683, 43.5045947], [-80.2514474, 43.5049241], [-80.2511575, 43.5051824], [-80.2511144, 43.5048361], [-80.2509132, 43.5048477], [-80.2509427, 43.505087], [-80.2508622, 43.5051298], [-80.2508327, 43.5049119], [-80.2502078, 43.5050403], [-80.2502695, 43.5052582], [-80.2503821, 43.5053244], [-80.2504519, 43.5053341], [-80.250881, 43.5053147], [-80.2509298, 43.5053853], [-80.2508022, 43.505499], [-80.2507205, 43.5056744], [-80.2506471, 43.5064739], [-80.2497183, 43.5067383], [-80.2481965, 43.5067294], [-80.2480994, 43.5063788], [-80.2478526, 43.5056666], [-80.2475568, 43.5048071], [-80.2474417, 43.5048195], [-80.2460145, 43.5049731], [-80.2444428, 43.5050778], [-80.2439393, 43.5051114], [-80.2434929, 43.5053703], [-80.2431364, 43.5053992], [-80.2421256, 43.5049998], [-80.241765, 43.5049648], [-80.2417014, 43.505008], [-80.2412738, 43.5049886], [-80.2409598, 43.5047722], [-80.2404921, 43.5048], [-80.2402827, 43.5048723], [-80.2396954, 43.5049247], [-80.2396562, 43.505351], [-80.2402968, 43.5056688], [-80.2407075, 43.5059233], [-80.2410633, 43.505922], [-80.2436808, 43.5067852], [-80.2445298, 43.5070645], [-80.2446624, 43.5071143], [-80.245361, 43.5075593], [-80.2456257, 43.5074694], [-80.2461494, 43.5079565], [-80.2461369, 43.5080717], [-80.2474032, 43.5086774], [-80.2472882, 43.5089554], [-80.2477616, 43.5094067], [-80.2524148, 43.5079416], [-80.2552135, 43.5071864]], [[-80.2537503, 43.5049766], [-80.2533862, 43.5052631], [-80.2532883, 43.5053195], [-80.2530771, 43.5051775], [-80.2530721, 43.5051541], [-80.2530684, 43.5051366], [-80.2531542, 43.5050549], [-80.253185, 43.5049781], [-80.2532219, 43.5049236], [-80.2533822, 43.5047977], [-80.2534546, 43.5047728], [-80.2535418, 43.5047835], [-80.253747, 43.5048876], [-80.2537503, 43.5049766]], [[-80.2514482, 43.5054566], [-80.2511018, 43.5057219], [-80.2510403, 43.5057204], [-80.2509816, 43.5057103], [-80.2509893, 43.5056484], [-80.2511347, 43.5052764], [-80.2511693, 43.5052463], [-80.2512716, 43.5052368], [-80.2513841, 43.5053102], [-80.2514482, 43.5054566]]], [[[-80.2514482, 43.5054566], [-80.2513841, 43.5053102], [-80.2512716, 43.5052368], [-80.2511693, 43.5052463], [-80.2511347, 43.5052764], [-80.2509893, 43.5056484], [-80.2509816, 43.5057103], [-80.2510403, 43.5057204], [-80.2511018, 43.5057219], [-80.2514482, 43.5054566]]], [[[-80.2376416, 43.5044541], [-80.2369929, 43.5040086], [-80.2363068, 43.5036018], [-80.2355488, 43.5036464], [-80.235483, 43.503599], [-80.2354661, 43.5035312], [-80.2354833, 43.5034784], [-80.2355667, 43.5034351], [-80.2356967, 43.5034579], [-80.2358261, 43.5034516], [-80.2362691, 43.5033671], [-80.2363437, 43.5032957], [-80.2358687, 43.5032077], [-80.235495, 43.502837], [-80.2351684, 43.5029506], [-80.235079, 43.5029866], [-80.2350548, 43.5030469], [-80.2348746, 43.5030744], [-80.2345861, 43.5030169], [-80.2343769, 43.5030171], [-80.2343306, 43.5030452], [-80.2340958, 43.5030048], [-80.2339212, 43.5028935], [-80.2337327, 43.502825], [-80.23369, 43.5027274], [-80.2336582, 43.502749], [-80.2335705, 43.502752], [-80.2334524, 43.5026956], [-80.2333933, 43.5024682], [-80.2332783, 43.502336], [-80.2314202, 43.5029582], [-80.2315992, 43.5031957], [-80.2314304, 43.5033185], [-80.2314019, 43.5035057], [-80.232205, 43.5039814], [-80.2326249, 43.503958], [-80.2344644, 43.5035637], [-80.2349009, 43.5036938], [-80.2363459, 43.5048177], [-80.2370509, 43.5049751], [-80.2373157, 43.5048853], [-80.2368464, 43.5044977], [-80.2368603, 43.504455], [-80.2373846, 43.504482], [-80.2374783, 43.5046516], [-80.2375868, 43.5046612], [-80.2376416, 43.5044541]]], [[[-80.24656, 43.5003692], [-80.2457052, 43.5004631], [-80.2460986, 43.5013519], [-80.2461952, 43.5013089], [-80.2461979, 43.5010988], [-80.24656, 43.5003692]]], [[[-80.161359, 43.5], [-80.1611629, 43.4996088], [-80.1603758, 43.4990574], [-80.1602316, 43.4990054], [-80.1598277, 43.4991792], [-80.1583944, 43.4993916], [-80.1582084, 43.4994677], [-80.1581638, 43.4996044], [-80.1583008, 43.4997545], [-80.158693, 43.5], [-80.1591976, 43.5005775], [-80.1598751, 43.5010468], [-80.1613119, 43.50014], [-80.161335, 43.5], [-80.161359, 43.5]]], [[[-80.203386, 43.5030115], [-80.203175, 43.5028217], [-80.2029834, 43.502915], [-80.2014004, 43.504122], [-80.2014334, 43.5041728], [-80.2017485, 43.5041189], [-80.2030584, 43.504056], [-80.203158, 43.5039548], [-80.2031576, 43.5035226], [-80.2032982, 43.5033573], [-80.203386, 43.5030115]]], [[[-80.1841676, 43.496852], [-80.1841318, 43.4968097], [-80.183973, 43.4967643], [-80.1836981, 43.4967709], [-80.1835702, 43.496821], [-80.183462, 43.4970009], [-80.1831497, 43.4970462], [-80.1830642, 43.4970044], [-80.1830439, 43.4968384], [-80.1830789, 43.496655], [-80.1831698, 43.4964902], [-80.1831465, 43.4961432], [-80.1829943, 43.4959635], [-80.182564, 43.4959523], [-80.1824417, 43.4959854], [-80.1823619, 43.496116], [-80.1822257, 43.4967242], [-80.1821079, 43.4968573], [-80.1813646, 43.4971982], [-80.1809812, 43.4971951], [-80.1809124, 43.497102], [-80.1809474, 43.4969185], [-80.1812227, 43.4967585], [-80.1813433, 43.4966169], [-80.1812532, 43.496475], [-80.1810065, 43.4962429], [-80.1811237, 43.4960736], [-80.1816128, 43.4957519], [-80.1816713, 43.4955725], [-80.1815432, 43.4954331], [-80.1813443, 43.4954348], [-80.1803592, 43.4960227], [-80.1788669, 43.497254], [-80.1755432, 43.4995768], [-80.1750016, 43.4999769], [-80.1749355, 43.5000686], [-80.1748275, 43.5002613], [-80.1747146, 43.5004729], [-80.1743768, 43.5006295], [-80.1740867, 43.5008304], [-80.1739974, 43.5008664], [-80.1738671, 43.5009538], [-80.1735447, 43.5011681], [-80.1732654, 43.5014718], [-80.1729931, 43.5015276], [-80.1725365, 43.5013097], [-80.1719937, 43.5013152], [-80.1724477, 43.5016103], [-80.1731178, 43.5019195], [-80.1732058, 43.5028282], [-80.1734417, 43.5029412], [-80.1735026, 43.5029066], [-80.17362, 43.5029268], [-80.1738951, 43.5031098], [-80.1738797, 43.503423], [-80.1738256, 43.5035129], [-80.174461, 43.5035415], [-80.1749055, 43.5036995], [-80.1750867, 43.5038662], [-80.1750872, 43.5044349], [-80.1751958, 43.5046342], [-80.1752195, 43.5048278], [-80.1737287, 43.5058248], [-80.173631, 43.5059343], [-80.1736099, 43.506075], [-80.1736873, 43.5063321], [-80.1739574, 43.5065683], [-80.1743762, 43.506767], [-80.1747739, 43.5071065], [-80.174974, 43.5071772], [-80.175716, 43.5069173], [-80.1765185, 43.5067762], [-80.1759739, 43.5065828], [-80.1758474, 43.5063624], [-80.1759395, 43.50627], [-80.1775252, 43.5064266], [-80.1776721, 43.5062805], [-80.1776683, 43.5058737], [-80.1771887, 43.5057096], [-80.1772372, 43.5056368], [-80.1775014, 43.5055109], [-80.1778468, 43.5055164], [-80.1799779, 43.507021], [-80.1806669, 43.506527], [-80.180421, 43.5059882], [-80.1792972, 43.5056316], [-80.1791512, 43.505471], [-80.1791946, 43.5052619], [-80.1791792, 43.5052334], [-80.1790014, 43.5049036], [-80.1784591, 43.5046655], [-80.1773247, 43.5036573], [-80.17819, 43.5032472], [-80.1787305, 43.5028442], [-80.1795371, 43.5024239], [-80.1798174, 43.5022106], [-80.1802901, 43.5015973], [-80.1808736, 43.5011386], [-80.179425, 43.5], [-80.1793647, 43.4999483], [-80.1802307, 43.4992315], [-80.1817037, 43.4982495], [-80.182137, 43.4979092], [-80.1821034, 43.4978222], [-80.1821257, 43.4977538], [-80.1824797, 43.4975803], [-80.1826592, 43.4976384], [-80.1827845, 43.4977864], [-80.1829633, 43.4978082], [-80.1829997, 43.4978867], [-80.183131, 43.4978643], [-80.1831098, 43.4978155], [-80.1832313, 43.4975567], [-80.183429, 43.4974826], [-80.1834849, 43.4975012], [-80.1834626, 43.4975696], [-80.183729, 43.497399], [-80.1840021, 43.4972837], [-80.1841606, 43.4971396], [-80.1841676, 43.496852]], [[-80.1759421, 43.5007108], [-80.1758824, 43.5008178], [-80.1757613, 43.5009232], [-80.1756067, 43.5011311], [-80.1755923, 43.5013272], [-80.1756625, 43.5016823], [-80.175614, 43.5017551], [-80.175538, 43.5017601], [-80.1752618, 43.5016943], [-80.175008, 43.5015602], [-80.1749537, 43.5014605], [-80.1746143, 43.5012846], [-80.1740657, 43.5013703], [-80.1739706, 43.5012816], [-80.1739732, 43.5010835], [-80.1742814, 43.5007848], [-80.174354, 43.5007522], [-80.1745149, 43.500753], [-80.1746691, 43.5006984], [-80.1750728, 43.5003349], [-80.1753287, 43.5002347], [-80.1755539, 43.5002285], [-80.1757271, 43.5002675], [-80.1758334, 43.5003219], [-80.1759229, 43.5004276], [-80.1759421, 43.5007108]]], [[[-80.1759421, 43.5007108], [-80.1759229, 43.5004276], [-80.1758334, 43.5003219], [-80.1757271, 43.5002675], [-80.1755539, 43.5002285], [-80.1753287, 43.5002347], [-80.1750728, 43.5003349], [-80.1746691, 43.5006984], [-80.1745149, 43.500753], [-80.174354, 43.5007522], [-80.1742814, 43.5007848], [-80.1739732, 43.5010835], [-80.1739706, 43.5012816], [-80.1740657, 43.5013703], [-80.1746143, 43.5012846], [-80.1749537, 43.5014605], [-80.175008, 43.5015602], [-80.1752618, 43.5016943], [-80.175538, 43.5017601], [-80.175614, 43.5017551], [-80.1756625, 43.5016823], [-80.1755923, 43.5013272], [-80.1756067, 43.5011311], [-80.1757613, 43.5009232], [-80.1758824, 43.5008178], [-80.1759421, 43.5007108]]], [[[-80.3164703, 43.5500229], [-80.3164142, 43.5496975], [-80.3121973, 43.5485434], [-80.3111428, 43.5483901], [-80.3098286, 43.548098], [-80.3104732, 43.5488402], [-80.3098776, 43.5493523], [-80.3088754, 43.5502035], [-80.3091269, 43.5503281], [-80.3102513, 43.5510709], [-80.3111103, 43.5514072], [-80.3134401, 43.5522207], [-80.3132735, 43.5523907], [-80.3141338, 43.5526461], [-80.3146477, 43.5528603], [-80.3157259, 43.5531709], [-80.3158067, 43.5529592], [-80.3148032, 43.5525711], [-80.3150155, 43.55249], [-80.3153197, 43.5523165], [-80.3163767, 43.5515408], [-80.3164703, 43.5500229]]], [[[-80.1971814, 43.5472457], [-80.1970782, 43.5470608], [-80.1967483, 43.5467782], [-80.1962855, 43.5465991], [-80.1959018, 43.5465962], [-80.1954412, 43.5469049], [-80.1949572, 43.5472096], [-80.1948147, 43.5472663], [-80.1944204, 43.5473337], [-80.1941916, 43.5473123], [-80.1940948, 43.5473046], [-80.1937461, 43.5471181], [-80.1935825, 43.5469725], [-80.1934734, 43.5469266], [-80.1933414, 43.5469129], [-80.193085, 43.5468236], [-80.1930245, 43.5467048], [-80.193018, 43.5464961], [-80.1928836, 43.5463375], [-80.1927958, 43.5463404], [-80.1926542, 43.5462799], [-80.1915327, 43.5462941], [-80.1911507, 43.5463997], [-80.190586, 43.5466092], [-80.1900498, 43.5467695], [-80.1897953, 43.5467888], [-80.1891688, 43.5468071], [-80.1887028, 43.5467899], [-80.1879891, 43.5468473], [-80.187756, 43.5469154], [-80.1875853, 43.5468679], [-80.1873302, 43.546851], [-80.1867851, 43.5466576], [-80.1865533, 43.5464552], [-80.1863687, 43.5464504], [-80.1859107, 43.5465609], [-80.1856664, 43.5466632], [-80.1851057, 43.5469366], [-80.1845226, 43.5472783], [-80.1840266, 43.5473913], [-80.1836329, 43.5474949], [-80.1830412, 43.5476726], [-80.1823994, 43.5480042], [-80.1821634, 43.5480808], [-80.1818882, 43.5480875], [-80.1809602, 43.5481169], [-80.1800464, 43.5482931], [-80.1798076, 43.5483783], [-80.1796801, 43.5484646], [-80.1791685, 43.5487013], [-80.1788481, 43.5488085], [-80.1785818, 43.5488257], [-80.1781238, 43.5489362], [-80.1779091, 43.5490617], [-80.1776721, 43.5492555], [-80.1769593, 43.5497282], [-80.176454, 43.5501736], [-80.176264, 43.5503755], [-80.1760099, 43.550774], [-80.1758796, 43.5508689], [-80.1751537, 43.5510775], [-80.174785, 43.5511042], [-80.1746094, 43.5511099], [-80.1745114, 43.5510298], [-80.1741818, 43.5509368], [-80.1738859, 43.5509309], [-80.1736588, 43.551018], [-80.1733088, 43.5512916], [-80.1732009, 43.5513181], [-80.1730129, 43.5512857], [-80.1723278, 43.5514833], [-80.1722148, 43.5515631], [-80.1720092, 43.5518887], [-80.1718523, 43.5521415], [-80.1715441, 43.5522869], [-80.17142, 43.5524009], [-80.171064, 43.5528449], [-80.1707346, 43.5529415], [-80.1702799, 43.5530796], [-80.1701434, 43.5531554], [-80.1701071, 43.5532665], [-80.1700735, 43.5539016], [-80.169742, 43.5542326], [-80.1695681, 43.554347], [-80.1685265, 43.5544199], [-80.1684314, 43.5545208], [-80.1684601, 43.5546612], [-80.1687878, 43.5551782], [-80.1690323, 43.5552656], [-80.168896, 43.5555309], [-80.1688696, 43.5560681], [-80.1689737, 43.5561673], [-80.1689823, 43.5563313], [-80.1688368, 43.5563964], [-80.1685526, 43.5563925], [-80.1685482, 43.556482], [-80.1684145, 43.5565492], [-80.1683775, 43.5564345], [-80.1680704, 43.5564627], [-80.1666892, 43.5567387], [-80.1663832, 43.5568393], [-80.1663707, 43.5573337], [-80.1664607, 43.5580083], [-80.1664819, 43.5585898], [-80.1664106, 43.559074], [-80.1663101, 43.5593817], [-80.1662212, 43.5595017], [-80.1660143, 43.5595653], [-80.1658794, 43.55956], [-80.165697, 43.5595105], [-80.1651872, 43.5595127], [-80.1650267, 43.5595482], [-80.1647213, 43.559685], [-80.1645372, 43.5597164], [-80.1641763, 43.5596811], [-80.1640341, 43.5595843], [-80.1639207, 43.5590953], [-80.1637405, 43.5590009], [-80.1635799, 43.5590364], [-80.1633256, 43.5594348], [-80.1630874, 43.5595562], [-80.1631042, 43.5596945], [-80.1632504, 43.5598552], [-80.1635224, 43.5600105], [-80.1635616, 43.5600805], [-80.1634974, 43.5602771], [-80.163497, 43.5604305], [-80.1634266, 43.5606079], [-80.1632594, 43.5607777], [-80.1630787, 43.5608367], [-80.1627771, 43.5608478], [-80.162386, 43.5609428], [-80.1617612, 43.5612591], [-80.1616052, 43.5613947], [-80.1614826, 43.5621499], [-80.1612353, 43.5622607], [-80.1608492, 43.5623023], [-80.1606965, 43.5622759], [-80.1604826, 43.5620945], [-80.1603209, 43.5620575], [-80.1601547, 43.5621101], [-80.1600714, 43.5622131], [-80.1600552, 43.5623006], [-80.1600472, 43.5628951], [-80.1596876, 43.5633114], [-80.1595993, 43.5634677], [-80.1595747, 43.5635808], [-80.1590853, 43.5639387], [-80.1585858, 43.5642135], [-80.1584203, 43.5644919], [-80.1583741, 43.5648992], [-80.1584807, 43.5655226], [-80.1588451, 43.5655855], [-80.1593986, 43.5657534], [-80.159918, 43.565798], [-80.1602801, 43.5659057], [-80.1606294, 43.5661286], [-80.1606373, 43.5662564], [-80.1598907, 43.5670212], [-80.1598405, 43.5673647], [-80.1600853, 43.5676417], [-80.1607391, 43.5680346], [-80.1609485, 43.5681159], [-80.1611947, 43.5681223], [-80.1612333, 43.5679665], [-80.1611212, 43.5677394], [-80.1608368, 43.5675458], [-80.160483, 43.5674125], [-80.1604638, 43.5671293], [-80.1616149, 43.5661906], [-80.16306, 43.5647699], [-80.1633744, 43.5646437], [-80.1637651, 43.5647021], [-80.1642997, 43.564966], [-80.1654219, 43.5653314], [-80.166202, 43.5653759], [-80.1663817, 43.565434], [-80.1675345, 43.566238], [-80.167848, 43.5664186], [-80.1683081, 43.5664168], [-80.1685039, 43.5663874], [-80.1687259, 43.5661639], [-80.1685528, 43.5659715], [-80.1667111, 43.5651478], [-80.1658721, 43.5649036], [-80.1645026, 43.5639267], [-80.1642322, 43.5636904], [-80.1639708, 43.5635287], [-80.1640117, 43.5633383], [-80.1640727, 43.5631729], [-80.1642675, 43.5629742], [-80.1647501, 43.562561], [-80.1650291, 43.562239], [-80.1653804, 43.5620379], [-80.1661287, 43.5622936], [-80.1674577, 43.563128], [-80.1675546, 43.5631357], [-80.1680839, 43.5623514], [-80.1685466, 43.562341], [-80.16889, 43.5627344], [-80.1676875, 43.5635649], [-80.167626, 43.5635633], [-80.1667504, 43.563051], [-80.1664009, 43.5633608], [-80.1674752, 43.5640248], [-80.1678175, 43.5638131], [-80.1712846, 43.566389], [-80.1723719, 43.565683], [-80.173528, 43.5668576], [-80.1737898, 43.5667403], [-80.1741173, 43.5663454], [-80.1740142, 43.566129], [-80.1738076, 43.5660392], [-80.1735289, 43.5660181], [-80.1734933, 43.5656328], [-80.1735889, 43.565568], [-80.1750858, 43.5660792], [-80.1757332, 43.5660736], [-80.1759267, 43.5658994], [-80.1759243, 43.5657545], [-80.1754857, 43.5652725], [-80.1750936, 43.5651978], [-80.1739291, 43.5648684], [-80.1734913, 43.5646982], [-80.174098, 43.5641575], [-80.1738374, 43.5637421], [-80.1741134, 43.563239], [-80.1743003, 43.5631991], [-80.1752642, 43.5635551], [-80.1756657, 43.5632], [-80.1732863, 43.5619316], [-80.1737422, 43.5616763], [-80.1715025, 43.5607028], [-80.1711332, 43.5606932], [-80.1709476, 43.5608055], [-80.1703349, 43.5615032], [-80.1699523, 43.5617622], [-80.1694497, 43.562199], [-80.1693355, 43.5622064], [-80.1683123, 43.561804], [-80.1678255, 43.5617741], [-80.1673942, 43.5619163], [-80.1672026, 43.5616665], [-80.1684726, 43.560667], [-80.1702676, 43.559352], [-80.170909, 43.5587946], [-80.1704935, 43.5584701], [-80.1697166, 43.5580741], [-80.1696029, 43.5579281], [-80.1701009, 43.5579238], [-80.1703544, 43.5580218], [-80.1709374, 43.5580231], [-80.1713955, 43.5584453], [-80.1714693, 43.5584851], [-80.1726944, 43.558155], [-80.1732755, 43.5578581], [-80.1726522, 43.5571817], [-80.1737157, 43.5564716], [-80.1748321, 43.5558582], [-80.1749409, 43.5557984], [-80.1767067, 43.557006], [-80.1780741, 43.5558969], [-80.1789979, 43.5554244], [-80.1830406, 43.5522403], [-80.1827526, 43.5518295], [-80.1827441, 43.5516655], [-80.1842211, 43.5502955], [-80.1841098, 43.5502943], [-80.1833197, 43.5496344], [-80.1832034, 43.5496866], [-80.1815037, 43.5510543], [-80.1812719, 43.5508518], [-80.1801224, 43.5504187], [-80.1793907, 43.5509875], [-80.1787189, 43.5505736], [-80.1788538, 43.5505788], [-80.1795349, 43.5503173], [-80.1811339, 43.5499433], [-80.1828364, 43.5496323], [-80.1838253, 43.5490356], [-80.1852569, 43.5500499], [-80.1856934, 43.549701], [-80.1857927, 43.5495105], [-80.1861118, 43.5496739], [-80.1865006, 43.5501562], [-80.1866926, 43.5502525], [-80.1868416, 43.5504046], [-80.1871786, 43.5505891], [-80.1871346, 43.550762], [-80.1864762, 43.5508019], [-80.1858785, 43.5511502], [-80.1855418, 43.5511553], [-80.185142, 43.5508967], [-80.1849055, 43.5509371], [-80.1843498, 43.5513468], [-80.1840071, 43.552055], [-80.1846777, 43.5523964], [-80.1859508, 43.5526792], [-80.1861898, 43.5527836], [-80.1864577, 43.5526854], [-80.1886478, 43.5535138], [-80.1891777, 43.5531366], [-80.1897401, 43.5527822], [-80.1907528, 43.5520361], [-80.1906196, 43.5519499], [-80.1901433, 43.5521928], [-80.1899519, 43.5521327], [-80.1897861, 43.5520319], [-80.1896965, 43.5519261], [-80.189978, 43.5515956], [-80.1899657, 43.5515573], [-80.1897928, 43.5515546], [-80.189834, 43.5513902], [-80.1900134, 43.5512586], [-80.1901455, 43.5512724], [-80.1903492, 43.5513707], [-80.1905375, 43.5515928], [-80.1907267, 43.5516976], [-80.1908878, 43.5516983], [-80.1910298, 43.5516054], [-80.1911124, 43.5514662], [-80.1910249, 43.5513157], [-80.1895405, 43.5506535], [-80.188946, 43.5503072], [-80.1886247, 43.5501886], [-80.1885096, 43.5503132], [-80.1883497, 43.5503849], [-80.188103, 43.5503423], [-80.1879126, 43.5501651], [-80.187899, 43.5500544], [-80.1881222, 43.5495603], [-80.1875085, 43.5491204], [-80.1892135, 43.5477657], [-80.1897427, 43.548018], [-80.1895924, 43.5481971], [-80.1909814, 43.5489743], [-80.1915978, 43.5493656], [-80.1927454, 43.5495768], [-80.1935662, 43.549728], [-80.1941887, 43.5493257], [-80.1937992, 43.5490096], [-80.1936117, 43.5490485], [-80.1926356, 43.5488893], [-80.1920145, 43.548669], [-80.1931308, 43.5479409], [-80.1936477, 43.5479506], [-80.1949548, 43.5488195], [-80.1957467, 43.5482542], [-80.1968332, 43.5474699], [-80.1971814, 43.5472457]]], [[[-80.2753038, 43.5834493], [-80.2752154, 43.5833733], [-80.2752684, 43.5832727], [-80.2752749, 43.5831778], [-80.275148, 43.583057], [-80.2750659, 43.5830031], [-80.2748981, 43.582965], [-80.2748147, 43.5830023], [-80.2746488, 43.5828703], [-80.2746246, 43.5827823], [-80.2742874, 43.5824778], [-80.2741785, 43.5821649], [-80.2740922, 43.5818924], [-80.2740753, 43.5816155], [-80.2741169, 43.5814873], [-80.2742179, 43.5814053], [-80.2743412, 43.5812549], [-80.2743226, 43.5809294], [-80.2742684, 43.580952], [-80.2741855, 43.5810143], [-80.274191, 43.5809068], [-80.2741992, 43.5807841], [-80.2741195, 43.580522], [-80.2740311, 43.5803007], [-80.274019, 43.5802116], [-80.274185, 43.5797841], [-80.2743353, 43.579512], [-80.2744018, 43.5793068], [-80.2743777, 43.5791131], [-80.2743404, 43.5789984], [-80.2740058, 43.5784988], [-80.2739679, 43.5783479], [-80.2740109, 43.5781387], [-80.2736504, 43.5783912], [-80.2735451, 43.578465], [-80.2734747, 43.5792562], [-80.2733729, 43.5794553], [-80.2731874, 43.579568], [-80.2729388, 43.5799135], [-80.2731014, 43.5809432], [-80.2728792, 43.5811307], [-80.2726522, 43.5812182], [-80.2728333, 43.5815019], [-80.2729409, 43.582089], [-80.2730038, 43.582163], [-80.2732052, 43.5821162], [-80.2732456, 43.5816087], [-80.273445, 43.5815133], [-80.2734955, 43.5814891], [-80.2739555, 43.5817935], [-80.2740658, 43.5825255], [-80.2748401, 43.58366], [-80.274712, 43.5838637], [-80.2746411, 43.5855755], [-80.2742977, 43.5858686], [-80.2740096, 43.5862976], [-80.273925, 43.5864817], [-80.2734791, 43.5869378], [-80.273073, 43.58758], [-80.2725291, 43.5883423], [-80.272373, 43.5886202], [-80.2722178, 43.5888962], [-80.2721075, 43.5890134], [-80.271963, 43.5890526], [-80.2704866, 43.5880523], [-80.2704447, 43.5880537], [-80.2703888, 43.588078], [-80.2704915, 43.5881498], [-80.2708184, 43.5884033], [-80.2719321, 43.5892672], [-80.2722027, 43.5894366], [-80.2723986, 43.5895417], [-80.2723645, 43.5897615], [-80.2721677, 43.5902151], [-80.2719489, 43.5905257], [-80.2717535, 43.5908031], [-80.2715374, 43.5912204], [-80.2714874, 43.5913171], [-80.2686038, 43.5892318], [-80.2678368, 43.5886771], [-80.2671523, 43.5881821], [-80.2681876, 43.5872494], [-80.2680933, 43.5865833], [-80.2678244, 43.5864129], [-80.2677081, 43.5863393], [-80.267449, 43.5862352], [-80.2670399, 43.5861236], [-80.2668556, 43.5860733], [-80.2666778, 43.5860733], [-80.2662452, 43.5860734], [-80.2654433, 43.5860734], [-80.2630682, 43.5860737], [-80.2620962, 43.5858167], [-80.2616216, 43.5857411], [-80.2606916, 43.5855929], [-80.2586797, 43.5850953], [-80.2570195, 43.5843953], [-80.2568106, 43.5843504], [-80.2575509, 43.5837127], [-80.2574953, 43.5836891], [-80.2571261, 43.5835325], [-80.2570552, 43.583576], [-80.2568333, 43.5837122], [-80.256671, 43.583957], [-80.2562776, 43.5842577], [-80.2559575, 43.584186], [-80.2558138, 43.5838185], [-80.2560075, 43.5832652], [-80.2559086, 43.5830286], [-80.2556136, 43.5829129], [-80.2553808, 43.5829014], [-80.2551166, 43.5828689], [-80.2549438, 43.582716], [-80.2547472, 43.5826162], [-80.2544759, 43.5825734], [-80.2541688, 43.5826274], [-80.2536635, 43.5825191], [-80.2533599, 43.5827104], [-80.2531401, 43.5825967], [-80.2526262, 43.5829734], [-80.2524917, 43.5830531], [-80.2523508, 43.5830964], [-80.2522992, 43.5830677], [-80.2523132, 43.5829884], [-80.2525179, 43.5828696], [-80.2522244, 43.5826702], [-80.2519766, 43.5824657], [-80.2516299, 43.5821796], [-80.2515663, 43.5821383], [-80.2509094, 43.5817121], [-80.2508668, 43.5816844], [-80.2499599, 43.5810157], [-80.2499028, 43.5809791], [-80.249506, 43.5812573], [-80.2500886, 43.5816602], [-80.2503089, 43.5819046], [-80.2501474, 43.5821616], [-80.248538, 43.5833186], [-80.2480506, 43.5836869], [-80.2479663, 43.5837052], [-80.2478646, 43.5836737], [-80.2477447, 43.5836783], [-80.247638, 43.5837112], [-80.2475417, 43.5837408], [-80.2475271, 43.5837542], [-80.247525, 43.5837851], [-80.2475255, 43.5838232], [-80.2475149, 43.5838433], [-80.2474911, 43.5838637], [-80.24743, 43.5838604], [-80.246816, 43.5837353], [-80.2462863, 43.5833358], [-80.2461813, 43.5831478], [-80.2460165, 43.5830582], [-80.2459383, 43.5829642], [-80.2458036, 43.5829202], [-80.245733, 43.5831439], [-80.2457905, 43.5832192], [-80.24724, 43.5841866], [-80.2472866, 43.5843258], [-80.2471234, 43.5845524], [-80.2466066, 43.5848376], [-80.2452372, 43.584856], [-80.2452089, 43.5848564], [-80.2449045, 43.5848605], [-80.2438897, 43.5848741], [-80.2433888, 43.5848808], [-80.2423825, 43.5847555], [-80.2421086, 43.5847214], [-80.2415953, 43.5846808], [-80.241441, 43.5846642], [-80.2413684, 43.5845721], [-80.2413809, 43.5844533], [-80.2414701, 43.5843305], [-80.2416129, 43.5842418], [-80.2417903, 43.584133], [-80.2418482, 43.5841276], [-80.2420264, 43.583767], [-80.2420823, 43.5837442], [-80.2419282, 43.5836069], [-80.2418064, 43.5837247], [-80.2417166, 43.5838054], [-80.2416151, 43.5839067], [-80.2414807, 43.5840184], [-80.2413835, 43.5840667], [-80.241231, 43.5841043], [-80.2410805, 43.5841202], [-80.2409531, 43.5841173], [-80.2407748, 43.5841151], [-80.2406552, 43.5841048], [-80.2405089, 43.584066], [-80.2401444, 43.5839204], [-80.2392945, 43.5835577], [-80.2390517, 43.5834196], [-80.2389689, 43.5833377], [-80.2386624, 43.5833442], [-80.2385586, 43.583365], [-80.2384762, 43.5833518], [-80.2374529, 43.58293], [-80.236945, 43.5826809], [-80.2366132, 43.5825017], [-80.2364377, 43.5824904], [-80.2363707, 43.582531], [-80.2364201, 43.5826309], [-80.2365806, 43.5827302], [-80.2368314, 43.5827795], [-80.2379642, 43.5833251], [-80.2381238, 43.5834682], [-80.2382278, 43.5836018], [-80.2382667, 43.5837048], [-80.2382148, 43.5837927], [-80.2381076, 43.5839787], [-80.238074, 43.5840216], [-80.2380328, 43.5840303], [-80.2379832, 43.5840138], [-80.2379493, 43.5839804], [-80.2379076, 43.5839232], [-80.2378073, 43.5838858], [-80.2376701, 43.5838861], [-80.2373226, 43.5840641], [-80.2372083, 43.5841076], [-80.2370908, 43.5841172], [-80.2369452, 43.5840886], [-80.2368439, 43.584106], [-80.2368025, 43.5841755], [-80.2368168, 43.5842488], [-80.2367624, 43.5843191], [-80.2366925, 43.5843715], [-80.2366217, 43.5843997], [-80.2365589, 43.5844017], [-80.2359057, 43.5841453], [-80.2354793, 43.5840391], [-80.2346942, 43.5837381], [-80.2346448, 43.5837519], [-80.2346134, 43.5837799], [-80.2345953, 43.5838169], [-80.2347068, 43.5838481], [-80.2348068, 43.5839], [-80.234907, 43.5839656], [-80.2349254, 43.5839942], [-80.2348912, 43.5840293], [-80.2348388, 43.584042], [-80.2347224, 43.5840397], [-80.234636, 43.5840142], [-80.2345885, 43.5840109], [-80.2345296, 43.5840051], [-80.2344741, 43.5840221], [-80.2344552, 43.5840326], [-80.2344296, 43.5840335], [-80.2344111, 43.5840202], [-80.2343845, 43.5840133], [-80.2343448, 43.5840165], [-80.2341042, 43.5841824], [-80.2338605, 43.5843262], [-80.2338681, 43.5843539], [-80.2339014, 43.5843806], [-80.233937, 43.5843783], [-80.2339746, 43.5843641], [-80.2340313, 43.5843303], [-80.2340782, 43.584285], [-80.2341119, 43.584247], [-80.2341736, 43.5842159], [-80.2342661, 43.5842057], [-80.2343714, 43.5842041], [-80.2345032, 43.5842214], [-80.2346514, 43.5842588], [-80.2347552, 43.5842977], [-80.2348449, 43.5843451], [-80.234889, 43.5844478], [-80.2348473, 43.5845562], [-80.2347259, 43.5846744], [-80.2346628, 43.5847642], [-80.2346285, 43.5848371], [-80.2345801, 43.5848958], [-80.2345021, 43.5849352], [-80.2343868, 43.5850003], [-80.2342909, 43.5850486], [-80.2341907, 43.585108], [-80.2339699, 43.5852389], [-80.233427, 43.5848482], [-80.2333229, 43.5849027], [-80.2332122, 43.5849353], [-80.2332178, 43.5849953], [-80.2332654, 43.5850697], [-80.233349, 43.5852651], [-80.2333055, 43.5853714], [-80.2332389, 43.5854289], [-80.2331705, 43.5854631], [-80.2330467, 43.585491], [-80.2329202, 43.5854526], [-80.2328229, 43.5853888], [-80.2326866, 43.5851864], [-80.2318344, 43.5857846], [-80.2303675, 43.5868711], [-80.2296652, 43.5873349], [-80.2271368, 43.5891504], [-80.227212, 43.5892103], [-80.2286667, 43.5881359], [-80.2290417, 43.5878589], [-80.2297817, 43.5874106], [-80.2299656, 43.5875302], [-80.2300601, 43.587597], [-80.2301762, 43.5876055], [-80.2303007, 43.5875409], [-80.2304294, 43.5874841], [-80.2305658, 43.5874754], [-80.2308844, 43.587589], [-80.2313382, 43.5877914], [-80.2317773, 43.5879757], [-80.2322989, 43.5882081], [-80.2328171, 43.588455], [-80.2333008, 43.5887387], [-80.2343497, 43.5894988], [-80.2344876, 43.5896129], [-80.2345401, 43.5896749], [-80.2346052, 43.5896989], [-80.2347644, 43.5897973], [-80.2348933, 43.5898532], [-80.2349771, 43.5899123], [-80.2350354, 43.589961], [-80.2350703, 43.5899287], [-80.2348484, 43.5897335], [-80.2348621, 43.5896754], [-80.2349329, 43.589595], [-80.235043, 43.5895761], [-80.235153, 43.5895236], [-80.235238, 43.5894409], [-80.2353479, 43.589387], [-80.2353433, 43.5893173], [-80.2353371, 43.5892971], [-80.2353454, 43.58929], [-80.2353894, 43.5892997], [-80.2356933, 43.5893747], [-80.2370167, 43.5898826], [-80.2376394, 43.5899301], [-80.2378342, 43.5898575], [-80.2379612, 43.5898292], [-80.2380759, 43.5897636], [-80.2382676, 43.5896577], [-80.2383384, 43.5896185], [-80.2383645, 43.5895732], [-80.2383542, 43.5895227], [-80.2383099, 43.5894809], [-80.2382545, 43.5894003], [-80.2382596, 43.5893373], [-80.2382916, 43.5892863], [-80.2382203, 43.5893421], [-80.2380997, 43.5894363], [-80.2380457, 43.5894411], [-80.2380123, 43.5894276], [-80.2380089, 43.5894234], [-80.2380106, 43.5894191], [-80.2380333, 43.5894068], [-80.2380406, 43.5893998], [-80.2380497, 43.5893727], [-80.2380459, 43.5893512], [-80.2380343, 43.5893479], [-80.2380219, 43.5893506], [-80.2379986, 43.5893661], [-80.2378885, 43.5894394], [-80.2378822, 43.5894502], [-80.2378848, 43.5894614], [-80.237926, 43.5894916], [-80.2379571, 43.5895126], [-80.2379425, 43.5895334], [-80.237852, 43.5895261], [-80.2377092, 43.589619], [-80.2376719, 43.5896384], [-80.2376483, 43.5896442], [-80.2376126, 43.5896435], [-80.2375818, 43.5896402], [-80.2375664, 43.589626], [-80.2375533, 43.5896176], [-80.2375398, 43.5896136], [-80.2375259, 43.5896113], [-80.2375135, 43.5896143], [-80.2374965, 43.5896219], [-80.2374736, 43.5896224], [-80.2374579, 43.5896142], [-80.2374505, 43.5896045], [-80.2374545, 43.5895932], [-80.2374544, 43.5895824], [-80.2374472, 43.5895759], [-80.237372, 43.5895262], [-80.2372945, 43.5894871], [-80.2371147, 43.5893964], [-80.2370493, 43.5893398], [-80.2369306, 43.5892372], [-80.2369111, 43.5890697], [-80.2368458, 43.5889761], [-80.2367555, 43.588915], [-80.2365839, 43.5888525], [-80.236465, 43.5887852], [-80.2363797, 43.5886789], [-80.2363173, 43.5885891], [-80.235897, 43.5883019], [-80.2358999, 43.5882638], [-80.2358831, 43.5882279], [-80.2358404, 43.5881961], [-80.2344888, 43.5878474], [-80.2343891, 43.5877732], [-80.2343831, 43.5876497], [-80.2344195, 43.5875361], [-80.2345756, 43.5874636], [-80.2349999, 43.5873532], [-80.2355232, 43.5874717], [-80.2363157, 43.5874498], [-80.2366444, 43.5873552], [-80.2368171, 43.5872183], [-80.2369212, 43.5872414], [-80.2370378, 43.5872653], [-80.2374153, 43.5872306], [-80.2384075, 43.5871395], [-80.2397842, 43.5869156], [-80.2406969, 43.5869731], [-80.2409476, 43.5871291], [-80.2409282, 43.5872637], [-80.2400158, 43.5882934], [-80.2399842, 43.5883542], [-80.2400539, 43.5883711], [-80.2401245, 43.588328], [-80.2411145, 43.587243], [-80.2411783, 43.5871731], [-80.2415523, 43.5869395], [-80.242026, 43.587379], [-80.2426309, 43.5878172], [-80.2430166, 43.588173], [-80.2433801, 43.587675], [-80.2441432, 43.5866931], [-80.2444474, 43.5867055], [-80.2446251, 43.5868082], [-80.2437994, 43.5878213], [-80.2449, 43.5886009], [-80.2451292, 43.5887632], [-80.24537, 43.5889338], [-80.2456375, 43.5891232], [-80.245921, 43.589324], [-80.2452511, 43.5898257], [-80.2460837, 43.5903627], [-80.2469179, 43.5903332], [-80.247587, 43.5903125], [-80.2484691, 43.5904244], [-80.2487592, 43.5904578], [-80.2489674, 43.5904522], [-80.2490384, 43.5902073], [-80.2490819, 43.5899984], [-80.2491991, 43.5899477], [-80.2493534, 43.5898758], [-80.2494669, 43.5898066], [-80.2495578, 43.5898101], [-80.2496661, 43.5898757], [-80.2497074, 43.5899856], [-80.2496385, 43.5901237], [-80.2495065, 43.5901489], [-80.2494539, 43.590159], [-80.2493601, 43.5902981], [-80.2492435, 43.5904473], [-80.2493719, 43.5905524], [-80.2496512, 43.5906675], [-80.2501339, 43.5908687], [-80.2497585, 43.5909185], [-80.2495439, 43.5908219], [-80.2493396, 43.5907489], [-80.2491325, 43.5907827], [-80.2490658, 43.5908982], [-80.2496045, 43.5911916], [-80.2506352, 43.5917231], [-80.2509153, 43.5918648], [-80.2516293, 43.5920934], [-80.2517694, 43.5921086], [-80.2520628, 43.5920431], [-80.2521115, 43.5920475], [-80.2521327, 43.5920607], [-80.2521027, 43.5921047], [-80.2519363, 43.592182], [-80.2518971, 43.5922262], [-80.2518847, 43.5923329], [-80.2518313, 43.5924746], [-80.2517344, 43.592524], [-80.2519783, 43.5926081], [-80.2523576, 43.5926465], [-80.2525628, 43.5925102], [-80.2535284, 43.5922343], [-80.2538864, 43.5921502], [-80.2542043, 43.5917914], [-80.2544366, 43.5918537], [-80.2552235, 43.5909832], [-80.2545257, 43.5905942], [-80.2529278, 43.5897036], [-80.2523655, 43.5893195], [-80.2531308, 43.588837], [-80.2533716, 43.5888603], [-80.2539898, 43.5886775], [-80.255649, 43.5889983], [-80.2563092, 43.5890303], [-80.2578277, 43.5888666], [-80.2578727, 43.5889194], [-80.2572333, 43.5895499], [-80.2572879, 43.5896496], [-80.2582796, 43.5896933], [-80.2583735, 43.5898629], [-80.2592229, 43.5904599], [-80.259244, 43.5908156], [-80.2594548, 43.5909802], [-80.2589302, 43.5913549], [-80.258131, 43.5917989], [-80.2576841, 43.5922674], [-80.2594625, 43.5928829], [-80.2610737, 43.5934041], [-80.2611809, 43.5934947], [-80.2616917, 43.5931812], [-80.2624093, 43.5928478], [-80.2631703, 43.5932581], [-80.26386, 43.592999], [-80.26441, 43.5927924], [-80.2649889, 43.5929179], [-80.2652031, 43.5931849], [-80.2652705, 43.5932689], [-80.2652988, 43.5935736], [-80.2659786, 43.5937803], [-80.2668631, 43.5937538], [-80.2675636, 43.5936503], [-80.2675235, 43.5935441], [-80.2684985, 43.5933922], [-80.2689729, 43.5934405], [-80.2690891, 43.5935417], [-80.2690343, 43.5937489], [-80.2699809, 43.5930898], [-80.2706311, 43.5925784], [-80.2713494, 43.5917808], [-80.2716007, 43.5915802], [-80.2718438, 43.5914052], [-80.2721774, 43.5913721], [-80.2726135, 43.5911761], [-80.2729687, 43.5908849], [-80.2730341, 43.5903004], [-80.2732478, 43.5894886], [-80.2733472, 43.5886843], [-80.2736514, 43.5881678], [-80.2737409, 43.587939], [-80.2741888, 43.587524], [-80.2742658, 43.5872298], [-80.2744635, 43.586876], [-80.2747893, 43.5865463], [-80.2749471, 43.5863536], [-80.2750463, 43.5860872], [-80.2751346, 43.5858762], [-80.2750747, 43.5856923], [-80.2750181, 43.5856807], [-80.2749454, 43.585728], [-80.2748617, 43.5859154], [-80.2748134, 43.5858617], [-80.2748821, 43.5854215], [-80.2750268, 43.5850626], [-80.2751961, 43.5843406], [-80.2752814, 43.5841561], [-80.2752771, 43.5840285], [-80.2751948, 43.5839101], [-80.2751732, 43.5837416], [-80.2751143, 43.5835572], [-80.2751391, 43.5835072], [-80.2752061, 43.583487], [-80.2753038, 43.5834493]]], [[[-80.2450508, 43.5338037], [-80.244383, 43.5332626], [-80.2448714, 43.5329044], [-80.244379, 43.532549], [-80.2438111, 43.5328846], [-80.2434616, 43.532662], [-80.2430112, 43.5330178], [-80.2446101, 43.5341905], [-80.2450508, 43.5338037]]], [[[-80.3365792, 43.5311472], [-80.3365086, 43.5309818], [-80.3360591, 43.5307607], [-80.3354153, 43.530335], [-80.3338922, 43.529714], [-80.3330828, 43.5296479], [-80.3325994, 43.5291864], [-80.3322785, 43.5289512], [-80.331731, 43.5288035], [-80.3307641, 43.5287646], [-80.3305905, 43.5285726], [-80.3306034, 43.5283403], [-80.3300599, 43.5279497], [-80.3286566, 43.5274573], [-80.32798, 43.5274409], [-80.3268741, 43.5273332], [-80.3245617, 43.5263155], [-80.3242753, 43.5257433], [-80.3235758, 43.5254523], [-80.3233303, 43.5251758], [-80.323663, 43.5242222], [-80.3242323, 43.5239948], [-80.3248819, 43.5226353], [-80.3262308, 43.5211068], [-80.3259237, 43.5208396], [-80.32565, 43.5206015], [-80.3255705, 43.5205789], [-80.3247646, 43.5215778], [-80.3235316, 43.5227473], [-80.3227459, 43.5243361], [-80.3224157, 43.5245142], [-80.3222609, 43.5245329], [-80.3221359, 43.524728], [-80.3218014, 43.5248422], [-80.3217702, 43.5245933], [-80.3216734, 43.5244324], [-80.3211241, 43.5246362], [-80.3203401, 43.5240691], [-80.3200215, 43.5240399], [-80.3193166, 43.5239753], [-80.3186435, 43.5239865], [-80.318593, 43.5239508], [-80.3188258, 43.5235756], [-80.3186391, 43.5234625], [-80.3177202, 43.5240812], [-80.3173947, 43.5240526], [-80.3170444, 43.5244077], [-80.3166125, 43.5243248], [-80.3167824, 43.5240291], [-80.316358, 43.523731], [-80.3161279, 43.5239442], [-80.3158805, 43.5238658], [-80.3156151, 43.5240731], [-80.3154702, 43.5239438], [-80.3152398, 43.5237382], [-80.3143987, 43.5235402], [-80.3134152, 43.523399], [-80.313161, 43.5235721], [-80.3124637, 43.5236964], [-80.3120503, 43.5230573], [-80.3115928, 43.5229766], [-80.3114457, 43.5229469], [-80.3112182, 43.5228698], [-80.311084, 43.5228755], [-80.3100659, 43.5234482], [-80.3101517, 43.5235171], [-80.3094147, 43.5239289], [-80.309111, 43.5239279], [-80.3085363, 43.5238547], [-80.3070311, 43.5235878], [-80.305896, 43.5234734], [-80.3050391, 43.5233356], [-80.3045618, 43.5233636], [-80.3037249, 43.5236895], [-80.3034782, 43.5236473], [-80.3032129, 43.523626], [-80.3030748, 43.5237009], [-80.3030133, 43.5237261], [-80.3025479, 43.5239399], [-80.302255, 43.5241589], [-80.302508, 43.5243845], [-80.3020549, 43.5246575], [-80.3024155, 43.5249658], [-80.302789, 43.5249242], [-80.3028809, 43.5248702], [-80.302934, 43.5249202], [-80.3034493, 43.5248874], [-80.303506, 43.5249584], [-80.3036267, 43.5249545], [-80.3042167, 43.5248884], [-80.3046754, 43.5248378], [-80.3048764, 43.5251136], [-80.3046341, 43.5251339], [-80.3042623, 43.525147], [-80.3035198, 43.5252062], [-80.3035039, 43.5252937], [-80.3036075, 43.5255099], [-80.304213, 43.5260917], [-80.3045586, 43.5262501], [-80.3048855, 43.5263512], [-80.3048116, 43.5267716], [-80.3043672, 43.5268038], [-80.3010532, 43.5272741], [-80.3009813, 43.5271896], [-80.3014144, 43.5269516], [-80.3008571, 43.5269873], [-80.300756, 43.5269384], [-80.3006086, 43.5268268], [-80.3004998, 43.5266923], [-80.3002723, 43.526751], [-80.2999652, 43.5268341], [-80.2998164, 43.52683], [-80.2996628, 43.5267465], [-80.2994474, 43.5269506], [-80.3002845, 43.5274085], [-80.3011184, 43.5279702], [-80.3017001, 43.527881], [-80.3022233, 43.5278353], [-80.303439, 43.527872], [-80.3035171, 43.5279756], [-80.3044384, 43.5280791], [-80.3067645, 43.5282116], [-80.3069722, 43.5281684], [-80.3074037, 43.5280787], [-80.3079889, 43.5280281], [-80.3080234, 43.5281513], [-80.3095723, 43.5283081], [-80.3119212, 43.52668], [-80.312629, 43.5270988], [-80.313007, 43.5268116], [-80.3127325, 43.5265482], [-80.313863, 43.5258123], [-80.3142493, 43.5256528], [-80.3168216, 43.5275543], [-80.3166261, 43.5278907], [-80.3174438, 43.5282381], [-80.3175258, 43.5282368], [-80.3178813, 43.527933], [-80.316677, 43.5270424], [-80.3212065, 43.5251104], [-80.3225554, 43.5262702], [-80.3223875, 43.5263678], [-80.3221146, 43.5266369], [-80.3221244, 43.5268371], [-80.3224244, 43.5270598], [-80.3227603, 43.527018], [-80.3230395, 43.5269213], [-80.3234461, 43.5275051], [-80.3233647, 43.5276806], [-80.3228251, 43.5280846], [-80.3221714, 43.5283427], [-80.3217104, 43.5284263], [-80.3212074, 43.5287553], [-80.3209511, 43.5289731], [-80.3211427, 43.5293397], [-80.3218229, 43.5296905], [-80.322649, 43.5300122], [-80.3229221, 43.5300498], [-80.3234688, 43.5300079], [-80.3239283, 43.5298519], [-80.3249699, 43.5298134], [-80.32544, 43.5300471], [-80.3252268, 43.5306584], [-80.3255371, 43.5306406], [-80.3257783, 43.5306912], [-80.326106, 43.5307113], [-80.3263009, 43.5305103], [-80.3264269, 43.5303685], [-80.3265936, 43.5303211], [-80.3268274, 43.5304036], [-80.3269635, 43.5306041], [-80.3272317, 43.5306362], [-80.3275394, 43.5304961], [-80.3276408, 43.5301436], [-80.3276551, 43.5298303], [-80.3277885, 43.5297628], [-80.3282282, 43.5299372], [-80.329102, 43.5301496], [-80.3291423, 43.5305625], [-80.3288861, 43.5309337], [-80.3288843, 43.5313165], [-80.3290511, 43.5314693], [-80.3289615, 43.53169], [-80.3287505, 43.53193], [-80.3290583, 43.5322442], [-80.329431, 43.5324342], [-80.3295741, 43.5325669], [-80.3308143, 43.5317746], [-80.3308891, 43.5316443], [-80.3312165, 43.5315123], [-80.3319396, 43.5316538], [-80.3319587, 43.5312872], [-80.3324148, 43.5312569], [-80.3325331, 43.5313132], [-80.3345257, 43.5321317], [-80.334675, 43.5321301], [-80.3351242, 43.5320444], [-80.3355083, 43.5317762], [-80.3360164, 43.531854], [-80.3363979, 43.5317477], [-80.336505, 43.5316848], [-80.3365792, 43.5311472]], [[-80.3072589, 43.5269108], [-80.3071771, 43.5270416], [-80.3068883, 43.5271177], [-80.3066777, 43.5269006], [-80.3064489, 43.5268082], [-80.3059706, 43.5267535], [-80.3059546, 43.5266303], [-80.3059429, 43.5264095], [-80.3067916, 43.5263617], [-80.307157, 43.526502], [-80.3072589, 43.5269108]]], [[[-80.3072589, 43.5269108], [-80.307157, 43.526502], [-80.3067916, 43.5263617], [-80.3059429, 43.5264095], [-80.3059546, 43.5266303], [-80.3059706, 43.5267535], [-80.3064489, 43.5268082], [-80.3066777, 43.5269006], [-80.3068883, 43.5271177], [-80.3071771, 43.5270416], [-80.3072589, 43.5269108]]], [[[-80.3197164, 43.5292739], [-80.3194118, 43.5290515], [-80.3177621, 43.5301157], [-80.3179326, 43.530397], [-80.3197164, 43.5292739]]], [[[-80.2629619, 43.5263831], [-80.2627084, 43.5262855], [-80.2619822, 43.5257479], [-80.2617197, 43.5256624], [-80.2614744, 43.5255156], [-80.2613715, 43.5260763], [-80.2613049, 43.5263765], [-80.261625, 43.526307], [-80.2629307, 43.5264295], [-80.2629619, 43.5263831]]], [[[-80.2641788, 43.522324], [-80.2641754, 43.5221335], [-80.2641231, 43.5219268], [-80.263888, 43.5220677], [-80.2636764, 43.5222287], [-80.2632615, 43.5225906], [-80.2630913, 43.5228862], [-80.2630704, 43.523027], [-80.2641788, 43.522324]]], [[[-80.2642078, 43.5205514], [-80.264152, 43.5203794], [-80.2639601, 43.5201299], [-80.2638442, 43.5198754], [-80.2638452, 43.5194514], [-80.2638617, 43.5194213], [-80.2639359, 43.5192865], [-80.2640011, 43.519009], [-80.2641413, 43.5181939], [-80.2641363, 43.5175975], [-80.2637981, 43.5162311], [-80.2637132, 43.5160722], [-80.2635219, 43.5160123], [-80.2632505, 43.5157401], [-80.2631818, 43.5161434], [-80.263645, 43.516665], [-80.2636355, 43.5182244], [-80.2632051, 43.5188633], [-80.262719, 43.5193303], [-80.2625585, 43.5195193], [-80.2622364, 43.5196715], [-80.2620771, 43.5200863], [-80.2618246, 43.5203678], [-80.2619652, 43.5208521], [-80.2626759, 43.521299], [-80.2628292, 43.5213614], [-80.2629383, 43.5215606], [-80.262922, 43.5219548], [-80.2626311, 43.5223679], [-80.262523, 43.5229091], [-80.2624911, 43.5230558], [-80.2624335, 43.5231983], [-80.2623643, 43.5233675], [-80.2622897, 43.5235499], [-80.2622741, 43.5236199], [-80.2622949, 43.5236548], [-80.2622799, 43.5237088], [-80.2622549, 43.5238571], [-80.2623423, 43.5237253], [-80.2626307, 43.5233124], [-80.262763, 43.5228659], [-80.2630329, 43.522416], [-80.2632604, 43.5222114], [-80.2632709, 43.522141], [-80.2633093, 43.5221103], [-80.2633545, 43.5220742], [-80.263593, 43.5219888], [-80.2639961, 43.5217783], [-80.2641199, 43.5216642], [-80.2641967, 43.521542], [-80.2642078, 43.5205514]]], [[[-80.2684743, 43.5195151], [-80.2681267, 43.5195547], [-80.2680674, 43.5196601], [-80.2680755, 43.5199404], [-80.2678279, 43.5200178], [-80.2677509, 43.5204467], [-80.2674976, 43.5208454], [-80.2673962, 43.5212306], [-80.2673471, 43.5215384], [-80.2671795, 43.5218196], [-80.2670454, 43.5217584], [-80.267002, 43.5217252], [-80.2669693, 43.5216675], [-80.2669969, 43.5214888], [-80.2667656, 43.5214597], [-80.2667414, 43.5216279], [-80.2669765, 43.5217279], [-80.2670295, 43.5218394], [-80.2670014, 43.5219868], [-80.2667128, 43.5219683], [-80.2666845, 43.5221286], [-80.2668615, 43.5226012], [-80.2671995, 43.5227121], [-80.2673336, 43.522397], [-80.2675755, 43.5221847], [-80.2683985, 43.5202734], [-80.2684653, 43.5198317], [-80.2684743, 43.5195151]]], [[[-80.2595243, 43.5163725], [-80.2594726, 43.5162644], [-80.2590944, 43.5157482], [-80.2587962, 43.5154444], [-80.2586637, 43.5152412], [-80.2586472, 43.5151391], [-80.2587855, 43.5150185], [-80.2587856, 43.5148651], [-80.2587325, 43.5148379], [-80.2584575, 43.5148448], [-80.2582903, 43.5148251], [-80.2581888, 43.5147175], [-80.25811, 43.514731], [-80.2581525, 43.5151353], [-80.258457, 43.5153049], [-80.258461, 43.5155222], [-80.2583483, 43.5156021], [-80.2583134, 43.5159389], [-80.2584273, 43.5160848], [-80.2586968, 43.516095], [-80.258861, 43.5162766], [-80.2589318, 43.5167851], [-80.2593898, 43.5168637], [-80.2595108, 43.5167582], [-80.2595243, 43.5163725]]], [[[-80.2617491, 43.5149409], [-80.2616186, 43.5148463], [-80.261421, 43.5147673], [-80.260937, 43.5143864], [-80.2608911, 43.5139544], [-80.2604274, 43.5132432], [-80.2601318, 43.5130841], [-80.2599682, 43.5129387], [-80.2595416, 43.5124955], [-80.2594512, 43.5123537], [-80.2592586, 43.5122213], [-80.2589721, 43.5119195], [-80.2587286, 43.5115619], [-80.2585857, 43.511429], [-80.2582666, 43.511266], [-80.2580409, 43.5110828], [-80.2576019, 43.5106014], [-80.2572532, 43.5104151], [-80.2567803, 43.5100001], [-80.2564417, 43.5094005], [-80.256404, 43.5090963], [-80.2560985, 43.5085475], [-80.2557719, 43.5082929], [-80.2556961, 43.5081445], [-80.2555966, 43.5081455], [-80.255542, 43.5081993], [-80.2553921, 43.5081645], [-80.2553718, 43.5076918], [-80.2553167, 43.507556], [-80.2514247, 43.5087009], [-80.2513195, 43.5087861], [-80.2526297, 43.5085019], [-80.2535986, 43.5084096], [-80.2540791, 43.5085434], [-80.2556736, 43.5099723], [-80.2561428, 43.5105131], [-80.2568594, 43.5111325], [-80.2579174, 43.5123429], [-80.2576485, 43.5125223], [-80.2590845, 43.5137524], [-80.2591037, 43.513846], [-80.2591804, 43.5138772], [-80.2593585, 43.514016], [-80.259645, 43.5143179], [-80.2599944, 43.5145403], [-80.2604721, 43.5150555], [-80.2616129, 43.5150168], [-80.2617491, 43.5149409]]], [[[-80.2604728, 43.526028], [-80.2597377, 43.5259554], [-80.259173, 43.5258072], [-80.2587585, 43.5256163], [-80.2589184, 43.5253911], [-80.2588847, 43.5251507], [-80.2587894, 43.5250622], [-80.2581804, 43.5252193], [-80.2578107, 43.5251738], [-80.2577624, 43.5250933], [-80.2578399, 43.5250074], [-80.2576403, 43.5248197], [-80.2574061, 43.5248156], [-80.2570497, 43.5250385], [-80.2572029, 43.5252198], [-80.2573562, 43.5253819], [-80.2576812, 43.5254584], [-80.2581082, 43.5257423], [-80.2583368, 43.5257695], [-80.2584761, 43.5258988], [-80.2591913, 43.5261018], [-80.2599459, 43.5262402], [-80.2601112, 43.5262569], [-80.2604728, 43.526028]]], [[[-80.2509701, 43.5344906], [-80.2504625, 43.5340195], [-80.2500914, 43.533675], [-80.2498058, 43.5337523], [-80.249673, 43.5338558], [-80.248987, 43.5334852], [-80.2488665, 43.533627], [-80.2496186, 43.5342525], [-80.2498128, 43.5343039], [-80.2498118, 43.5345745], [-80.2488283, 43.5350824], [-80.2485681, 43.5352723], [-80.2488438, 43.5355645], [-80.2497158, 43.5351094], [-80.2507023, 43.5346338], [-80.2509701, 43.5344906]]], [[[-80.2485186, 43.5320241], [-80.2480089, 43.5316655], [-80.245982, 43.5331133], [-80.2465034, 43.5334556], [-80.2465968, 43.5334355], [-80.2485186, 43.5320241]]], [[[-80.2624275, 43.5323914], [-80.2624048, 43.5322702], [-80.2620835, 43.5321519], [-80.2618988, 43.5323006], [-80.2619125, 43.5324113], [-80.2620949, 43.5324607], [-80.2623355, 43.5324839], [-80.2624275, 43.5323914]]], [[[-80.2649339, 43.5322351], [-80.2641971, 43.5322891], [-80.2627636, 43.5321964], [-80.2620062, 43.5319311], [-80.2615068, 43.5323236], [-80.2622766, 43.5326272], [-80.26215, 43.5327498], [-80.2624292, 43.5328068], [-80.2628681, 43.5327919], [-80.2641579, 43.5328689], [-80.264556, 43.532865], [-80.2647884, 43.5327605], [-80.2649339, 43.5322351]], [[-80.2624275, 43.5323914], [-80.2623355, 43.5324839], [-80.2620949, 43.5324607], [-80.2619125, 43.5324113], [-80.2618988, 43.5323006], [-80.2620835, 43.5321519], [-80.2624048, 43.5322702], [-80.2624275, 43.5323914]]], [[[-80.2649339, 43.5322351], [-80.2641971, 43.5322891], [-80.2627636, 43.5321964], [-80.2620062, 43.5319311], [-80.2615068, 43.5323236], [-80.2622766, 43.5326272], [-80.26215, 43.5327498], [-80.2624292, 43.5328068], [-80.2628681, 43.5327919], [-80.2641579, 43.5328689], [-80.264556, 43.532865], [-80.2647884, 43.5327605], [-80.2649339, 43.5322351]]], [[[-80.2562349, 43.5312586], [-80.256103, 43.5309955], [-80.2559237, 43.5308909], [-80.2553973, 43.5306771], [-80.2552263, 43.530849], [-80.2550554, 43.530919], [-80.2547985, 43.5310183], [-80.2547395, 43.531315], [-80.2548376, 43.531395], [-80.2544375, 43.5316622], [-80.2538207, 43.532141], [-80.253445, 43.53227], [-80.2534766, 43.5324678], [-80.2539393, 43.5324219], [-80.25422, 43.5322986], [-80.2544138, 43.5323072], [-80.2557368, 43.5314141], [-80.2559434, 43.5314879], [-80.2562349, 43.5312586]]], [[[-80.2598309, 43.5279481], [-80.259364, 43.5276548], [-80.2589906, 43.5280221], [-80.2586022, 43.5280969], [-80.2578583, 43.5281559], [-80.2569564, 43.5282845], [-80.256442, 43.5283478], [-80.2562439, 43.5284358], [-80.2560564, 43.5285472], [-80.2563745, 43.5287984], [-80.257077, 43.5292709], [-80.257184, 43.5293615], [-80.2571777, 43.5294958], [-80.2570387, 43.5295802], [-80.2563377, 43.5301373], [-80.2565252, 43.5303532], [-80.2562384, 43.5306931], [-80.2565584, 43.530911], [-80.2579124, 43.5296916], [-80.2581674, 43.5294454], [-80.2584696, 43.5291686], [-80.2589837, 43.5288223], [-80.259212, 43.5285006], [-80.2594659, 43.5282915], [-80.2597277, 43.5280896], [-80.2598309, 43.5279481]]], [[[-80.3073378, 43.5642249], [-80.3033916, 43.5630356], [-80.3027657, 43.5630909], [-80.302453, 43.5629833], [-80.3023064, 43.5628229], [-80.3002687, 43.5616801], [-80.2999112, 43.5616731], [-80.2992673, 43.5612471], [-80.2991614, 43.5612289], [-80.2988896, 43.561417], [-80.2991351, 43.5616937], [-80.2984137, 43.5621207], [-80.2976245, 43.5620668], [-80.2971674, 43.5619074], [-80.2968713, 43.5617484], [-80.2979739, 43.5608723], [-80.2978183, 43.5608547], [-80.2976993, 43.5607621], [-80.2975458, 43.5605464], [-80.2971516, 43.5604608], [-80.296305, 43.5604694], [-80.2959191, 43.5603582], [-80.2956397, 43.5604547], [-80.2952939, 43.5604497], [-80.2949363, 43.5601358], [-80.2945013, 43.5600613], [-80.2940075, 43.5601302], [-80.2934527, 43.5605406], [-80.2907197, 43.5619677], [-80.2902826, 43.561938], [-80.2902439, 43.5617509], [-80.2903754, 43.5614214], [-80.290619, 43.5611292], [-80.2906916, 43.5609432], [-80.2904973, 43.5607384], [-80.2901702, 43.5606373], [-80.2898956, 43.5606805], [-80.2898505, 43.5610879], [-80.289576, 43.5611311], [-80.2894073, 43.5608857], [-80.2891818, 43.5607388], [-80.2885821, 43.5609429], [-80.2884956, 43.5611717], [-80.2885875, 43.561386], [-80.2890321, 43.5619675], [-80.289324, 43.5620626], [-80.2897527, 43.5622714], [-80.2901033, 43.5625299], [-80.2900507, 43.5626924], [-80.2891537, 43.5625117], [-80.2880671, 43.5623798], [-80.2872054, 43.5622051], [-80.2853734, 43.5618971], [-80.2844254, 43.562857], [-80.284291, 43.5631949], [-80.2845386, 43.5634269], [-80.2853526, 43.5635573], [-80.2866357, 43.5636958], [-80.2884527, 43.5637182], [-80.289107, 43.5637671], [-80.2892848, 43.5638697], [-80.2892349, 43.5640237], [-80.288844, 43.5642726], [-80.2879662, 43.5644922], [-80.2877504, 43.5646989], [-80.2873415, 43.5647733], [-80.2869258, 43.5647924], [-80.2865772, 43.5649492], [-80.2862464, 43.5652806], [-80.2859614, 43.5653943], [-80.2859662, 43.5654943], [-80.2870023, 43.565744], [-80.2872969, 43.565984], [-80.2874082, 43.5661384], [-80.2863589, 43.5661211], [-80.2859454, 43.5657886], [-80.2854232, 43.5655999], [-80.2846997, 43.5656113], [-80.2846069, 43.5656676], [-80.28449, 43.5658371], [-80.283978, 43.5661916], [-80.2839426, 43.5664924], [-80.2844266, 43.5669904], [-80.2848533, 43.567244], [-80.2855083, 43.5674825], [-80.2872345, 43.5687438], [-80.2874469, 43.5688163], [-80.2878197, 43.568853], [-80.288268, 43.5688486], [-80.288609, 43.5687536], [-80.2894531, 43.5682935], [-80.289613, 43.5679147], [-80.2895605, 43.5674636], [-80.2893331, 43.5670546], [-80.2910716, 43.5658633], [-80.2912958, 43.5657843], [-80.29226, 43.565796], [-80.2925671, 43.5659208], [-80.2926895, 43.5658876], [-80.2924683, 43.5654977], [-80.2932686, 43.5655174], [-80.2935605, 43.5656125], [-80.2939561, 43.5659239], [-80.2943178, 43.5661483], [-80.2958264, 43.5664336], [-80.2963431, 43.5666393], [-80.2949222, 43.5675783], [-80.2955495, 43.5679022], [-80.2974035, 43.5666223], [-80.298118, 43.5670604], [-80.2995479, 43.5659785], [-80.2986515, 43.5653739], [-80.3002874, 43.564192], [-80.3062519, 43.5652033], [-80.3073378, 43.5642249]]], [[[-80.2704371, 43.5699809], [-80.2702673, 43.5692097], [-80.270222, 43.5690039], [-80.270163, 43.5689941], [-80.2701339, 43.5689514], [-80.2701219, 43.5686182], [-80.2700243, 43.5677711], [-80.2699621, 43.56758], [-80.26978, 43.5671975], [-80.2695254, 43.5668305], [-80.2691519, 43.5663955], [-80.2687398, 43.5658731], [-80.2685136, 43.5656013], [-80.2683679, 43.5653391], [-80.2682229, 43.5649442], [-80.2681262, 43.5647832], [-80.2680392, 43.5646358], [-80.2680182, 43.5645979], [-80.2679824, 43.5645911], [-80.2679482, 43.564593], [-80.2677622, 43.5646265], [-80.2683072, 43.5658306], [-80.2684201, 43.5660763], [-80.269048, 43.5676946], [-80.2690187, 43.5679598], [-80.2691128, 43.5681103], [-80.269165, 43.5683694], [-80.2691881, 43.5684843], [-80.2692118, 43.5696747], [-80.2684673, 43.5694716], [-80.268378, 43.5695556], [-80.2682466, 43.5695782], [-80.2679137, 43.5698009], [-80.2677614, 43.5699643], [-80.2680889, 43.5700393], [-80.2681839, 43.570092], [-80.2682374, 43.5701311], [-80.2682439, 43.5702032], [-80.2681528, 43.5704755], [-80.2681019, 43.5707216], [-80.2680082, 43.5711167], [-80.2678323, 43.5714295], [-80.2676652, 43.5719063], [-80.2681493, 43.5715945], [-80.2683255, 43.571478], [-80.2684242, 43.5713519], [-80.2685576, 43.5713002], [-80.2687125, 43.5711959], [-80.2688537, 43.5710921], [-80.268927, 43.5710395], [-80.2690485, 43.5709597], [-80.2691124, 43.5709134], [-80.2704371, 43.5699809]]], [[[-80.3045901, 43.5609035], [-80.3043729, 43.5605776], [-80.3033984, 43.5600228], [-80.3028721, 43.5597704], [-80.3017129, 43.5593645], [-80.3021064, 43.559107], [-80.3025456, 43.5590919], [-80.3025885, 43.559036], [-80.3027323, 43.5590516], [-80.3033333, 43.55938], [-80.3034502, 43.559364], [-80.3036342, 43.5591789], [-80.3018927, 43.5578883], [-80.3014189, 43.5582404], [-80.3010725, 43.5581991], [-80.3007723, 43.5582831], [-80.3005565, 43.5586432], [-80.3005662, 43.5588434], [-80.3004701, 43.5590255], [-80.2999195, 43.5593464], [-80.2999147, 43.5595531], [-80.3003781, 43.5597316], [-80.3012426, 43.5597442], [-80.3020366, 43.5600515], [-80.3024038, 43.5602587], [-80.3043605, 43.561153], [-80.3045237, 43.5611087], [-80.3045901, 43.5609035]]], [[[-80.2665172, 43.5594773], [-80.2661227, 43.5591977], [-80.266072, 43.5591014], [-80.2660675, 43.5589991], [-80.2660672, 43.5589182], [-80.2660238, 43.5588724], [-80.2659599, 43.5588503], [-80.2656265, 43.5587107], [-80.2655536, 43.5586417], [-80.2654872, 43.5585242], [-80.2654061, 43.5584023], [-80.2652773, 43.5583267], [-80.2648723, 43.5581802], [-80.2647713, 43.5581742], [-80.2646687, 43.5581757], [-80.264546, 43.5581204], [-80.2644033, 43.5579984], [-80.2639581, 43.5578146], [-80.2638522, 43.5580596], [-80.262735, 43.5576096], [-80.2626431, 43.5575837], [-80.2625615, 43.5575607], [-80.2616963, 43.5573266], [-80.2610906, 43.5572046], [-80.2603439, 43.556905], [-80.2597156, 43.5565084], [-80.2595755, 43.5562136], [-80.2591539, 43.5559066], [-80.2591444, 43.5557064], [-80.2589557, 43.5556379], [-80.2588652, 43.5554961], [-80.2590008, 43.5553779], [-80.2591075, 43.5552849], [-80.2593816, 43.5550522], [-80.2594838, 43.5549418], [-80.2589102, 43.5545428], [-80.2586126, 43.5543193], [-80.258438, 43.5541907], [-80.2583348, 43.5541092], [-80.2582475, 43.5540266], [-80.2581333, 43.5538913], [-80.2580219, 43.5537519], [-80.2578218, 43.5534958], [-80.2577054, 43.5535184], [-80.2576174, 43.5535877], [-80.2575247, 43.5536543], [-80.2574658, 43.5536738], [-80.2573888, 43.5536763], [-80.2573206, 43.5536636], [-80.2571962, 43.5536512], [-80.257103, 43.5536114], [-80.2570359, 43.5535782], [-80.2569351, 43.5535649], [-80.2568695, 43.5535738], [-80.2567917, 43.5535848], [-80.2564522, 43.5536017], [-80.2560089, 43.5535527], [-80.2553967, 43.5530686], [-80.2554035, 43.5525882], [-80.2553708, 43.5524702], [-80.2553614, 43.5524046], [-80.255333, 43.5523478], [-80.2552492, 43.5522734], [-80.2551591, 43.5521964], [-80.2550777, 43.552148], [-80.254997, 43.5520893], [-80.2547168, 43.5516207], [-80.2546438, 43.5514985], [-80.2547988, 43.5514317], [-80.2547291, 43.5510748], [-80.2544795, 43.5511956], [-80.2543918, 43.5513883], [-80.2541221, 43.5513574], [-80.2540181, 43.5512726], [-80.2539019, 43.5511544], [-80.2537262, 43.5509554], [-80.2535096, 43.5507016], [-80.2534544, 43.5505793], [-80.2533805, 43.5504858], [-80.2531416, 43.550331], [-80.2529937, 43.5502504], [-80.2529063, 43.5502038], [-80.2528368, 43.5501893], [-80.2527103, 43.5502642], [-80.2530116, 43.5504389], [-80.2533962, 43.5507123], [-80.2535839, 43.5508973], [-80.2538626, 43.551199], [-80.2540983, 43.5514107], [-80.2545954, 43.5518242], [-80.2546927, 43.5519416], [-80.2548778, 43.5522272], [-80.2550045, 43.5524924], [-80.2550865, 43.5527626], [-80.2551092, 43.5529042], [-80.2551479, 43.5529831], [-80.2551788, 43.5530609], [-80.2551852, 43.5531718], [-80.2554384, 43.5535902], [-80.2556243, 43.5536672], [-80.2559099, 43.5537433], [-80.2564112, 43.5537662], [-80.2574596, 43.5537476], [-80.2575944, 43.5537527], [-80.257837, 43.5538846], [-80.2581637, 43.5542927], [-80.2583695, 43.5546529], [-80.2584177, 43.5548868], [-80.2585419, 43.5551157], [-80.2586121, 43.555588], [-80.2593803, 43.5564328], [-80.2595529, 43.5567422], [-80.2596966, 43.5569113], [-80.2600235, 43.5571659], [-80.2603775, 43.5572989], [-80.2607972, 43.5573438], [-80.2610537, 43.557433], [-80.2617391, 43.5574242], [-80.2619949, 43.5574771], [-80.2624665, 43.5576302], [-80.2628428, 43.5578197], [-80.2632622, 43.5580397], [-80.2637937, 43.5584354], [-80.2640308, 43.5585524], [-80.264116, 43.5586487], [-80.2641156, 43.5587122], [-80.2643162, 43.5587993], [-80.2643535, 43.5588418], [-80.2643738, 43.5588759], [-80.2644263, 43.5588872], [-80.2644856, 43.5588743], [-80.2645613, 43.55891], [-80.2646806, 43.5589346], [-80.2647238, 43.5589873], [-80.2647014, 43.5590388], [-80.2647259, 43.5590605], [-80.2646734, 43.5590718], [-80.2646453, 43.5591237], [-80.2646824, 43.5591647], [-80.2647474, 43.5591923], [-80.264854, 43.5592176], [-80.2649249, 43.5592409], [-80.2650158, 43.5592561], [-80.2650308, 43.5592491], [-80.2650501, 43.5592012], [-80.2650944, 43.5591199], [-80.2650718, 43.5590624], [-80.2651244, 43.5590336], [-80.265539, 43.5591059], [-80.2654611, 43.5591135], [-80.2654111, 43.5591332], [-80.2653247, 43.5591207], [-80.2652365, 43.5591139], [-80.2651768, 43.5591189], [-80.2651058, 43.559182], [-80.265067, 43.5592742], [-80.2650911, 43.5593711], [-80.2653532, 43.5594431], [-80.2656339, 43.5595725], [-80.2660778, 43.5596577], [-80.2662366, 43.5597007], [-80.2665172, 43.5594773]]], [[[-80.2649257, 43.5594601], [-80.2642184, 43.5592304], [-80.2641852, 43.5591796], [-80.2644812, 43.5591853], [-80.2645214, 43.559138], [-80.2645284, 43.5590399], [-80.2641163, 43.5589331], [-80.2636234, 43.5585778], [-80.2628291, 43.558234], [-80.2626334, 43.5581101], [-80.2624274, 43.5580567], [-80.2623166, 43.5579303], [-80.2618848, 43.5577418], [-80.2617453, 43.5576057], [-80.261443, 43.5575719], [-80.2610737, 43.5575627], [-80.260876, 43.5574837], [-80.2604735, 43.5574236], [-80.2600379, 43.5573128], [-80.2598222, 43.5572126], [-80.2595077, 43.5569962], [-80.2592045, 43.5565922], [-80.2592053, 43.556475], [-80.2591529, 43.5563306], [-80.2587293, 43.5559149], [-80.2584653, 43.5557343], [-80.2584018, 43.5556241], [-80.2582249, 43.5547544], [-80.2581143, 43.5546361], [-80.2580848, 43.5544596], [-80.2579032, 43.5541396], [-80.2577719, 43.5540088], [-80.2575411, 43.5538789], [-80.257207, 43.5538757], [-80.2569677, 43.5539249], [-80.2561531, 43.5539114], [-80.2559298, 43.5538731], [-80.2555004, 43.5537813], [-80.2552931, 43.5536555], [-80.2550562, 43.5533531], [-80.2550301, 43.5532042], [-80.2548386, 43.5533214], [-80.2550531, 43.5535785], [-80.2554645, 43.553967], [-80.2555646, 43.5539277], [-80.2558741, 43.5541974], [-80.2560443, 43.5541856], [-80.2563259, 43.5541933], [-80.2565005, 43.5543321], [-80.2568946, 43.5544178], [-80.2570099, 43.5544665], [-80.2571078, 43.5544042], [-80.2571896, 43.5544587], [-80.257199, 43.5545918], [-80.2573223, 43.5547648], [-80.257262, 43.5548027], [-80.2572311, 43.5548873], [-80.2572835, 43.5549806], [-80.2573907, 43.5549621], [-80.2575785, 43.5549835], [-80.2576523, 43.5549456], [-80.2578409, 43.555147], [-80.2579312, 43.5552425], [-80.2578207, 43.5553185], [-80.2576156, 43.5554543], [-80.2575476, 43.5555013], [-80.2577347, 43.5556707], [-80.2577837, 43.5556745], [-80.257895, 43.555729], [-80.2579969, 43.5560633], [-80.2582117, 43.5562864], [-80.2583789, 43.5564595], [-80.258479, 43.5566481], [-80.2580737, 43.5568481], [-80.2577347, 43.5568411], [-80.2576597, 43.5569149], [-80.2575961, 43.5569835], [-80.2576344, 43.5570316], [-80.257588, 43.5570886], [-80.2577511, 43.5572165], [-80.2580119, 43.557455], [-80.2583975, 43.5579699], [-80.2593394, 43.559252], [-80.2594078, 43.5593832], [-80.2593769, 43.559528], [-80.2593193, 43.5596114], [-80.2596007, 43.5598048], [-80.2600448, 43.5594731], [-80.2597116, 43.5591809], [-80.2590344, 43.5581605], [-80.2588123, 43.5578224], [-80.2590081, 43.5576086], [-80.2592629, 43.5572237], [-80.2590242, 43.5570507], [-80.2588418, 43.5569244], [-80.258764, 43.5568039], [-80.2588338, 43.5568311], [-80.2591395, 43.5570158], [-80.2593836, 43.5571849], [-80.2598906, 43.5573637], [-80.2600354, 43.5575522], [-80.2615482, 43.5580868], [-80.2615641, 43.5582827], [-80.261627, 43.5583377], [-80.2618555, 43.558298], [-80.2619794, 43.5582197], [-80.262076, 43.5582494], [-80.2636081, 43.5591966], [-80.263691, 43.5592571], [-80.2638904, 43.5593998], [-80.26427, 43.5594389], [-80.2644188, 43.5594543], [-80.2646649, 43.5596139], [-80.2648557, 43.5596376], [-80.2649257, 43.5594601]]], [[[-80.2842964, 43.5655152], [-80.28419, 43.5653074], [-80.2839936, 43.5651474], [-80.2835938, 43.5652323], [-80.2830292, 43.5654425], [-80.2824717, 43.5655545], [-80.2821465, 43.5657154], [-80.2822045, 43.5659961], [-80.2822985, 43.5661656], [-80.2822845, 43.5665152], [-80.2823875, 43.5668487], [-80.2842964, 43.5655152]]], [[[-80.2842964, 43.5655152], [-80.28419, 43.5653074], [-80.2839936, 43.5651474], [-80.2835938, 43.5652323], [-80.2830292, 43.5654425], [-80.2824717, 43.5655545], [-80.2821465, 43.5657154], [-80.2822045, 43.5659961], [-80.2822985, 43.5661656], [-80.2822845, 43.5665152], [-80.2823875, 43.5668487], [-80.2842964, 43.5655152]], [[-80.2831639, 43.5660612], [-80.2829155, 43.5662533], [-80.2828511, 43.5662603], [-80.2827799, 43.566212], [-80.2829149, 43.5660636], [-80.2828955, 43.5659701], [-80.2826265, 43.5658428], [-80.2825131, 43.5657331], [-80.2825297, 43.5656818], [-80.2828396, 43.565798], [-80.2829171, 43.5657121], [-80.2829365, 43.5656522], [-80.2830063, 43.5656281], [-80.2830541, 43.5656723], [-80.2830637, 43.5658725], [-80.2831639, 43.5660612]]], [[[-80.2831639, 43.5660612], [-80.2830637, 43.5658725], [-80.2830541, 43.5656723], [-80.2830063, 43.5656281], [-80.2829365, 43.5656522], [-80.2829171, 43.5657121], [-80.2828396, 43.565798], [-80.2825297, 43.5656818], [-80.2825131, 43.5657331], [-80.2826265, 43.5658428], [-80.2828955, 43.5659701], [-80.2829149, 43.5660636], [-80.2827799, 43.566212], [-80.2828511, 43.5662603], [-80.2829155, 43.5662533], [-80.2831639, 43.5660612]]], [[[-80.2673316, 43.5701794], [-80.2672023, 43.5701572], [-80.2671213, 43.5702156], [-80.2671358, 43.5702975], [-80.2671514, 43.5703522], [-80.2672214, 43.5703632], [-80.2673316, 43.5701794]]], [[[-80.2671624, 43.5517596], [-80.2665149, 43.5513076], [-80.2664234, 43.5521038], [-80.266335, 43.5523905], [-80.2666667, 43.5521345], [-80.2669674, 43.5519133], [-80.2671624, 43.5517596]]], [[[-80.2675706, 43.5868547], [-80.2674503, 43.5866897], [-80.2673481, 43.5863924], [-80.2671393, 43.5861941], [-80.2670362, 43.5861674], [-80.2668776, 43.5863117], [-80.2667819, 43.58653], [-80.2666642, 43.5866632], [-80.2666212, 43.5867191], [-80.2665278, 43.5867391], [-80.2662213, 43.5866505], [-80.2658338, 43.5866202], [-80.2656476, 43.5866965], [-80.2653424, 43.5866803], [-80.2650413, 43.586728], [-80.2648698, 43.5866444], [-80.264744, 43.5864965], [-80.2646762, 43.5864758], [-80.2639011, 43.5864151], [-80.2636361, 43.5863516], [-80.2626079, 43.5862294], [-80.2617989, 43.5862351], [-80.2613456, 43.5862928], [-80.2612376, 43.5863194], [-80.2609648, 43.5864712], [-80.260661, 43.5865274], [-80.2606236, 43.5865661], [-80.2606187, 43.5866194], [-80.2606865, 43.5866401], [-80.2610851, 43.5866362], [-80.2613406, 43.5864995], [-80.2614956, 43.586481], [-80.2618429, 43.5865586], [-80.2618761, 43.5866094], [-80.2624976, 43.5866077], [-80.2629625, 43.5867055], [-80.2633147, 43.5867298], [-80.2638468, 43.586812], [-80.264152, 43.5868282], [-80.2643935, 43.5868877], [-80.2645933, 43.5870754], [-80.2646757, 43.5870895], [-80.2647859, 43.5868647], [-80.2648323, 43.5868365], [-80.2655021, 43.5869153], [-80.2664432, 43.5869232], [-80.2668059, 43.5868771], [-80.2675394, 43.5869126], [-80.2675706, 43.5868547]]], [[[-80.2374549, 43.5283193], [-80.2363734, 43.5275552], [-80.2361725, 43.5277006], [-80.2358887, 43.5279304], [-80.2356298, 43.52813], [-80.235383, 43.5282917], [-80.2352374, 43.5283842], [-80.236316, 43.5291519], [-80.2374549, 43.5283193]]], [[[-80.1993448, 43.530049], [-80.1992592, 43.5295868], [-80.1991412, 43.5293175], [-80.1989226, 43.5289461], [-80.1987563, 43.5287545], [-80.1987858, 43.5286077], [-80.1987255, 43.5285698], [-80.1985994, 43.5287176], [-80.1984425, 43.5286349], [-80.1979141, 43.52821], [-80.1977773, 43.5280282], [-80.1972945, 43.5276879], [-80.197206, 43.5277365], [-80.1960446, 43.5269168], [-80.1958998, 43.5270023], [-80.1955479, 43.5271304], [-80.194349, 43.526817], [-80.193593, 43.526495], [-80.1931668, 43.5261884], [-80.1929346, 43.5259619], [-80.1928246, 43.5258666], [-80.1926851, 43.525888], [-80.1911425, 43.5265395], [-80.1898206, 43.5272809], [-80.1890115, 43.5266934], [-80.188212, 43.5261068], [-80.18746, 43.526663], [-80.1870914, 43.5269387], [-80.187482, 43.5270598], [-80.1876978, 43.5271229], [-80.1882135, 43.5271184], [-80.1886714, 43.5273233], [-80.1896679, 43.5279195], [-80.1904598, 43.5283849], [-80.1907391, 43.5284463], [-80.1908888, 43.5283113], [-80.1910799, 43.5282183], [-80.190865, 43.5280588], [-80.191064, 43.5279035], [-80.191719, 43.5283348], [-80.192003, 43.5283675], [-80.1923347, 43.5281247], [-80.1928793, 43.5280087], [-80.1939213, 43.5279723], [-80.1940928, 43.5281594], [-80.1941886, 43.5282842], [-80.1946393, 43.5280109], [-80.1951178, 43.5281964], [-80.1955907, 43.5283739], [-80.1952907, 43.5285944], [-80.1953371, 43.5286809], [-80.1960492, 43.528894], [-80.1961029, 43.5289574], [-80.1964605, 43.5291544], [-80.1967723, 43.5294158], [-80.1969752, 43.5301639], [-80.1970537, 43.5303038], [-80.1974613, 43.53069], [-80.1975942, 43.5309295], [-80.1974569, 43.5310199], [-80.1972467, 43.5311584], [-80.1970692, 43.5313986], [-80.1973054, 43.5315115], [-80.1975811, 43.531541], [-80.1976887, 43.5313249], [-80.1978782, 43.5312763], [-80.1978315, 43.5314578], [-80.1981978, 43.5314758], [-80.1986504, 43.5311037], [-80.19894, 43.5311153], [-80.1991119, 43.5309926], [-80.1992133, 43.5307574], [-80.1993448, 43.530049]]], [[[-80.2084522, 43.5226115], [-80.2065373, 43.5215594], [-80.2044331, 43.5205559], [-80.2046086, 43.5203599], [-80.2048852, 43.5201277], [-80.2047624, 43.5200592], [-80.2046847, 43.5200706], [-80.2046093, 43.5200611], [-80.2045472, 43.5200192], [-80.2045161, 43.5199805], [-80.2040877, 43.5200678], [-80.2039792, 43.5198006], [-80.2036963, 43.5200155], [-80.2030936, 43.5196142], [-80.2033602, 43.5194344], [-80.2026524, 43.5191205], [-80.2023814, 43.519053], [-80.2020423, 43.5188173], [-80.2017456, 43.5186902], [-80.2016734, 43.5186897], [-80.2017235, 43.518726], [-80.20154, 43.5188464], [-80.2012656, 43.5186361], [-80.2011121, 43.5186339], [-80.2008441, 43.5184442], [-80.2008833, 43.5183109], [-80.2006606, 43.5181392], [-80.20271, 43.5166669], [-80.2016169, 43.5159494], [-80.2000272, 43.5171409], [-80.1995958, 43.5168247], [-80.1993723, 43.5169396], [-80.1990157, 43.5169684], [-80.198508, 43.5168898], [-80.1979413, 43.5166116], [-80.1972473, 43.5164197], [-80.1969219, 43.5163906], [-80.1964118, 43.5161672], [-80.1963095, 43.5161767], [-80.1952887, 43.5169121], [-80.1952235, 43.5167345], [-80.1950115, 43.5165165], [-80.1948634, 43.5163724], [-80.195028, 43.5161572], [-80.1945795, 43.5157965], [-80.194049, 43.5154257], [-80.1930386, 43.5152152], [-80.1921571, 43.5151805], [-80.1917289, 43.5147817], [-80.1916771, 43.5144839], [-80.191336, 43.5143889], [-80.1910566, 43.5144851], [-80.1908199, 43.5146789], [-80.1906913, 43.5146929], [-80.19027, 43.5143494], [-80.1899595, 43.5141604], [-80.1897006, 43.5140796], [-80.1895062, 43.514173], [-80.1890095, 43.5144116], [-80.1888086, 43.5146477], [-80.1887736, 43.5148312], [-80.1890035, 43.514925], [-80.1900127, 43.5147202], [-80.1901895, 43.5147868], [-80.1903278, 43.5150092], [-80.1904009, 43.5153558], [-80.190593, 43.5154473], [-80.191039, 43.5155841], [-80.1913303, 43.5156723], [-80.1916768, 43.5157612], [-80.1922706, 43.5160112], [-80.1926485, 43.516129], [-80.1935893, 43.5162685], [-80.1936935, 43.5163064], [-80.1939177, 43.5165457], [-80.1940989, 43.5166778], [-80.194366, 43.5167925], [-80.1945833, 43.5169462], [-80.1946594, 43.5170348], [-80.1948939, 43.5172042], [-80.1937555, 43.5181728], [-80.1939625, 43.5183789], [-80.1938157, 43.5185096], [-80.19404, 43.5187274], [-80.1952533, 43.5196859], [-80.1952394, 43.5197286], [-80.194798, 43.5199413], [-80.1945984, 43.5199068], [-80.1942708, 43.5199225], [-80.1933574, 43.5204419], [-80.1934377, 43.5205956], [-80.1940178, 43.5208781], [-80.1943225, 43.5207148], [-80.1944995, 43.5208194], [-80.1952942, 43.5205503], [-80.1955095, 43.5206507], [-80.1959977, 43.5210512], [-80.1963866, 43.5212457], [-80.1967594, 43.5211231], [-80.197143, 43.5208547], [-80.1973897, 43.5205183], [-80.1976553, 43.5204599], [-80.1977304, 43.5207127], [-80.1977867, 43.5208178], [-80.1979718, 43.5207867], [-80.1978269, 43.5212204], [-80.1977702, 43.5220875], [-80.1979154, 43.5222356], [-80.1979128, 43.5223679], [-80.1976123, 43.5223154], [-80.1974595, 43.5223309], [-80.1976177, 43.522576], [-80.1977974, 43.5227452], [-80.1981434, 43.5229008], [-80.1981949, 43.5230878], [-80.1980969, 43.5234405], [-80.1978195, 43.5238019], [-80.1976392, 43.5240132], [-80.1974595, 43.524233], [-80.1973388, 43.5243516], [-80.1972315, 43.5244703], [-80.1973227, 43.5245169], [-80.1975668, 43.5245247], [-80.1979557, 43.5244703], [-80.1983875, 43.5242155], [-80.1985002, 43.5241046], [-80.1987737, 43.5240346], [-80.1990312, 43.523914], [-80.1991627, 43.5240424], [-80.1991224, 43.5241941], [-80.1993397, 43.5243516], [-80.1992029, 43.5245111], [-80.1990742, 43.5246647], [-80.1996374, 43.5249331], [-80.1999459, 43.5249837], [-80.2010027, 43.5256138], [-80.2013908, 43.5255188], [-80.2019685, 43.5252303], [-80.2034658, 43.5262503], [-80.2030717, 43.5266665], [-80.2028292, 43.5269226], [-80.202322, 43.5273143], [-80.2035852, 43.5281952], [-80.2037485, 43.5279922], [-80.2046075, 43.5273731], [-80.2053221, 43.5277309], [-80.2055645, 43.5275199], [-80.2061449, 43.5272229], [-80.2067591, 43.5270128], [-80.206977, 43.526915], [-80.2069687, 43.5264803], [-80.2077448, 43.5259282], [-80.2077874, 43.5256828], [-80.2074996, 43.525354], [-80.2075821, 43.5248262], [-80.206829, 43.524588], [-80.2066012, 43.5244495], [-80.2058848, 43.524326], [-80.2052522, 43.5241357], [-80.2044866, 43.5240489], [-80.2038801, 43.5239255], [-80.2032048, 43.5238107], [-80.2033237, 43.5234913], [-80.2031789, 43.5234119], [-80.2028053, 43.5235468], [-80.2021672, 43.5231346], [-80.2016422, 43.5227282], [-80.2010938, 43.5222737], [-80.2016868, 43.5218378], [-80.2030348, 43.5220681], [-80.2035562, 43.5224244], [-80.2034033, 43.5229961], [-80.2031643, 43.5231472], [-80.2032394, 43.5232028], [-80.2033041, 43.5232444], [-80.2033779, 43.5232868], [-80.2034047, 43.5232997], [-80.2035099, 43.523337], [-80.2035237, 43.523308], [-80.2035687, 43.523169], [-80.2038273, 43.5224947], [-80.2041992, 43.5224114], [-80.2050455, 43.5226634], [-80.2056983, 43.52263], [-80.2060295, 43.5230193], [-80.2073837, 43.5231406], [-80.2076731, 43.5229973], [-80.2084522, 43.5226115]]], [[[-80.2397139, 43.5242658], [-80.2377248, 43.5228679], [-80.2361197, 43.5240145], [-80.2360169, 43.5240909], [-80.2348442, 43.5249256], [-80.2349346, 43.5249911], [-80.2368105, 43.5263495], [-80.237049, 43.5261846], [-80.2372258, 43.5260573], [-80.2397139, 43.5242658]]], [[[-80.2332634, 43.5200069], [-80.2332133, 43.5196914], [-80.2318487, 43.5186625], [-80.2315698, 43.5184484], [-80.2314651, 43.5184878], [-80.2316453, 43.5187267], [-80.2312687, 43.5189836], [-80.2314153, 43.5190111], [-80.2315575, 43.5189371], [-80.2316567, 43.5189216], [-80.2319625, 43.5189605], [-80.232963, 43.5196451], [-80.2330354, 43.5198493], [-80.2330139, 43.5199835], [-80.2327001, 43.5202344], [-80.2328423, 43.5203453], [-80.2332634, 43.5200069]]], [[[-80.2364778, 43.5384285], [-80.2364771, 43.5383923], [-80.2363556, 43.5383082], [-80.2352392, 43.538766], [-80.2354165, 43.5388367], [-80.2356211, 43.5387374], [-80.2364778, 43.5384285]]], [[[-80.2327995, 43.5409937], [-80.2327652, 43.5409232], [-80.232596, 43.5408294], [-80.2322256, 43.5407477], [-80.2318658, 43.5408988], [-80.2316101, 43.5411069], [-80.2314214, 43.5413133], [-80.2314718, 43.5413491], [-80.2318181, 43.5413906], [-80.232105, 43.5413858], [-80.2323212, 43.5415222], [-80.2324432, 43.541564], [-80.2325212, 43.5417931], [-80.2326307, 43.5417723], [-80.2325777, 43.5415147], [-80.2326352, 43.5414435], [-80.2326865, 43.5413037], [-80.2327488, 43.5412541], [-80.2327631, 43.5412065], [-80.2327335, 43.5411315], [-80.232765, 43.5410823], [-80.2327995, 43.5409937]]], [[[-80.2127273, 43.5354141], [-80.2117182, 43.5350344], [-80.2109667, 43.5346355], [-80.2096591, 43.5341543], [-80.2092485, 43.5343453], [-80.2090516, 43.5343023], [-80.2088885, 43.5342663], [-80.2081414, 43.5342368], [-80.207866, 43.5340729], [-80.2074338, 43.5341239], [-80.207312, 43.5341932], [-80.2071834, 43.5342071], [-80.207039, 43.5341552], [-80.2067107, 43.5341347], [-80.2061082, 43.5343468], [-80.2061385, 43.5344062], [-80.2065957, 43.5346023], [-80.2063088, 43.53495], [-80.2060528, 43.5350503], [-80.2058683, 43.5350456], [-80.2054235, 43.5342017], [-80.2049601, 43.5336435], [-80.2046909, 43.5334797], [-80.2047836, 43.5334235], [-80.2048226, 43.5333039], [-80.2045484, 43.5331934], [-80.2041509, 43.5328903], [-80.2039855, 43.5327762], [-80.203583, 43.5327292], [-80.2031364, 43.5328498], [-80.2028569, 43.5328921], [-80.2025936, 43.5325677], [-80.2025369, 43.532356], [-80.2024162, 43.5321615], [-80.2019266, 43.5319111], [-80.2017376, 43.5317162], [-80.2013406, 43.5314187], [-80.2009766, 43.5317159], [-80.2007519, 43.5320516], [-80.2005314, 43.5323476], [-80.2006325, 43.5326087], [-80.2009641, 43.5329998], [-80.2012586, 43.5336192], [-80.2025392, 43.5347155], [-80.2028857, 43.5349467], [-80.2033043, 43.5351091], [-80.2044502, 43.5351712], [-80.2050339, 43.5353982], [-80.2052382, 43.5355327], [-80.2052314, 43.5358203], [-80.2049841, 43.5360846], [-80.2034763, 43.5371335], [-80.2056699, 43.538703], [-80.2059964, 43.5386148], [-80.2066407, 43.5386175], [-80.2069966, 43.5387059], [-80.207357, 43.5388944], [-80.2080635, 43.5389349], [-80.2082991, 43.5386686], [-80.2084957, 43.538522], [-80.2085244, 43.5383193], [-80.20844, 43.5380069], [-80.2088376, 43.5376241], [-80.2097443, 43.5377352], [-80.2127273, 43.5354141]]], [[[-80.2157718, 43.5444145], [-80.2146066, 43.5434196], [-80.2147362, 43.5432885], [-80.2148515, 43.5430105], [-80.2146931, 43.5426582], [-80.213964, 43.5421536], [-80.2126548, 43.5416393], [-80.2124758, 43.5416175], [-80.2111257, 43.5426396], [-80.214454, 43.5450561], [-80.2145481, 43.5451244], [-80.2147238, 43.5451186], [-80.2149334, 43.5450464], [-80.215139, 43.5449103], [-80.2152305, 43.5447816], [-80.2152564, 43.5445875], [-80.2157718, 43.5444145]]], [[[-80.2157718, 43.5444145], [-80.2146066, 43.5434196], [-80.2147362, 43.5432885], [-80.2148515, 43.5430105], [-80.2146931, 43.5426582], [-80.213964, 43.5421536], [-80.2126548, 43.5416393], [-80.2124758, 43.5416175], [-80.2111257, 43.5426396], [-80.214454, 43.5450561], [-80.2145481, 43.5451244], [-80.2147238, 43.5451186], [-80.2149334, 43.5450464], [-80.215139, 43.5449103], [-80.2152305, 43.5447816], [-80.2152564, 43.5445875], [-80.2157718, 43.5444145]], [[-80.2144869, 43.5427581], [-80.2143033, 43.5429792], [-80.214183, 43.5429675], [-80.2136663, 43.5427251], [-80.2133531, 43.5427344], [-80.2133927, 43.5426509], [-80.2136694, 43.5425632], [-80.2136715, 43.5425184], [-80.2134174, 43.5423844], [-80.2130574, 43.5422322], [-80.212909, 43.5421163], [-80.2130426, 43.5420491], [-80.213183, 43.5420371], [-80.213797, 43.5423234], [-80.2138382, 43.542502], [-80.2141424, 43.5424822], [-80.2142308, 43.5425155], [-80.2144869, 43.5427581]]], [[[-80.2144869, 43.5427581], [-80.2142308, 43.5425155], [-80.2141424, 43.5424822], [-80.2138382, 43.542502], [-80.213797, 43.5423234], [-80.213183, 43.5420371], [-80.2130426, 43.5420491], [-80.212909, 43.5421163], [-80.2130574, 43.5422322], [-80.2134174, 43.5423844], [-80.2136715, 43.5425184], [-80.2136694, 43.5425632], [-80.2133927, 43.5426509], [-80.2133531, 43.5427344], [-80.2136663, 43.5427251], [-80.214183, 43.5429675], [-80.2143033, 43.5429792], [-80.2144869, 43.5427581]]], [[[-80.2120214, 43.5395445], [-80.2115289, 43.5393424], [-80.2110516, 43.5398558], [-80.2113243, 43.5400472], [-80.2120214, 43.5395445]]], [[[-80.2346482, 43.5406228], [-80.2345863, 43.5404317], [-80.2346213, 43.5400947], [-80.2345703, 43.5400228], [-80.2344521, 43.5399664], [-80.2338168, 43.5399744], [-80.2336991, 43.5401076], [-80.2337191, 43.5405804], [-80.2337992, 43.5406393], [-80.2341925, 43.5406888], [-80.2345617, 43.5406982], [-80.2346315, 43.5406741], [-80.2346482, 43.5406228]]], [[[-80.2304311, 43.5365992], [-80.2304298, 43.5365214], [-80.2304151, 43.536518], [-80.2300302, 43.5363309], [-80.2297792, 43.5362254], [-80.2296133, 43.5361612], [-80.2295744, 43.5360881], [-80.2293309, 43.5360316], [-80.2290234, 43.5361006], [-80.2290381, 43.5361996], [-80.2290131, 43.5362943], [-80.2288494, 43.5364297], [-80.2288923, 43.5364647], [-80.228758, 43.53656], [-80.2287571, 43.536785], [-80.2289642, 43.5370448], [-80.2291706, 43.5371703], [-80.2294704, 43.5370423], [-80.2298574, 43.536799], [-80.2301358, 43.5367436], [-80.2302445, 43.536722], [-80.2304311, 43.5365992]]], [[[-80.2298965, 43.5425312], [-80.229735, 43.5424504], [-80.2295544, 43.5426309], [-80.2293707, 43.5427064], [-80.2292482, 43.5428077], [-80.2289927, 43.5430209], [-80.2282382, 43.5437557], [-80.2286003, 43.5437703], [-80.2292185, 43.543281], [-80.2295136, 43.5429075], [-80.229887, 43.5428274], [-80.2298965, 43.5425312]]], [[[-80.1880392, 43.5130889], [-80.187916, 43.5128961], [-80.1876655, 43.5127897], [-80.1873071, 43.5127098], [-80.187012, 43.5127401], [-80.1866528, 43.5129669], [-80.1866119, 43.5133209], [-80.1864549, 43.513384], [-80.18576, 43.5133092], [-80.1854641, 43.5131137], [-80.1854555, 43.5129497], [-80.1852312, 43.5128388], [-80.1849417, 43.512852], [-80.1844462, 43.5126221], [-80.1844001, 43.5128397], [-80.1842946, 43.5130111], [-80.1842463, 43.5132735], [-80.1844081, 43.5135], [-80.1845848, 43.5135666], [-80.1847016, 43.5135507], [-80.1849541, 43.5134228], [-80.1851806, 43.5134889], [-80.185402, 43.5136084], [-80.1855897, 43.5139838], [-80.1857022, 43.5140573], [-80.1861163, 43.5139664], [-80.1865721, 43.5137472], [-80.1867471, 43.5137052], [-80.18723, 43.5137074], [-80.1874463, 43.5136905], [-80.1876441, 43.5136164], [-80.1878815, 43.5134588], [-80.1880392, 43.5130889]]], [[[-80.188997, 43.5134475], [-80.1875946, 43.5123984], [-80.1872473, 43.5122843], [-80.186258, 43.5128085], [-80.1860282, 43.5127147], [-80.1857233, 43.5125086], [-80.1852782, 43.5123144], [-80.1848312, 43.5120116], [-80.1844561, 43.5115378], [-80.184549, 43.5110513], [-80.183676, 43.5112681], [-80.1834959, 43.5117206], [-80.1833081, 43.5118982], [-80.1836382, 43.5120546], [-80.1839249, 43.5122866], [-80.184023, 43.5125129], [-80.1841233, 43.5127378], [-80.1838509, 43.5130788], [-80.1837147, 43.5131711], [-80.1830435, 43.5136261], [-80.1828957, 43.5137262], [-80.1826567, 43.5139648], [-80.1824595, 43.5140751], [-80.1823354, 43.5139995], [-80.1823155, 43.5136802], [-80.1821372, 43.5133778], [-80.1821318, 43.5133687], [-80.1820199, 43.5133313], [-80.1818005, 43.51351], [-80.181977, 43.5139196], [-80.1822243, 43.5141879], [-80.1825799, 43.5142764], [-80.1829443, 43.5141859], [-80.1834754, 43.5137361], [-80.1837643, 43.5136867], [-80.1840668, 43.5137479], [-80.1842614, 43.5138357], [-80.1843432, 43.5140032], [-80.1842288, 43.514164], [-80.1840075, 43.5142341], [-80.183642, 43.5142522], [-80.1836243, 43.5144206], [-80.1836993, 43.5145329], [-80.183643, 43.5146676], [-80.1829095, 43.514559], [-80.1827537, 43.5146945], [-80.1825503, 43.5147858], [-80.180856, 43.5148091], [-80.1804184, 43.514896], [-80.1801518, 43.514877], [-80.1800573, 43.5148246], [-80.1800196, 43.5146737], [-80.1799211, 43.5145574], [-80.1795538, 43.5144669], [-80.1789325, 43.5142422], [-80.178929, 43.514025], [-80.1790583, 43.5137044], [-80.1792711, 43.5134703], [-80.1795443, 43.5133551], [-80.1798657, 43.5133203], [-80.1798454, 43.5131543], [-80.1795017, 43.5127249], [-80.1791896, 43.5130183], [-80.178521, 43.5136469], [-80.1784909, 43.514084], [-80.1791172, 43.5144366], [-80.17892, 43.5147136], [-80.1796213, 43.5150105], [-80.1799211, 43.5150373], [-80.1801548, 43.5150581], [-80.1820813, 43.5160673], [-80.1822524, 43.5158896], [-80.1820891, 43.5157441], [-80.1820465, 43.5156465], [-80.1818664, 43.5155522], [-80.1817231, 43.515383], [-80.1817241, 43.5152659], [-80.1818307, 43.515167], [-80.1819497, 43.5151063], [-80.1821225, 43.515109], [-80.1823774, 43.515126], [-80.1825016, 43.5152016], [-80.1825531, 43.5153098], [-80.1824528, 43.5156174], [-80.1825072, 43.515717], [-80.1827107, 43.5158153], [-80.1828807, 43.5158266], [-80.1828672, 43.5157502], [-80.1829121, 43.5154259], [-80.1835103, 43.5149606], [-80.1842454, 43.5149882], [-80.1844044, 43.5149185], [-80.1846376, 43.5148122], [-80.1846655, 43.5147268], [-80.1846201, 43.5146377], [-80.1847512, 43.5144257], [-80.184835, 43.5143589], [-80.1849546, 43.5143344], [-80.1858182, 43.5143481], [-80.1862462, 43.5142144], [-80.1866697, 43.5139807], [-80.1876052, 43.5139792], [-80.1878964, 43.5138429], [-80.1881248, 43.5139077], [-80.188298, 43.5137799], [-80.1884229, 43.5136394], [-80.1884874, 43.5135556], [-80.18875, 43.5136878], [-80.1888353, 43.5136432], [-80.188997, 43.5134475]], [[-80.1880392, 43.5130889], [-80.1878815, 43.5134588], [-80.1876441, 43.5136164], [-80.1874463, 43.5136905], [-80.18723, 43.5137074], [-80.1867471, 43.5137052], [-80.1865721, 43.5137472], [-80.1861163, 43.5139664], [-80.1857022, 43.5140573], [-80.1855897, 43.5139838], [-80.185402, 43.5136084], [-80.1851806, 43.5134889], [-80.1849541, 43.5134228], [-80.1847016, 43.5135507], [-80.1845848, 43.5135666], [-80.1844081, 43.5135], [-80.1842463, 43.5132735], [-80.1842946, 43.5130111], [-80.1844001, 43.5128397], [-80.1844462, 43.5126221], [-80.1849417, 43.512852], [-80.1852312, 43.5128388], [-80.1854555, 43.5129497], [-80.1854641, 43.5131137], [-80.18576, 43.5133092], [-80.1864549, 43.513384], [-80.1866119, 43.5133209], [-80.1866528, 43.5129669], [-80.187012, 43.5127401], [-80.1873071, 43.5127098], [-80.1876655, 43.5127897], [-80.187916, 43.5128961], [-80.1880392, 43.5130889]]], [[[-80.188997, 43.5134475], [-80.1875946, 43.5123984], [-80.1872473, 43.5122843], [-80.186258, 43.5128085], [-80.1860282, 43.5127147], [-80.1857233, 43.5125086], [-80.1852782, 43.5123144], [-80.1848312, 43.5120116], [-80.1844561, 43.5115378], [-80.184549, 43.5110513], [-80.183676, 43.5112681], [-80.1834959, 43.5117206], [-80.1833081, 43.5118982], [-80.1836382, 43.5120546], [-80.1839249, 43.5122866], [-80.184023, 43.5125129], [-80.1841233, 43.5127378], [-80.1838509, 43.5130788], [-80.1837147, 43.5131711], [-80.1830435, 43.5136261], [-80.1828957, 43.5137262], [-80.1826567, 43.5139648], [-80.1824595, 43.5140751], [-80.1823354, 43.5139995], [-80.1823155, 43.5136802], [-80.1821372, 43.5133778], [-80.1821318, 43.5133687], [-80.1820199, 43.5133313], [-80.1818005, 43.51351], [-80.181977, 43.5139196], [-80.1822243, 43.5141879], [-80.1825799, 43.5142764], [-80.1829443, 43.5141859], [-80.1834754, 43.5137361], [-80.1837643, 43.5136867], [-80.1840668, 43.5137479], [-80.1842614, 43.5138357], [-80.1843432, 43.5140032], [-80.1842288, 43.514164], [-80.1840075, 43.5142341], [-80.183642, 43.5142522], [-80.1836243, 43.5144206], [-80.1836993, 43.5145329], [-80.183643, 43.5146676], [-80.1829095, 43.514559], [-80.1827537, 43.5146945], [-80.1825503, 43.5147858], [-80.180856, 43.5148091], [-80.1804184, 43.514896], [-80.1801518, 43.514877], [-80.1800573, 43.5148246], [-80.1800196, 43.5146737], [-80.1799211, 43.5145574], [-80.1795538, 43.5144669], [-80.1789325, 43.5142422], [-80.178929, 43.514025], [-80.1790583, 43.5137044], [-80.1792711, 43.5134703], [-80.1795443, 43.5133551], [-80.1798657, 43.5133203], [-80.1798454, 43.5131543], [-80.1795017, 43.5127249], [-80.1791896, 43.5130183], [-80.178521, 43.5136469], [-80.1784909, 43.514084], [-80.1791172, 43.5144366], [-80.17892, 43.5147136], [-80.1796213, 43.5150105], [-80.1799211, 43.5150373], [-80.1801548, 43.5150581], [-80.1820813, 43.5160673], [-80.1822524, 43.5158896], [-80.1820891, 43.5157441], [-80.1820465, 43.5156465], [-80.1818664, 43.5155522], [-80.1817231, 43.515383], [-80.1817241, 43.5152659], [-80.1818307, 43.515167], [-80.1819497, 43.5151063], [-80.1821225, 43.515109], [-80.1823774, 43.515126], [-80.1825016, 43.5152016], [-80.1825531, 43.5153098], [-80.1824528, 43.5156174], [-80.1825072, 43.515717], [-80.1827107, 43.5158153], [-80.1828807, 43.5158266], [-80.1828672, 43.5157502], [-80.1829121, 43.5154259], [-80.1835103, 43.5149606], [-80.1842454, 43.5149882], [-80.1844044, 43.5149185], [-80.1846376, 43.5148122], [-80.1846655, 43.5147268], [-80.1846201, 43.5146377], [-80.1847512, 43.5144257], [-80.184835, 43.5143589], [-80.1849546, 43.5143344], [-80.1858182, 43.5143481], [-80.1862462, 43.5142144], [-80.1866697, 43.5139807], [-80.1876052, 43.5139792], [-80.1878964, 43.5138429], [-80.1881248, 43.5139077], [-80.188298, 43.5137799], [-80.1884229, 43.5136394], [-80.1884874, 43.5135556], [-80.18875, 43.5136878], [-80.1888353, 43.5136432], [-80.188997, 43.5134475]]], [[[-80.1931116, 43.5238246], [-80.1921648, 43.5231633], [-80.1904508, 43.5244411], [-80.190306, 43.5245986], [-80.1903355, 43.5250362], [-80.1906453, 43.5254378], [-80.1904522, 43.5255097], [-80.1904455, 43.5257237], [-80.1905166, 43.5257878], [-80.1931116, 43.5238246]]], [[[-80.185288, 43.508448], [-80.1850799, 43.5082508], [-80.1849986, 43.5081537], [-80.1848154, 43.5082366], [-80.1846409, 43.5082964], [-80.1842037, 43.5079755], [-80.1837245, 43.5085743], [-80.1831154, 43.5091341], [-80.1839255, 43.5098064], [-80.1844176, 43.5102631], [-80.1845348, 43.5103719], [-80.1838724, 43.5108442], [-80.1838183, 43.5109229], [-80.1836838, 43.5111185], [-80.183676, 43.5112681], [-80.184549, 43.5110513], [-80.1848114, 43.5108168], [-80.1848647, 43.5105011], [-80.1849115, 43.5101679], [-80.1844887, 43.5098704], [-80.1847159, 43.509437], [-80.1843466, 43.5091406], [-80.1845064, 43.5090139], [-80.1846767, 43.5088712], [-80.185288, 43.508448]]], [[[-80.2196116, 43.553551], [-80.2192553, 43.553273], [-80.2184864, 43.5528518], [-80.2159947, 43.5529194], [-80.2162462, 43.5530619], [-80.2168592, 43.5532758], [-80.2173571, 43.5536142], [-80.2176302, 43.5536522], [-80.2179389, 43.5535543], [-80.2179623, 43.5535469], [-80.2182596, 43.5536252], [-80.2184189, 43.5538602], [-80.2185566, 43.5541998], [-80.2187768, 43.5544002], [-80.2191446, 43.5544906], [-80.2192469, 43.5544811], [-80.219117, 43.554032], [-80.2191246, 43.5539719], [-80.2191318, 43.5539197], [-80.2192158, 43.5536995], [-80.2192223, 43.5535652], [-80.2193268, 43.553511], [-80.2194898, 43.5536203], [-80.2195146, 43.5536968], [-80.2196116, 43.553551]]], [[[-80.2192153, 43.550459], [-80.2192011, 43.5503235], [-80.218613, 43.5508608], [-80.2177186, 43.5518171], [-80.2159412, 43.5527025], [-80.2171757, 43.5526082], [-80.2174788, 43.5525159], [-80.2175591, 43.5524214], [-80.2175575, 43.5521594], [-80.2178034, 43.5519761], [-80.2192153, 43.550459]]], [[[-80.2434862, 43.5515506], [-80.2433708, 43.551468], [-80.2432796, 43.5514524], [-80.2430919, 43.551399], [-80.2430221, 43.55119], [-80.2427955, 43.5510617], [-80.2420619, 43.5516118], [-80.2420767, 43.5516915], [-80.2432501, 43.5525187], [-80.2434325, 43.5523233], [-80.2431683, 43.5520794], [-80.2430329, 43.551987], [-80.2429631, 43.5519083], [-80.2429095, 43.5517013], [-80.2428344, 43.5516566], [-80.2427043, 43.5516089], [-80.2425648, 43.5515603], [-80.2425152, 43.5514806], [-80.2425554, 43.5514126], [-80.2425823, 43.5513562], [-80.2426681, 43.5513105], [-80.2427472, 43.5513377], [-80.2427955, 43.5514398], [-80.2427942, 43.551502], [-80.2429457, 43.551573], [-80.2430221, 43.5517178], [-80.2431522, 43.5517246], [-80.2432971, 43.5516595], [-80.2433601, 43.5516225], [-80.2434305, 43.5516279], [-80.2434835, 43.5515856], [-80.2434862, 43.5515506]]], [[[-80.2424041, 43.5733924], [-80.2423026, 43.5732847], [-80.2414462, 43.5737423], [-80.2405754, 43.5730602], [-80.2404046, 43.5730128], [-80.2401198, 43.5733159], [-80.2399449, 43.5732046], [-80.2395114, 43.5735453], [-80.2392307, 43.5734159], [-80.2390084, 43.5736033], [-80.239235, 43.5743192], [-80.2395668, 43.5745207], [-80.2398428, 43.5745501], [-80.2400641, 43.5746332], [-80.2404744, 43.5746315], [-80.2407799, 43.5748374], [-80.2409454, 43.5747485], [-80.2400006, 43.5740265], [-80.2400927, 43.5739341], [-80.24111, 43.5742803], [-80.2415482, 43.5740397], [-80.2424041, 43.5733924]]], [[[-80.1909396, 43.4882027], [-80.1907148, 43.4880556], [-80.1906534, 43.488054], [-80.1905369, 43.4882595], [-80.1902704, 43.4882405], [-80.1902646, 43.4880681], [-80.1903304, 43.4879802], [-80.1889403, 43.4869424], [-80.1899053, 43.4864317], [-80.1900086, 43.4862281], [-80.1898107, 43.4861127], [-80.1897157, 43.4860241], [-80.1897347, 43.4855852], [-80.189673, 43.485394], [-80.1895236, 43.4852058], [-80.1894035, 43.4851941], [-80.1893257, 43.4850904], [-80.1892863, 43.4848309], [-80.1892873, 43.4847138], [-80.1893642, 43.4845917], [-80.1893328, 43.4844599], [-80.1891414, 43.4842103], [-80.1889451, 43.484014], [-80.1886923, 43.4837628], [-80.188524, 43.4836705], [-80.1882209, 43.4833836], [-80.1880557, 43.4835086], [-80.1878862, 43.4837941], [-80.1876395, 43.4841266], [-80.1871324, 43.4844295], [-80.186292, 43.485012], [-80.1836578, 43.4831703], [-80.1823197, 43.4841155], [-80.1828822, 43.4847159], [-80.1819958, 43.4852382], [-80.1842039, 43.4868664], [-80.1841754, 43.4870979], [-80.1839538, 43.4870983], [-80.1835064, 43.4875221], [-80.1837278, 43.487933], [-80.1845321, 43.4878732], [-80.1857621, 43.4869747], [-80.1861971, 43.4872755], [-80.1865111, 43.4873387], [-80.1865732, 43.4873765], [-80.1866599, 43.4874907], [-80.1865645, 43.4875555], [-80.1866015, 43.4876702], [-80.1867876, 43.4877835], [-80.187001, 43.4877753], [-80.1876629, 43.4876459], [-80.1878389, 43.4876763], [-80.1879603, 43.4877604], [-80.1881152, 43.4879316], [-80.1883567, 43.4880274], [-80.1884289, 43.4881482], [-80.1884023, 43.488306], [-80.1884415, 43.488376], [-80.1888534, 43.4885193], [-80.1892992, 43.4894716], [-80.1909396, 43.4882027]]], [[[-80.1892839, 43.4792446], [-80.1878028, 43.4784654], [-80.1874226, 43.4786434], [-80.1872145, 43.478788], [-80.1872254, 43.4790967], [-80.1873321, 43.4795302], [-80.1880108, 43.4800715], [-80.1881393, 43.4800576], [-80.1892839, 43.4792446]]], [[[-80.1888918, 43.4967197], [-80.1885774, 43.4965488], [-80.1881657, 43.4969069], [-80.1884346, 43.4970688], [-80.1888918, 43.4967197]]], [[[-80.2479145, 43.498766], [-80.2477455, 43.4987329], [-80.2478421, 43.498406], [-80.2477562, 43.4980577], [-80.2476543, 43.4979118], [-80.2474344, 43.4978476], [-80.2471769, 43.4978457], [-80.2470535, 43.4978826], [-80.2470455, 43.4983185], [-80.2469704, 43.4984274], [-80.2464218, 43.498484], [-80.245699, 43.4982757], [-80.2452135, 43.4979858], [-80.2448273, 43.49769], [-80.2445966, 43.4971063], [-80.2443123, 43.4971413], [-80.2449292, 43.498336], [-80.2455515, 43.4997796], [-80.2467853, 43.4995851], [-80.2468872, 43.4992426], [-80.2473639, 43.4991332], [-80.2475276, 43.4991253], [-80.2477017, 43.499047], [-80.2478746, 43.4988962], [-80.2479145, 43.498766]]], [[[-80.1719937, 43.5013152], [-80.1716439, 43.4999739], [-80.1717216, 43.49963], [-80.171732, 43.4994547], [-80.1702732, 43.499009], [-80.1696985, 43.4987562], [-80.1694079, 43.4986969], [-80.1690893, 43.4985335], [-80.1691645, 43.4983029], [-80.1692913, 43.4981804], [-80.1695839, 43.4980053], [-80.1695526, 43.4978735], [-80.1694306, 43.4977532], [-80.1694188, 43.4975616], [-80.1697064, 43.4974398], [-80.1697566, 43.4972861], [-80.1699739, 43.4971521], [-80.1703801, 43.4971231], [-80.1705995, 43.4969444], [-80.1707515, 43.4969346], [-80.1707648, 43.4968557], [-80.1706742, 43.4966775], [-80.170531, 43.4965084], [-80.1702615, 43.4963084], [-80.1698509, 43.4964269], [-80.1696548, 43.4964201], [-80.169144, 43.4963137], [-80.1688407, 43.4965591], [-80.1686184, 43.4965568], [-80.1684272, 43.4964967], [-80.1682424, 43.4966452], [-80.1681715, 43.4967864], [-80.1681655, 43.4969568], [-80.1683927, 43.4974384], [-80.168412, 43.4977215], [-80.1682314, 43.498313], [-80.1683091, 43.4984167], [-80.1685663, 43.4985785], [-80.1686602, 43.4985947], [-80.1687938, 43.4987171], [-80.1688666, 43.4988741], [-80.1692652, 43.4990964], [-80.1695846, 43.4994856], [-80.1719937, 43.5013152]]], [[[-80.209369, 43.4815932], [-80.2092901, 43.4813977], [-80.2073453, 43.4818103], [-80.2073923, 43.4819503], [-80.2074057, 43.4820419], [-80.2073992, 43.4820752], [-80.2074131, 43.4821738], [-80.2075027, 43.4822222], [-80.2076829, 43.4823109], [-80.2077147, 43.482351], [-80.2080329, 43.4824663], [-80.2081402, 43.4824929], [-80.2082533, 43.4824946], [-80.2084088, 43.4825343], [-80.2084939, 43.4825131], [-80.2088048, 43.4822693], [-80.2090884, 43.4821681], [-80.2091695, 43.4819961], [-80.209369, 43.4815932]]], [[[-80.1792903, 43.4883044], [-80.1790718, 43.4880202], [-80.1785696, 43.488072], [-80.1779229, 43.4880506], [-80.1770097, 43.488197], [-80.1769276, 43.4881829], [-80.1764228, 43.4884204], [-80.1761147, 43.4887546], [-80.174914, 43.4895737], [-80.1757564, 43.4902793], [-80.1766831, 43.4895268], [-80.1769229, 43.4896801], [-80.177471, 43.4900559], [-80.1784166, 43.4893863], [-80.1781454, 43.4890991], [-80.1787886, 43.48899], [-80.1789275, 43.4888954], [-80.1789938, 43.4887047], [-80.1792903, 43.4883044]]], [[[-80.1846053, 43.4801782], [-80.1845628, 43.4800806], [-80.1844353, 43.4799773], [-80.1843128, 43.4798208], [-80.1841076, 43.4796139], [-80.1838829, 43.4794668], [-80.183719, 43.4792851], [-80.183548, 43.4792014], [-80.183372, 43.479171], [-80.1833094, 43.479097], [-80.1832042, 43.4789254], [-80.1832073, 43.4787635], [-80.1833099, 43.4786008], [-80.1833394, 43.4784344], [-80.1833036, 43.4783921], [-80.1831047, 43.4783939], [-80.1826454, 43.4787386], [-80.1824744, 43.4786549], [-80.1823704, 43.4785558], [-80.1822032, 43.4783464], [-80.1815758, 43.4777236], [-80.1810918, 43.4774595], [-80.1799813, 43.4778632], [-80.179357, 43.4779538], [-80.1793234, 43.4778668], [-80.1792456, 43.4777631], [-80.1790388, 43.4776371], [-80.1785316, 43.4775585], [-80.1780645, 43.4774327], [-80.1778929, 43.4773128], [-80.1778381, 43.4771769], [-80.1776905, 43.4770973], [-80.1780745, 43.4767937], [-80.1781857, 43.4767948], [-80.178498, 43.4769391], [-80.1786651, 43.4769589], [-80.1787321, 43.4769434], [-80.1787794, 43.4767982], [-80.1786329, 43.4766014], [-80.1784674, 43.4765006], [-80.1788045, 43.4761889], [-80.1787339, 43.4759872], [-80.178346, 43.4756945], [-80.1781784, 43.4756385], [-80.1779706, 43.4756296], [-80.1775473, 43.4756738], [-80.1764473, 43.4765395], [-80.1756369, 43.4772387], [-80.1755021, 43.4775763], [-80.1752465, 43.477866], [-80.1751254, 43.4779714], [-80.1747842, 43.4780298], [-80.1746279, 43.4781291], [-80.174532, 43.4783472], [-80.1742803, 43.4785112], [-80.1741077, 43.4785084], [-80.1739256, 43.4784589], [-80.1735756, 43.4781638], [-80.1735214, 43.4780641], [-80.1736117, 43.4778632], [-80.1733566, 43.4774671], [-80.173921, 43.4771045], [-80.174921, 43.4767359], [-80.1754545, 43.4762776], [-80.1754528, 43.476169], [-80.1754392, 43.4760584], [-80.1753649, 43.4759824], [-80.1752883, 43.4759511], [-80.1750839, 43.4759699], [-80.1748752, 43.4760782], [-80.1747753, 43.4762324], [-80.1745928, 43.4763362], [-80.1744375, 43.4763184], [-80.1743665, 43.47627], [-80.1742647, 43.4761261], [-80.1741385, 43.4760952], [-80.1737076, 43.4758583], [-80.1735997, 43.4756953], [-80.1735677, 43.4755273], [-80.1735833, 43.4748712], [-80.1709874, 43.4769041], [-80.1712081, 43.4769873], [-80.1714864, 43.4771979], [-80.1723679, 43.4779911], [-80.1725037, 43.4780687], [-80.1728131, 43.4780319], [-80.1730171, 43.4781665], [-80.1731893, 43.4783226], [-80.1732562, 43.4788395], [-80.17333, 43.4788793], [-80.1738477, 43.4788876], [-80.1743945, 43.4794153], [-80.1743812, 43.4794942], [-80.1742483, 43.4795976], [-80.1742612, 43.4796721], [-80.1744802, 43.4796467], [-80.1747349, 43.4796637], [-80.1748216, 43.4797779], [-80.1748748, 43.4799947], [-80.1748643, 43.4800651], [-80.1746857, 43.4802327], [-80.1746715, 43.4806183], [-80.1748846, 43.480953], [-80.1750065, 43.4810733], [-80.1752636, 43.4812351], [-80.175686, 43.4813081], [-80.1758391, 43.4813707], [-80.1762628, 43.4817056], [-80.1767315, 43.482283], [-80.177224, 43.482711], [-80.177497, 43.4825958], [-80.1778218, 43.4827782], [-80.1782129, 43.482909], [-80.1783901, 43.4830118], [-80.1785031, 43.4831216], [-80.1786329, 43.4833696], [-80.1788017, 43.4834981], [-80.1792728, 43.4836878], [-80.1795047, 43.4837369], [-80.1796974, 43.483716], [-80.1797577, 43.4836452], [-80.1796547, 43.4834289], [-80.1794646, 43.4832516], [-80.1794029, 43.4830605], [-80.1794041, 43.4826005], [-80.1792822, 43.4824801], [-80.1787787, 43.4822758], [-80.1783707, 43.4820067], [-80.178308, 43.4819328], [-80.1795975, 43.4810185], [-80.1797802, 43.4811042], [-80.1802117, 43.4808449], [-80.1808439, 43.4812249], [-80.1815124, 43.4816833], [-80.1803374, 43.4829693], [-80.1805324, 43.4830932], [-80.1810185, 43.4831231], [-80.1815862, 43.4833204], [-80.1819861, 43.4832722], [-80.1821064, 43.482941], [-80.1821353, 43.4827385], [-80.1818585, 43.482447], [-80.1815202, 43.4821539], [-80.181457, 43.4820437], [-80.1814607, 43.481918], [-80.1815723, 43.4817658], [-80.1822212, 43.4815621], [-80.1824266, 43.4814261], [-80.1822983, 43.4810971], [-80.1822062, 43.4806571], [-80.1822086, 43.4802695], [-80.1821442, 43.4800869], [-80.1819558, 43.4800182], [-80.1816564, 43.4799484], [-80.1816524, 43.4798846], [-80.1821032, 43.4793759], [-80.1821249, 43.4792714], [-80.1820264, 43.4791551], [-80.1822652, 43.4789166], [-80.182411, 43.4788876], [-80.1826021, 43.4789477], [-80.1827592, 43.4790741], [-80.1830372, 43.479438], [-80.1831539, 43.4794221], [-80.1832159, 43.4794599], [-80.183072, 43.4795974], [-80.1830614, 43.4796678], [-80.1830855, 43.4797081], [-80.1831766, 43.4797328], [-80.1833058, 43.4799447], [-80.1831919, 43.479952], [-80.1831126, 43.4799293], [-80.1831489, 43.4800078], [-80.1835023, 43.4803305], [-80.1835214, 43.4804241], [-80.1835081, 43.480503], [-80.1833335, 43.4807345], [-80.1831086, 43.4809303], [-80.1831484, 43.4810365], [-80.1832916, 43.4812056], [-80.1835674, 43.4810818], [-80.1839513, 43.4807781], [-80.1846053, 43.4801782]]], [[[-80.1647937, 43.4919784], [-80.1647568, 43.4918637], [-80.164333, 43.4915287], [-80.1638351, 43.4913072], [-80.1632163, 43.4917597], [-80.1627117, 43.4923945], [-80.1624285, 43.4926163], [-80.1624287, 43.4928058], [-80.1623706, 43.4928319], [-80.1621655, 43.4928144], [-80.161986, 43.4925668], [-80.1613761, 43.4928403], [-80.1613264, 43.4930303], [-80.1616927, 43.4934276], [-80.1616783, 43.4936237], [-80.162178, 43.4939538], [-80.1647937, 43.4919784]]], [[[-80.2042484, 43.4850489], [-80.2040443, 43.4849144], [-80.2037383, 43.4846361], [-80.2033177, 43.4843289], [-80.2032328, 43.4843233], [-80.2029237, 43.4845497], [-80.202474, 43.4849413], [-80.2025206, 43.4851028], [-80.2028176, 43.4853706], [-80.2031453, 43.4855444], [-80.2033302, 43.4855854], [-80.2036894, 43.4855481], [-80.2038546, 43.4854592], [-80.2040192, 43.4853342], [-80.2042484, 43.4850489]]], [[[-80.2280826, 43.5006784], [-80.2279804, 43.5005691], [-80.2278788, 43.5005057], [-80.2276626, 43.5004086], [-80.2275197, 43.5002461], [-80.227217, 43.5], [-80.2268354, 43.499724], [-80.2263407, 43.498971], [-80.2259812, 43.4987926], [-80.2257535, 43.4986541], [-80.2255241, 43.4982537], [-80.2254158, 43.4979708], [-80.2252359, 43.497635], [-80.2244129, 43.4977826], [-80.2240531, 43.4981267], [-80.22659, 43.5], [-80.2276668, 43.5008154], [-80.2277282, 43.5008169], [-80.2280826, 43.5006784]]], [[[-80.167822, 43.4948938], [-80.1675585, 43.4945233], [-80.1674674, 43.4944986], [-80.167202, 43.4945519], [-80.1670047, 43.4944727], [-80.166936, 43.4943796], [-80.1669201, 43.4941241], [-80.1664846, 43.4937871], [-80.1663947, 43.4938347], [-80.1663125, 43.4938205], [-80.1662388, 43.4937807], [-80.1661845, 43.493681], [-80.1662331, 43.4936082], [-80.1655936, 43.4940482], [-80.1651431, 43.494593], [-80.164698, 43.4949312], [-80.1642261, 43.4952377], [-80.1638605, 43.4950662], [-80.1638796, 43.4951597], [-80.16402, 43.4953374], [-80.1644801, 43.4957509], [-80.1650966, 43.4960652], [-80.1657887, 43.4965278], [-80.167822, 43.4948938]]], [[[-80.2506944, 43.5467982], [-80.2506449, 43.5467466], [-80.2503203, 43.5469101], [-80.2503474, 43.5469384], [-80.2503761, 43.5469239], [-80.2503984, 43.5469472], [-80.2506944, 43.5467982]]], [[[-80.2289142, 43.5254398], [-80.2289138, 43.5254311], [-80.2288826, 43.5254036], [-80.2288783, 43.5254029], [-80.2288732, 43.5254035], [-80.2288677, 43.5254063], [-80.2288414, 43.525448], [-80.2288434, 43.5254517], [-80.2288479, 43.5254527], [-80.2289099, 43.525443], [-80.2289142, 43.5254398]]], [[[-80.2300749, 43.5666409], [-80.2295272, 43.5662531], [-80.2298308, 43.5660149], [-80.2297443, 43.5659554], [-80.2296617, 43.5658743], [-80.2290451, 43.5663597], [-80.2291265, 43.56643], [-80.229139, 43.5664912], [-80.2291359, 43.5666046], [-80.2297369, 43.5670718], [-80.2298088, 43.5670582], [-80.2299622, 43.5670514], [-80.2300749, 43.5666409]]], [[[-80.2284205, 43.5747224], [-80.2283448, 43.5746371], [-80.227659, 43.5742997], [-80.2273617, 43.5741788], [-80.2271822, 43.5742245], [-80.2271359, 43.5742012], [-80.2271331, 43.5741432], [-80.2268259, 43.5740274], [-80.2267586, 43.5740935], [-80.22676, 43.5739075], [-80.2265889, 43.5738303], [-80.2263968, 43.5737927], [-80.226312, 43.5738037], [-80.226232, 43.5738481], [-80.2261511, 43.5740116], [-80.2261376, 43.5742098], [-80.2259284, 43.574305], [-80.2257863, 43.5745304], [-80.2253604, 43.5750749], [-80.2252578, 43.575112], [-80.2246236, 43.5752161], [-80.2240326, 43.5750999], [-80.2212451, 43.5738982], [-80.2209054, 43.573912], [-80.2206146, 43.5740425], [-80.220244, 43.5741254], [-80.2198304, 43.5737092], [-80.2191818, 43.5740578], [-80.2189505, 43.573933], [-80.2188123, 43.5740171], [-80.2192656, 43.5743276], [-80.2233046, 43.5772468], [-80.2236508, 43.5774596], [-80.224223, 43.5777461], [-80.2264613, 43.5761408], [-80.2269101, 43.5758116], [-80.2279984, 43.575016], [-80.2280293, 43.575012], [-80.2284205, 43.5747224]]], [[[-80.2433541, 43.5205765], [-80.2430597, 43.5203655], [-80.2425578, 43.5207338], [-80.2428522, 43.5209447], [-80.2433541, 43.5205765]]], [[[-80.2340948, 43.5333617], [-80.2336019, 43.5330097], [-80.2333999, 43.5328902], [-80.2333336, 43.5328446], [-80.2326232, 43.5323552], [-80.2325819, 43.5323418], [-80.2325417, 43.5323337], [-80.2324947, 43.5323345], [-80.2324468, 43.5323485], [-80.232365, 43.5324257], [-80.2322921, 43.5325015], [-80.2317549, 43.532878], [-80.2316343, 43.5329314], [-80.2316122, 43.5329499], [-80.2316676, 43.5329954], [-80.2317009, 43.5329649], [-80.2322783, 43.5333658], [-80.2322245, 43.5334077], [-80.2323215, 43.5334703], [-80.2323379, 43.5334604], [-80.2324064, 43.533509], [-80.2323939, 43.5335222], [-80.2324306, 43.533553], [-80.2325503, 43.5334643], [-80.2325922, 43.5334952], [-80.232602, 43.5334904], [-80.2326419, 43.5334544], [-80.2328798, 43.5336314], [-80.2332254, 43.5334128], [-80.2334362, 43.5335611], [-80.2335453, 43.5336448], [-80.2340948, 43.5333617]]], [[[-80.2269944, 43.5298006], [-80.2263789, 43.5293611], [-80.2263561, 43.5293448], [-80.2260385, 43.5291065], [-80.225981, 43.5290618], [-80.2259007, 43.5290047], [-80.225808, 43.5290686], [-80.2257671, 43.5290963], [-80.2257112, 43.5291376], [-80.225663, 43.5291688], [-80.2253642, 43.5293664], [-80.2258124, 43.5296882], [-80.2258621, 43.5297224], [-80.2258286, 43.5297509], [-80.2259708, 43.5298549], [-80.2260723, 43.529925], [-80.2261604, 43.5299865], [-80.2263242, 43.530093], [-80.2263371, 43.5300522], [-80.2263524, 43.5300037], [-80.2263773, 43.5299496], [-80.2264143, 43.5298873], [-80.2264557, 43.5298532], [-80.2265284, 43.5298134], [-80.2267684, 43.5299609], [-80.2269944, 43.5298006]]], [[[-80.2664834, 43.52446], [-80.2663197, 43.5242466], [-80.2661132, 43.5242874], [-80.2658386, 43.5245834], [-80.2652654, 43.5254341], [-80.2648321, 43.5257881], [-80.2643988, 43.5263501], [-80.264584, 43.5264214], [-80.2651909, 43.5260265], [-80.2656191, 43.5255955], [-80.2657863, 43.525362], [-80.2660045, 43.5251288], [-80.2663088, 43.5247359], [-80.2664834, 43.52446]]], [[[-80.2669768, 43.5232761], [-80.266756, 43.5231086], [-80.2665708, 43.5233565], [-80.2663229, 43.5239224], [-80.2663064, 43.5240362], [-80.2665317, 43.5240537], [-80.2666404, 43.5239536], [-80.2669768, 43.5232761]]], [[[-80.2200253, 43.5495334], [-80.2197083, 43.5493254], [-80.2180596, 43.5501969], [-80.2173621, 43.5508531], [-80.2166364, 43.5514051], [-80.216215, 43.5515943], [-80.2155563, 43.5517878], [-80.2148237, 43.5519415], [-80.2142936, 43.551778], [-80.212495, 43.5517752], [-80.2120485, 43.5516983], [-80.2112144, 43.5517442], [-80.2107237, 43.5516507], [-80.2080753, 43.5509418], [-80.2076324, 43.5507391], [-80.2073918, 43.5507157], [-80.2062523, 43.5500229], [-80.205033, 43.5494608], [-80.204631, 43.5489041], [-80.2042597, 43.5485964], [-80.2039944, 43.5481536], [-80.2031524, 43.5477286], [-80.2025173, 43.5472401], [-80.2016666, 43.5469636], [-80.1997519, 43.5457253], [-80.1993261, 43.5463825], [-80.1991919, 43.5466547], [-80.1984764, 43.5471357], [-80.1983318, 43.547318], [-80.1983526, 43.5473887], [-80.1992121, 43.5475594], [-80.1994773, 43.5477722], [-80.2004531, 43.5483195], [-80.2012181, 43.5485236], [-80.2015363, 43.5484611], [-80.2017763, 43.5484483], [-80.2019711, 43.548536], [-80.2020719, 43.5486076], [-80.2021516, 43.5488199], [-80.2021915, 43.5489261], [-80.2027002, 43.5490408], [-80.202904, 43.5491391], [-80.2029417, 43.54929], [-80.203638, 43.5499336], [-80.2038919, 43.550221], [-80.2040615, 43.5504286], [-80.2041789, 43.5504482], [-80.2042744, 43.5504642], [-80.2044141, 43.5504464], [-80.2045641, 43.5504813], [-80.2049528, 43.5507739], [-80.2051566, 43.5508722], [-80.2054309, 43.5509827], [-80.2058249, 43.5510686], [-80.2072489, 43.5516118], [-80.2074707, 43.5517312], [-80.2075229, 43.5518756], [-80.2076867, 43.5520337], [-80.2080756, 43.5522213], [-80.2082782, 43.552402], [-80.2083519, 43.5524438], [-80.2083948, 43.552543], [-80.208655, 43.5526985], [-80.2094892, 43.552431], [-80.2096787, 43.5520394], [-80.2098166, 43.5518826], [-80.2102323, 43.5518639], [-80.211974, 43.5523083], [-80.2145844, 43.5523336], [-80.2147848, 43.5524042], [-80.2148585, 43.5525974], [-80.2143733, 43.5528298], [-80.2126668, 43.5527345], [-80.211764, 43.5525339], [-80.209714, 43.5527315], [-80.2092909, 43.5530016], [-80.2093698, 43.5531582], [-80.2096466, 43.5532434], [-80.2099063, 43.5532593], [-80.2101651, 43.5533341], [-80.2104118, 43.5533973], [-80.2106264, 43.5533905], [-80.2108356, 43.5534624], [-80.2112326, 43.5535732], [-80.2116631, 43.5537356], [-80.2119541, 43.5537987], [-80.2123229, 43.5538979], [-80.2124678, 43.5539329], [-80.212559, 43.5539358], [-80.2126247, 43.5539853], [-80.2127025, 43.5540096], [-80.2129492, 43.5540174], [-80.2131061, 43.5540028], [-80.213313, 43.5540282], [-80.213487, 43.553928], [-80.2137137, 43.5538264], [-80.2138652, 43.5536792], [-80.2138934, 43.5535509], [-80.2138692, 43.5535023], [-80.2137834, 43.5534974], [-80.2136949, 43.5535324], [-80.2136922, 43.5534799], [-80.2137177, 43.5533905], [-80.2137566, 43.5533264], [-80.2138478, 43.5532749], [-80.2141991, 43.5531436], [-80.2144405, 43.5530503], [-80.2146108, 43.5529813], [-80.2149501, 43.5528871], [-80.2152036, 43.5528871], [-80.2153444, 43.5527481], [-80.2153766, 43.5526499], [-80.2156355, 43.552544], [-80.2158755, 43.5524555], [-80.2161813, 43.5522864], [-80.2164777, 43.5521309], [-80.2167928, 43.5519977], [-80.2169645, 43.5519831], [-80.2171224, 43.5518949], [-80.2172153, 43.5518189], [-80.2172461, 43.5517693], [-80.2172273, 43.5516867], [-80.2173387, 43.5515866], [-80.2175599, 43.551469], [-80.2176887, 43.5514243], [-80.2177624, 43.5513445], [-80.2179234, 43.5512133], [-80.2184404, 43.5507047], [-80.2187555, 43.5504611], [-80.2190056, 43.5501882], [-80.2195263, 43.5498085], [-80.2200253, 43.5495334]]], [[[-80.2819019, 43.5175736], [-80.2810209, 43.5169086], [-80.2802072, 43.5174756], [-80.2810883, 43.5181405], [-80.2819019, 43.5175736]]], [[[-80.2204835, 43.5649951], [-80.2186794, 43.5637079], [-80.2181581, 43.5641276], [-80.218066, 43.5642551], [-80.2183275, 43.5644573], [-80.2184812, 43.5645657], [-80.2190458, 43.5649505], [-80.2190063, 43.5652437], [-80.2204114, 43.5653447], [-80.2204835, 43.5649951]]], [[[-80.2214313, 43.5738442], [-80.2196151, 43.5726822], [-80.2182974, 43.5737012], [-80.2188123, 43.5740171], [-80.2189505, 43.573933], [-80.2191818, 43.5740578], [-80.2198304, 43.5737092], [-80.220244, 43.5741254], [-80.2206146, 43.5740425], [-80.2209054, 43.573912], [-80.2212451, 43.5738982], [-80.2214313, 43.5738442]]], [[[-80.2364183, 43.5113575], [-80.2361709, 43.510937], [-80.235894, 43.5104619], [-80.2354265, 43.5105695], [-80.2354784, 43.5109176], [-80.235027, 43.5109823], [-80.2350943, 43.5112411], [-80.2355565, 43.5111997], [-80.2355756, 43.5115532], [-80.2355168, 43.511867], [-80.2355915, 43.5118899], [-80.2356662, 43.5119176], [-80.2361837, 43.5115394], [-80.2364183, 43.5113575]]], [[[-80.2456836, 43.50915], [-80.2447119, 43.5084132], [-80.2449518, 43.5082028], [-80.2447284, 43.5080062], [-80.24442, 43.5082799], [-80.2442457, 43.5081359], [-80.2431465, 43.5097667], [-80.2434786, 43.5101502], [-80.2452118, 43.5095062], [-80.2456836, 43.50915]]], [[[-80.237055, 43.5579646], [-80.2362793, 43.5574108], [-80.2362413, 43.5573837], [-80.236303, 43.5573318], [-80.2362036, 43.5572664], [-80.2357305, 43.5569554], [-80.2338147, 43.5584583], [-80.2352321, 43.5594385], [-80.2366395, 43.5583466], [-80.2366263, 43.5583109], [-80.2366402, 43.5582806], [-80.237055, 43.5579646]]], [[[-80.2446925, 43.5522922], [-80.24369, 43.5515642], [-80.2428773, 43.5509888], [-80.2420485, 43.5516094], [-80.2420559, 43.5516886], [-80.243122, 43.5524512], [-80.2437517, 43.5528997], [-80.2437965, 43.5529032], [-80.2438516, 43.5529075], [-80.2446335, 43.5523354], [-80.2446925, 43.5522922]]], [[[-80.2264969, 43.5213332], [-80.225531, 43.5206291], [-80.225483, 43.5205941], [-80.2248021, 43.5201178], [-80.2240225, 43.5207074], [-80.2239308, 43.5206462], [-80.223494, 43.5209578], [-80.2242365, 43.521474], [-80.2245598, 43.5212364], [-80.2256249, 43.5219773], [-80.2263842, 43.5214071], [-80.2264969, 43.5213332]]], [[[-80.2220665, 43.5223551], [-80.2212033, 43.5217305], [-80.2205182, 43.5222352], [-80.2214106, 43.5228468], [-80.2220665, 43.5223551]]], [[[-80.2182321, 43.5223681], [-80.2179666, 43.5217511], [-80.21789, 43.5215885], [-80.2178411, 43.5215318], [-80.2177038, 43.521426], [-80.2172632, 43.521747], [-80.2170679, 43.5216143], [-80.2161424, 43.5222823], [-80.2166263, 43.5226021], [-80.2169907, 43.5228336], [-80.217587, 43.5224439], [-80.2181835, 43.5224205], [-80.2182321, 43.5223681]]], [[[-80.1835191, 43.5167679], [-80.1828892, 43.515871], [-80.1825251, 43.5158501], [-80.1811034, 43.5168308], [-80.1822592, 43.5177066], [-80.1835191, 43.5167679]]], [[[-80.1904079, 43.5043293], [-80.1903315, 43.5042301], [-80.1902631, 43.5041522], [-80.1901612, 43.5040613], [-80.1894849, 43.5045461], [-80.1892305, 43.5043502], [-80.1891889, 43.5043147], [-80.1891882, 43.5042845], [-80.1890719, 43.5042841], [-80.1889622, 43.5042566], [-80.1883849, 43.5046921], [-80.188412, 43.5047247], [-80.1884315, 43.5047609], [-80.1884369, 43.5047894], [-80.1884412, 43.5048332], [-80.1887899, 43.5050744], [-80.1879698, 43.5056964], [-80.1877385, 43.5054294], [-80.1876547, 43.5054226], [-80.1874334, 43.5056853], [-80.1861496, 43.5047821], [-80.1859967, 43.5049234], [-80.1872864, 43.5058324], [-80.1869268, 43.5059747], [-80.1869278, 43.5060388], [-80.1872932, 43.5061969], [-80.1868406, 43.5065237], [-80.1861942, 43.5070305], [-80.1857811, 43.5075071], [-80.1857392, 43.507504], [-80.1855062, 43.5072255], [-80.1853848, 43.5072562], [-80.1851843, 43.5074726], [-80.1855867, 43.5077513], [-80.1854888, 43.5078549], [-80.1852326, 43.5080596], [-80.1854921, 43.5083091], [-80.1858683, 43.5080197], [-80.1864745, 43.5073077], [-80.1866475, 43.5071715], [-80.1876386, 43.5064099], [-80.1880932, 43.5064372], [-80.1889247, 43.5070208], [-80.1891158, 43.5068802], [-80.1882642, 43.5062908], [-80.1886209, 43.5060982], [-80.1886498, 43.5060306], [-80.1882756, 43.5059177], [-80.1904079, 43.5043293]]], [[[-80.2758069, 43.5196877], [-80.2730669, 43.5185938], [-80.272904, 43.5190842], [-80.2724396, 43.5190139], [-80.2723441, 43.5192321], [-80.2727967, 43.5194538], [-80.274554, 43.5206125], [-80.2758069, 43.5196877]]], [[[-80.2833076, 43.5261376], [-80.2832831, 43.5259883], [-80.2824591, 43.5260088], [-80.2814805, 43.5259102], [-80.2815729, 43.525602], [-80.281428, 43.5255761], [-80.2813428, 43.5258743], [-80.2806525, 43.5257695], [-80.2804441, 43.5261504], [-80.2801773, 43.5265192], [-80.2798521, 43.5263076], [-80.279627, 43.5264648], [-80.2799105, 43.5266945], [-80.27891, 43.5274622], [-80.2797429, 43.528174], [-80.2804121, 43.5279125], [-80.2808641, 43.5275848], [-80.2810854, 43.5275644], [-80.281078, 43.5275323], [-80.281076, 43.5274949], [-80.2810813, 43.5274375], [-80.2807461, 43.5272148], [-80.2807702, 43.5271978], [-80.2810532, 43.5269975], [-80.2833076, 43.5261376]]], [[[-80.2544193, 43.5240034], [-80.2543456, 43.5239227], [-80.2539585, 43.5234003], [-80.2533999, 43.5226385], [-80.2530409, 43.5221705], [-80.2514107, 43.5234324], [-80.2496833, 43.5246809], [-80.2483751, 43.5256912], [-80.2475323, 43.5263059], [-80.2475107, 43.5267726], [-80.2489432, 43.5277541], [-80.248658, 43.5279699], [-80.2470467, 43.5291928], [-80.2472279, 43.5293029], [-80.2480137, 43.5287331], [-80.2489045, 43.5280649], [-80.2497605, 43.5286754], [-80.2509416, 43.5278832], [-80.2514618, 43.5272859], [-80.2514942, 43.5272372], [-80.2515143, 43.5271813], [-80.2515432, 43.5270679], [-80.2515651, 43.5268808], [-80.2515876, 43.5267505], [-80.2516221, 43.5266184], [-80.2516419, 43.5265779], [-80.2516762, 43.5265045], [-80.2517255, 43.5264311], [-80.2517695, 43.5263792], [-80.2518003, 43.5263463], [-80.2518406, 43.5263108], [-80.2519276, 43.5262355], [-80.2516204, 43.5260142], [-80.2541011, 43.5242021], [-80.2544193, 43.5240034]]], [[[-80.2537193, 43.5126705], [-80.2532116, 43.5124889], [-80.2526098, 43.5120585], [-80.2529219, 43.5118364], [-80.2523533, 43.5114406], [-80.2520602, 43.5116489], [-80.2517961, 43.5114718], [-80.2515013, 43.5113382], [-80.2512285, 43.5112758], [-80.2511846, 43.511277], [-80.2509744, 43.5112119], [-80.2508012, 43.5116042], [-80.2507949, 43.5116279], [-80.2507241, 43.511892], [-80.2511513, 43.5122222], [-80.2504873, 43.5127311], [-80.2516692, 43.5134752], [-80.2517581, 43.5134152], [-80.2520211, 43.5134219], [-80.2520452, 43.5134235], [-80.2520739, 43.513425], [-80.2523042, 43.5134373], [-80.2525879, 43.5134525], [-80.2527551, 43.513019], [-80.2530224, 43.5130892], [-80.2531968, 43.5131359], [-80.2532743, 43.5130142], [-80.253336, 43.5129568], [-80.2534816, 43.5128463], [-80.2536017, 43.5127641], [-80.2537193, 43.5126705]]], [[[-80.2647019, 43.5328359], [-80.2621688, 43.5325359], [-80.2620444, 43.5326299], [-80.2620184, 43.5326687], [-80.2614556, 43.5330749], [-80.2620784, 43.5335175], [-80.2621197, 43.5334881], [-80.2624005, 43.5332882], [-80.262959, 43.5336678], [-80.2639987, 43.5343915], [-80.2638509, 43.5347855], [-80.2639919, 43.5348101], [-80.2641175, 43.5344622], [-80.2647019, 43.5328359]]], [[[-80.2546797, 43.5526564], [-80.2546398, 43.5525194], [-80.2545683, 43.5523605], [-80.2543405, 43.5520028], [-80.2542894, 43.5519427], [-80.2540801, 43.5516964], [-80.2537079, 43.5512753], [-80.2532668, 43.5508272], [-80.2527086, 43.5511456], [-80.2530829, 43.5515164], [-80.2536177, 43.5520877], [-80.2542722, 43.5527572], [-80.2543392, 43.5528242], [-80.2546797, 43.5526564]]], [[[-80.2715815, 43.5423514], [-80.2711468, 43.5420339], [-80.2706684, 43.5423781], [-80.2711031, 43.5426956], [-80.2715815, 43.5423514]]], [[[-80.2877733, 43.5284979], [-80.2868928, 43.5278958], [-80.2866378, 43.5277326], [-80.2774806, 43.5312723], [-80.276309, 43.5317134], [-80.275393, 43.5320438], [-80.2752527, 43.5321111], [-80.2752625, 43.532296], [-80.2772202, 43.533648], [-80.2792807, 43.5322135], [-80.2793764, 43.5321503], [-80.2793903, 43.5321412], [-80.2796973, 43.5319385], [-80.2803221, 43.5317389], [-80.2809637, 43.5316608], [-80.28089, 43.5315207], [-80.2808125, 43.5315062], [-80.280893, 43.5312482], [-80.280968, 43.5312598], [-80.2809836, 43.5312077], [-80.2810059, 43.5312121], [-80.2810378, 43.5312184], [-80.2816177, 43.5313326], [-80.2819178, 43.5314175], [-80.2821077, 43.5314712], [-80.282081, 43.5315091], [-80.2822285, 43.5315678], [-80.2823601, 43.5316548], [-80.2827582, 43.5317472], [-80.2828141, 43.5317012], [-80.2829018, 43.5316345], [-80.2835803, 43.5311188], [-80.2836835, 43.5311469], [-80.2843316, 43.5313237], [-80.284458, 43.531685], [-80.2840563, 43.5323969], [-80.2844475, 43.5324824], [-80.284811, 43.5325446], [-80.2850537, 43.5325772], [-80.285841, 43.5310928], [-80.2858081, 43.5310586], [-80.285476, 43.5305868], [-80.2855187, 43.5303697], [-80.2852954, 43.5299424], [-80.2851749, 43.5298854], [-80.2850461, 43.5300709], [-80.2848219, 43.530064], [-80.2840891, 43.5295741], [-80.2845736, 43.5291588], [-80.284758, 43.5290879], [-80.2850423, 43.5290667], [-80.2863273, 43.5290193], [-80.2873075, 43.5283465], [-80.2876591, 43.5285842], [-80.2877733, 43.5284979]]], [[[-80.295515, 43.5300909], [-80.2950771, 43.5298063], [-80.2947075, 43.5295531], [-80.2936869, 43.5285028], [-80.2934098, 43.5280944], [-80.2933549, 43.528016], [-80.2931717, 43.5280586], [-80.2927426, 43.5281997], [-80.2924197, 43.5283558], [-80.2921151, 43.528605], [-80.2924924, 43.5288439], [-80.2927813, 43.5285688], [-80.2928924, 43.5286338], [-80.2930759, 43.5287413], [-80.2935907, 43.5291928], [-80.2937028, 43.529294], [-80.2938345, 43.529413], [-80.2940819, 43.5296695], [-80.2943262, 43.5300218], [-80.2945609, 43.5305262], [-80.2947987, 43.5305534], [-80.2951171, 43.5306619], [-80.2953206, 43.5303696], [-80.295515, 43.5300909]]], [[[-80.2600524, 43.5390251], [-80.2593205, 43.5384974], [-80.259303, 43.5385008], [-80.2592886, 43.5385072], [-80.2592741, 43.5385157], [-80.2592488, 43.5385325], [-80.2588729, 43.5388082], [-80.2583066, 43.5392235], [-80.2582631, 43.5392601], [-80.2582477, 43.5392965], [-80.25826, 43.5393202], [-80.2582733, 43.5393442], [-80.2585837, 43.5396681], [-80.2586593, 43.539747], [-80.2589549, 43.5395953], [-80.2593033, 43.5398481], [-80.2596038, 43.5396248], [-80.2597703, 43.5395014], [-80.2599147, 43.5393944], [-80.2597408, 43.5392622], [-80.2600524, 43.5390251]]], [[[-80.2531327, 43.5744323], [-80.2525105, 43.5739786], [-80.2527773, 43.573786], [-80.2523448, 43.5734709], [-80.2522966, 43.5734495], [-80.2522329, 43.5734437], [-80.2522087, 43.573449], [-80.2521631, 43.5734782], [-80.2509722, 43.5743254], [-80.2520216, 43.5750731], [-80.2522521, 43.5749042], [-80.252316, 43.5748724], [-80.2524065, 43.5748491], [-80.252495, 43.5748486], [-80.2525789, 43.5748598], [-80.2531327, 43.5744323]]], [[[-80.2596039, 43.5746754], [-80.2577264, 43.5731873], [-80.2567966, 43.573177], [-80.2568127, 43.5736366], [-80.2570684, 43.5738432], [-80.2589056, 43.5751809], [-80.2596039, 43.5746754]]], [[[-80.2678737, 43.5761079], [-80.2673481, 43.5756933], [-80.2670277, 43.5754872], [-80.2666369, 43.5752077], [-80.2665707, 43.5752381], [-80.2664891, 43.5752578], [-80.2664362, 43.5752632], [-80.2663833, 43.5752588], [-80.2663198, 43.5752471], [-80.266252, 43.5752233], [-80.266098, 43.5753365], [-80.2659352, 43.5754531], [-80.2663762, 43.5757763], [-80.266223, 43.5758876], [-80.2664856, 43.5760816], [-80.2667768, 43.5762922], [-80.2672249, 43.5766229], [-80.2675058, 43.5768299], [-80.2676552, 43.5767202], [-80.2673667, 43.5765076], [-80.2673554, 43.5764715], [-80.2678737, 43.5761079]]], [[[-80.2502975, 43.5690721], [-80.2486383, 43.5679753], [-80.2489952, 43.5676218], [-80.2480512, 43.5675629], [-80.247982, 43.5681279], [-80.2479669, 43.5683925], [-80.247895, 43.5688038], [-80.2478957, 43.5688378], [-80.2479057, 43.5688646], [-80.2479361, 43.5688909], [-80.2482786, 43.5691441], [-80.2486067, 43.5693812], [-80.248851, 43.569195], [-80.2492697, 43.5694673], [-80.2493889, 43.5693772], [-80.249579, 43.569493], [-80.249693, 43.5695897], [-80.2502975, 43.5690721]]], [[[-80.2559893, 43.5802121], [-80.2545141, 43.5791327], [-80.2534878, 43.5799073], [-80.2549526, 43.5809742], [-80.2555062, 43.5805657], [-80.2559893, 43.5802121]]], [[[-80.2600491, 43.5794673], [-80.2597127, 43.5792147], [-80.2591061, 43.5787772], [-80.2587053, 43.5790707], [-80.2585742, 43.5791667], [-80.2582241, 43.579423], [-80.2587029, 43.5797467], [-80.2590844, 43.5799562], [-80.2591843, 43.5798782], [-80.259287, 43.5798031], [-80.2593528, 43.5797558], [-80.2594131, 43.5797105], [-80.2594678, 43.5796706], [-80.2594995, 43.5796476], [-80.2595312, 43.5796272], [-80.2595721, 43.579609], [-80.259617, 43.5795908], [-80.259681, 43.5795729], [-80.2597503, 43.579554], [-80.2598699, 43.5795216], [-80.2600491, 43.5794673]]], [[[-80.1956303, 43.5111839], [-80.1950544, 43.5107154], [-80.1946164, 43.5103591], [-80.1943107, 43.5103435], [-80.1942407, 43.5107248], [-80.1940851, 43.5110049], [-80.1934416, 43.5114718], [-80.1940425, 43.5119153], [-80.194142, 43.5121518], [-80.1941253, 43.512261], [-80.1939884, 43.5123892], [-80.1940401, 43.5124292], [-80.1952706, 43.5114578], [-80.1956303, 43.5111839]]], [[[-80.1947492, 43.5070078], [-80.1946513, 43.5067465], [-80.193624, 43.5074974], [-80.193101, 43.5071531], [-80.1927091, 43.5060988], [-80.1924036, 43.5054392], [-80.1920764, 43.5055365], [-80.1918911, 43.5056844], [-80.1918296, 43.5058614], [-80.1921783, 43.5057874], [-80.1927228, 43.5071784], [-80.1927386, 43.5075501], [-80.1923553, 43.5075714], [-80.192348, 43.5077495], [-80.1927711, 43.5077835], [-80.1927708, 43.5081492], [-80.1940046, 43.5090052], [-80.194294, 43.5089073], [-80.1931813, 43.5081028], [-80.1947492, 43.5070078]]], [[[-80.2297075, 43.5135744], [-80.2295961, 43.513566], [-80.2295061, 43.5135768], [-80.2294034, 43.5135986], [-80.2293118, 43.5135978], [-80.2291937, 43.5135492], [-80.2289498, 43.5133719], [-80.2288058, 43.5131676], [-80.2287161, 43.513062], [-80.2285861, 43.5130202], [-80.2284933, 43.5129938], [-80.2284359, 43.5129314], [-80.2284364, 43.5127642], [-80.2282817, 43.5126401], [-80.2281208, 43.5125972], [-80.227969, 43.5125731], [-80.2278156, 43.5125285], [-80.22774, 43.51253], [-80.2277022, 43.5125588], [-80.2276266, 43.5126524], [-80.2274613, 43.5128292], [-80.2274066, 43.5129776], [-80.2275025, 43.5130947], [-80.2276737, 43.5131881], [-80.2279929, 43.5133373], [-80.2280427, 43.5134299], [-80.2279792, 43.5135326], [-80.2279155, 43.5135763], [-80.2278094, 43.5135841], [-80.2277482, 43.5135392], [-80.2276824, 43.5134494], [-80.2276357, 43.5133931], [-80.2273662, 43.513416], [-80.2272171, 43.513467], [-80.2271006, 43.5135504], [-80.2270888, 43.5135588], [-80.2270656, 43.5136052], [-80.2271132, 43.5137003], [-80.22718, 43.5138598], [-80.227165, 43.513958], [-80.2270825, 43.5140972], [-80.2266465, 43.5141034], [-80.2264835, 43.5139183], [-80.2263698, 43.5137287], [-80.2262873, 43.5136445], [-80.2260399, 43.5131133], [-80.2259713, 43.5128994], [-80.2258888, 43.5127422], [-80.2257947, 43.5126124], [-80.2255281, 43.5123976], [-80.2253056, 43.5123177], [-80.225207, 43.5123052], [-80.225149, 43.5123249], [-80.2250898, 43.5123641], [-80.225035, 43.512363], [-80.2249536, 43.5123274], [-80.2249207, 43.512323], [-80.2249091, 43.5123514], [-80.2249253, 43.5123887], [-80.2249875, 43.5124538], [-80.2250038, 43.5125103], [-80.2250043, 43.5125578], [-80.2250229, 43.5126092], [-80.2250565, 43.5126376], [-80.2251026, 43.5126379], [-80.225184, 43.5126128], [-80.2252408, 43.5126216], [-80.2254004, 43.5127218], [-80.2255387, 43.5128772], [-80.2255643, 43.5129807], [-80.2255419, 43.5131483], [-80.2255847, 43.5132694], [-80.2256769, 43.513386], [-80.2262433, 43.5139708], [-80.2261587, 43.5141548], [-80.2232947, 43.5120942], [-80.2212455, 43.5137125], [-80.2228496, 43.5148369], [-80.2233544, 43.5145397], [-80.2236909, 43.5147724], [-80.224163, 43.5147826], [-80.2246678, 43.5146848], [-80.2249174, 43.5146661], [-80.2250979, 43.5147254], [-80.2252455, 43.5148278], [-80.2252929, 43.5150254], [-80.2252629, 43.5151557], [-80.2253611, 43.5152029], [-80.2254917, 43.5151669], [-80.2256313, 43.5151288], [-80.2273022, 43.514108], [-80.2274166, 43.514039], [-80.2278211, 43.5139761], [-80.2279071, 43.513867], [-80.2280224, 43.5137617], [-80.2281642, 43.5136969], [-80.2283237, 43.5136732], [-80.2283161, 43.5136179], [-80.2283497, 43.5135429], [-80.2283996, 43.5134847], [-80.228504, 43.5134349], [-80.2285912, 43.5134016], [-80.2286675, 43.5133866], [-80.2287586, 43.5134021], [-80.2288456, 43.5134375], [-80.228945, 43.5135068], [-80.2291494, 43.5136819], [-80.2292099, 43.5137266], [-80.2292658, 43.5137511], [-80.2293418, 43.5137461], [-80.2297075, 43.5135744]]], [[[-80.2338043, 43.5066401], [-80.2324003, 43.5055791], [-80.2310141, 43.5045415], [-80.2304193, 43.5049347], [-80.2304829, 43.5049452], [-80.2306647, 43.504975], [-80.2308319, 43.5050769], [-80.2309687, 43.5051706], [-80.2320382, 43.5059741], [-80.2330846, 43.5067582], [-80.2333699, 43.5069626], [-80.2333623, 43.5070055], [-80.2334246, 43.5069559], [-80.2338043, 43.5066401]]], [[[-80.2343131, 43.5063185], [-80.2342955, 43.506264], [-80.2330256, 43.5054139], [-80.2314715, 43.5042418], [-80.23113, 43.5044615], [-80.2313758, 43.5046315], [-80.2315558, 43.504768], [-80.2337054, 43.5063725], [-80.2338226, 43.5064023], [-80.2338602, 43.5064589], [-80.233871, 43.5064998], [-80.2339639, 43.5065655], [-80.2340322, 43.5065641], [-80.234274, 43.5063692], [-80.2343131, 43.5063185]]], [[[-80.2421449, 43.513444], [-80.2402299, 43.5112303], [-80.2390336, 43.5099543], [-80.2383845, 43.509359], [-80.2365123, 43.5079584], [-80.2346345, 43.5065417], [-80.2341091, 43.5068438], [-80.2355924, 43.507941], [-80.235182, 43.5082445], [-80.2351973, 43.5082551], [-80.2354831, 43.5084592], [-80.2360354, 43.5088353], [-80.2363889, 43.5085925], [-80.2374937, 43.5093703], [-80.2382287, 43.5098527], [-80.239205, 43.5106464], [-80.2399187, 43.5114521], [-80.239956, 43.5117941], [-80.239688, 43.5125842], [-80.2403798, 43.5137743], [-80.2402242, 43.5141828], [-80.2413013, 43.5133702], [-80.2415213, 43.5132042], [-80.2415546, 43.5131791], [-80.2417477, 43.5133074], [-80.2419894, 43.5135724], [-80.2421449, 43.513444]]], [[[-80.2623663, 43.5498098], [-80.2623037, 43.5494879], [-80.2617246, 43.549547], [-80.261787, 43.5498689], [-80.2623663, 43.5498098]]], [[[-80.2137965, 43.525972], [-80.2122719, 43.5248703], [-80.2113509, 43.5247156], [-80.2107837, 43.5245345], [-80.2107473, 43.524576], [-80.2103831, 43.5248627], [-80.2128651, 43.5266511], [-80.2137965, 43.525972]]], [[[-80.2312715, 43.5152815], [-80.2307932, 43.5146251], [-80.2304252, 43.5137606], [-80.2305135, 43.5133924], [-80.2308226, 43.5130775], [-80.2303108, 43.5129615], [-80.2303274, 43.512604], [-80.2301289, 43.5122305], [-80.2302518, 43.5121134], [-80.2297997, 43.5119514], [-80.2284898, 43.511263], [-80.2279379, 43.5108307], [-80.2273124, 43.5109748], [-80.2271505, 43.5106706], [-80.2261702, 43.5108719], [-80.2252871, 43.5110907], [-80.2243599, 43.5114696], [-80.2232947, 43.5120942], [-80.2212455, 43.5137125], [-80.2228496, 43.5148369], [-80.2228734, 43.5148584], [-80.2235725, 43.5151733], [-80.224382, 43.5153707], [-80.225162, 43.5154775], [-80.2256313, 43.5151288], [-80.2274166, 43.514039], [-80.2287621, 43.5140381], [-80.2295495, 43.5145558], [-80.2296673, 43.5152442], [-80.2304252, 43.5156658], [-80.2308668, 43.5154363], [-80.2312715, 43.5152815]]], [[[-80.2150742, 43.5140384], [-80.2140805, 43.5133532], [-80.2131092, 43.514094], [-80.2133644, 43.51427], [-80.2136794, 43.5140297], [-80.214418, 43.5145389], [-80.2150742, 43.5140384]]], [[[-80.2190084, 43.5093564], [-80.2188221, 43.5092097], [-80.2188009, 43.5092175], [-80.2187476, 43.5091827], [-80.2187583, 43.5091711], [-80.2186785, 43.5091171], [-80.2184709, 43.5088662], [-80.2184017, 43.5088508], [-80.2182953, 43.5087659], [-80.2182634, 43.5087273], [-80.2180133, 43.5086269], [-80.2179175, 43.5085382], [-80.2178217, 43.5084224], [-80.2177366, 43.5083915], [-80.2170448, 43.5089126], [-80.2170661, 43.5089782], [-80.2172736, 43.5090554], [-80.2173321, 43.5090554], [-80.2173321, 43.5090747], [-80.2175982, 43.5092406], [-80.2175982, 43.5092676], [-80.2177419, 43.5093371], [-80.2183592, 43.5097732], [-80.2183911, 43.5097153], [-80.2184869, 43.5096922], [-80.2185029, 43.5097308], [-80.2186093, 43.5096767], [-80.2186465, 43.5096497], [-80.2188647, 43.5095108], [-80.2189552, 43.5094297], [-80.2190084, 43.5094066], [-80.2190084, 43.5093564]]], [[[-80.2332466, 43.5177385], [-80.2329815, 43.517552], [-80.2320252, 43.5172315], [-80.2321056, 43.5168003], [-80.2318966, 43.5166196], [-80.2317761, 43.5165206], [-80.2314466, 43.5162525], [-80.2316073, 43.5160136], [-80.2312538, 43.5159553], [-80.2309082, 43.5156756], [-80.230627, 43.5158563], [-80.2309484, 43.5160719], [-80.2309645, 43.5163516], [-80.2311895, 43.5163691], [-80.2316475, 43.5167304], [-80.2314868, 43.5170858], [-80.2317279, 43.5173073], [-80.2319953, 43.5173973], [-80.2327324, 43.5176453], [-80.2329332, 43.5179191], [-80.232877, 43.518193], [-80.2330618, 43.5182688], [-80.2332466, 43.5177385]]], [[[-80.2133436, 43.5292632], [-80.2130238, 43.5290368], [-80.2127436, 43.5292447], [-80.2130634, 43.5294712], [-80.2133436, 43.5292632]]], [[[-80.253233, 43.5436824], [-80.2529869, 43.5434206], [-80.2525109, 43.5436557], [-80.2527571, 43.5439175], [-80.253233, 43.5436824]]], [[[-80.2655476, 43.5430168], [-80.2646658, 43.5423696], [-80.2646292, 43.5423674], [-80.2645851, 43.542378], [-80.264186, 43.5425795], [-80.2655476, 43.5430168]]], [[[-80.2490356, 43.568794], [-80.2486468, 43.5687792], [-80.2486257, 43.5690724], [-80.2490145, 43.5690871], [-80.2490356, 43.568794]]], [[[-80.2432705, 43.5692992], [-80.2430971, 43.5691805], [-80.2427934, 43.5694097], [-80.2422617, 43.5690334], [-80.2407642, 43.5701374], [-80.2409421, 43.5701231], [-80.2415879, 43.5705832], [-80.2418105, 43.5704112], [-80.2417575, 43.5703786], [-80.2417253, 43.570331], [-80.2417172, 43.5702834], [-80.2417301, 43.5702383], [-80.2417736, 43.5701858], [-80.2418232, 43.5701615], [-80.2419084, 43.570143], [-80.2419801, 43.5701508], [-80.2420519, 43.5701819], [-80.2420847, 43.5702071], [-80.2421115, 43.5702484], [-80.2421135, 43.5702897], [-80.2421068, 43.5703286], [-80.2421115, 43.5703548], [-80.2421243, 43.5703762], [-80.2427563, 43.5699382], [-80.2427109, 43.5699045], [-80.242687, 43.5698588], [-80.2426848, 43.5698026], [-80.2427025, 43.5697324], [-80.2427344, 43.5696841], [-80.2432705, 43.5692992]]], [[[-80.2778855, 43.5383546], [-80.2768085, 43.5376041], [-80.2757908, 43.5382077], [-80.2765452, 43.5387907], [-80.2763246, 43.5389816], [-80.2765611, 43.5391679], [-80.2770976, 43.5389112], [-80.2771648, 43.5388637], [-80.2778855, 43.5383546]]], [[[-80.2723376, 43.5445317], [-80.271977, 43.544265], [-80.2715863, 43.5445425], [-80.271947, 43.5448092], [-80.2723376, 43.5445317]]], [[[-80.1895104, 43.5183015], [-80.1877969, 43.5170912], [-80.1861957, 43.5182715], [-80.1869665, 43.5190714], [-80.1873017, 43.5188704], [-80.1872405, 43.5187816], [-80.1872405, 43.5186848], [-80.1872628, 43.5186122], [-80.1878581, 43.5182047], [-80.1879638, 43.5181886], [-80.1881307, 43.5181886], [-80.1882642, 43.5178215], [-80.1891822, 43.5185234], [-80.1895104, 43.5183015]]], [[[-80.2321642, 43.5322209], [-80.2321081, 43.5321908], [-80.2320588, 43.5321441], [-80.232038, 43.5320826], [-80.2320462, 43.5320396], [-80.2320803, 43.5320085], [-80.2298258, 43.5303701], [-80.2293808, 43.5308757], [-80.2291266, 43.5311891], [-80.2286686, 43.5319875], [-80.2284701, 43.5319663], [-80.2283939, 43.5319581], [-80.2282134, 43.5319318], [-80.2282107, 43.5318919], [-80.2282152, 43.531812], [-80.2277909, 43.5318114], [-80.227626, 43.5319189], [-80.228268, 43.5323828], [-80.2282844, 43.53239], [-80.2284298, 43.5324017], [-80.2285555, 43.5324606], [-80.228679, 43.5325482], [-80.2287343, 43.5325126], [-80.2294139, 43.533003], [-80.2293708, 43.5330336], [-80.2293652, 43.5330487], [-80.2293724, 43.5330546], [-80.2293839, 43.5330603], [-80.2294313, 43.5330721], [-80.2294768, 43.5330789], [-80.2295144, 43.533079], [-80.2295605, 43.5330729], [-80.2296078, 43.5330705], [-80.2297477, 43.5330406], [-80.2297299, 43.5329951], [-80.2304545, 43.5328515], [-80.2304665, 43.5328711], [-80.230502, 43.5328715], [-80.2305785, 43.5328563], [-80.2306785, 43.5328251], [-80.2309463, 43.5325998], [-80.2312206, 43.5323662], [-80.2313573, 43.5322504], [-80.2313322, 43.5321944], [-80.2314177, 43.5321834], [-80.231435, 43.5322288], [-80.2315096, 43.532236], [-80.2315552, 43.532256], [-80.2316001, 43.5322852], [-80.2316674, 43.5322458], [-80.2318343, 43.5323777], [-80.2317855, 43.5324148], [-80.231863, 43.5324687], [-80.2319124, 43.5324073], [-80.2321642, 43.5322209]]], [[[-80.2200342, 43.528914], [-80.2193499, 43.5282847], [-80.2184041, 43.5279499], [-80.2179869, 43.5282081], [-80.2180592, 43.528317], [-80.2184598, 43.5282121], [-80.2185432, 43.5284945], [-80.2185655, 43.5289987], [-80.2193666, 43.5295271], [-80.2196225, 43.5293536], [-80.2197115, 43.5291923], [-80.219756, 43.5291035], [-80.2200342, 43.528914]]], [[[-80.2831659, 43.5232126], [-80.2816664, 43.5228062], [-80.2818159, 43.5225229], [-80.2814684, 43.5224303], [-80.2813267, 43.522712], [-80.2806338, 43.5225301], [-80.2794846, 43.5222014], [-80.279149, 43.5221199], [-80.2787911, 43.5221095], [-80.2784666, 43.5221227], [-80.2781322, 43.5222524], [-80.2796746, 43.5231498], [-80.2783472, 43.5241495], [-80.278525, 43.5243162], [-80.2790411, 43.524522], [-80.2793957, 43.5246199], [-80.2801962, 43.5248409], [-80.2807408, 43.5249302], [-80.2810303, 43.5249583], [-80.2813959, 43.5238032], [-80.2828507, 43.5240858], [-80.2831659, 43.5232126]]], [[[-80.2672046, 43.5350402], [-80.2670232, 43.5347515], [-80.2660709, 43.5350501], [-80.265118, 43.5361779], [-80.2656284, 43.5365434], [-80.265957, 43.5362722], [-80.2656174, 43.5360185], [-80.265777, 43.5358724], [-80.2661424, 43.5358414], [-80.2661662, 43.5358026], [-80.2661926, 43.5357689], [-80.2662327, 43.5357375], [-80.2664182, 43.5356002], [-80.2666613, 43.5354258], [-80.2667996, 43.5353275], [-80.2668649, 43.5352739], [-80.2669912, 43.5351595], [-80.2670468, 43.5351112], [-80.2670652, 43.5350964], [-80.2670917, 43.5350798], [-80.2671219, 43.535068], [-80.2672046, 43.5350402]]], [[[-80.2438186, 43.5011964], [-80.2437873, 43.5011186], [-80.2433448, 43.5012191], [-80.243242, 43.5009305], [-80.2428217, 43.5007975], [-80.2412795, 43.5008948], [-80.2393662, 43.5010116], [-80.2394466, 43.5010959], [-80.2396567, 43.5017217], [-80.2391224, 43.5018268], [-80.2393603, 43.5024369], [-80.2398827, 43.502334], [-80.2412527, 43.5021692], [-80.2415477, 43.5021821], [-80.2423389, 43.5023799], [-80.2428396, 43.5018935], [-80.2431168, 43.501699], [-80.2434789, 43.5015466], [-80.2433627, 43.5012937], [-80.2438186, 43.5011964]]], [[[-80.2429364, 43.5011947], [-80.2428174, 43.5008335], [-80.2418732, 43.5008957], [-80.241703, 43.5010272], [-80.2416568, 43.5011813], [-80.2423636, 43.5012986], [-80.2428856, 43.5013221], [-80.2429364, 43.5011947]]], [[[-80.1829978, 43.5185635], [-80.1827203, 43.5183753], [-80.1826531, 43.518346], [-80.182492, 43.5183266], [-80.1823935, 43.5183298], [-80.1826621, 43.5185311], [-80.1813596, 43.5194983], [-80.1819594, 43.5199137], [-80.182022, 43.5199105], [-80.1820131, 43.5198326], [-80.1819996, 43.5197352], [-80.1820444, 43.5196086], [-80.1817982, 43.5194301], [-80.1829978, 43.5185635]]], [[[-80.1883958, 43.515613], [-80.1882347, 43.5155059], [-80.1879348, 43.5157039], [-80.1876797, 43.5155903], [-80.1872903, 43.5155351], [-80.1870038, 43.5155578], [-80.1867084, 43.515626], [-80.186507, 43.5157039], [-80.1863011, 43.5154897], [-80.1860862, 43.515613], [-80.1863235, 43.51585], [-80.1831903, 43.5181253], [-80.182859, 43.5179533], [-80.1828187, 43.5181188], [-80.1828456, 43.5182032], [-80.1829172, 43.5182552], [-80.1831365, 43.518398], [-80.1849583, 43.5171321], [-80.1852179, 43.5173269], [-80.1853119, 43.5172652], [-80.1850433, 43.517051], [-80.1867039, 43.5157916], [-80.1870351, 43.5157234], [-80.1872768, 43.5157688], [-80.1875364, 43.5158857], [-80.1877916, 43.516074], [-80.1883958, 43.515613]]], [[[-80.19479, 43.4913879], [-80.1943668, 43.4910606], [-80.1926439, 43.4897284], [-80.1926147, 43.4897058], [-80.1922477, 43.4896083], [-80.1903946, 43.4895824], [-80.1900634, 43.4896993], [-80.1898396, 43.4902058], [-80.1897411, 43.491797], [-80.1915047, 43.4929985], [-80.1917297, 43.4928634], [-80.1925968, 43.4923425], [-80.193125, 43.4924789], [-80.19479, 43.4913879]]], [[[-80.278553, 43.5449034], [-80.2782679, 43.544717], [-80.2779683, 43.5449577], [-80.2782534, 43.5451441], [-80.278553, 43.5449034]]], [[[-80.2342688, 43.5635125], [-80.2338852, 43.563459], [-80.2339992, 43.5631305], [-80.2338879, 43.5631043], [-80.2337886, 43.5630756], [-80.2336814, 43.5630261], [-80.2336666, 43.5630168], [-80.23357, 43.5629561], [-80.2321444, 43.5640255], [-80.229882, 43.5642442], [-80.230075, 43.5653048], [-80.2296273, 43.5653888], [-80.2296882, 43.5655255], [-80.2297499, 43.5656251], [-80.2298753, 43.5657708], [-80.230043, 43.5659081], [-80.2304443, 43.5657174], [-80.2313344, 43.5663723], [-80.2319393, 43.5659341], [-80.2321149, 43.5659244], [-80.2315879, 43.5655357], [-80.2315235, 43.5654161], [-80.2318601, 43.5649468], [-80.2318779, 43.564923], [-80.2321706, 43.5645309], [-80.2322155, 43.5644735], [-80.2323088, 43.5645119], [-80.2323191, 43.5645161], [-80.2323581, 43.5645216], [-80.2332885, 43.564644], [-80.2333106, 43.5646467], [-80.233323, 43.5645883], [-80.2339764, 43.5638846], [-80.2341038, 43.5637379], [-80.2342688, 43.5635125]]], [[[-80.2519986, 43.5121834], [-80.251993, 43.5118865], [-80.2516202, 43.5118902], [-80.2516258, 43.5121871], [-80.2519986, 43.5121834]]], [[[-80.232861, 43.5198882], [-80.2326786, 43.5197774], [-80.2324936, 43.5199972], [-80.2327001, 43.5200633], [-80.232853, 43.5199446], [-80.232861, 43.5198882]]], [[[-80.2326465, 43.5204951], [-80.2325204, 43.52039], [-80.2323755, 43.520499], [-80.2323031, 43.520639], [-80.2321824, 43.5206973], [-80.2314046, 43.5213042], [-80.2311766, 43.5212478], [-80.2311283, 43.5212983], [-80.2313053, 43.5214889], [-80.2326465, 43.5204951]]], [[[-80.2323199, 43.5195066], [-80.23211, 43.5193456], [-80.2320322, 43.5193436], [-80.2317667, 43.5196315], [-80.231654, 43.519649], [-80.2316272, 43.5196937], [-80.2320295, 43.5198202], [-80.232228, 43.5195693], [-80.2323199, 43.5195066]]], [[[-80.2324761, 43.5202189], [-80.2319726, 43.5200992], [-80.2319598, 43.5200613], [-80.2317506, 43.5199952], [-80.2318123, 43.5198435], [-80.2313778, 43.5197229], [-80.2312839, 43.5199758], [-80.2310666, 43.5200925], [-80.2307421, 43.5200322], [-80.2305543, 43.5198941], [-80.2306375, 43.5196801], [-80.2305928, 43.5195204], [-80.2295575, 43.5202518], [-80.2305151, 43.5208967], [-80.2305195, 43.5206954], [-80.2311004, 43.5202358], [-80.2318878, 43.5205561], [-80.2320912, 43.520427], [-80.2322093, 43.5204134], [-80.2324761, 43.5202189]]], [[[-80.2317962, 43.5190733], [-80.2316809, 43.5190402], [-80.2314582, 43.5191375], [-80.2308791, 43.5195614], [-80.2313134, 43.5197268], [-80.2312302, 43.5194681], [-80.2312866, 43.5193475], [-80.2315092, 43.519155], [-80.2316058, 43.5191219], [-80.2317372, 43.5191997], [-80.2317962, 43.5190733]]], [[[-80.2309948, 43.5465485], [-80.230633, 43.5462896], [-80.2289567, 43.5450896], [-80.228907, 43.5450676], [-80.2284579, 43.5447672], [-80.2276122, 43.5453919], [-80.2274519, 43.5455923], [-80.2279769, 43.5459613], [-80.2282674, 43.5461649], [-80.2299289, 43.5473296], [-80.2307357, 43.5467234], [-80.2309948, 43.5465485]]], [[[-80.2823678, 43.557535], [-80.2820866, 43.5572883], [-80.2821331, 43.5572509], [-80.2816814, 43.557235], [-80.280853, 43.5571991], [-80.2808187, 43.5572838], [-80.2807159, 43.5574627], [-80.2807607, 43.5574762], [-80.2813339, 43.5576496], [-80.2815424, 43.5577126], [-80.2818416, 43.5579182], [-80.2818841, 43.5578873], [-80.2823678, 43.557535]]], [[[-80.2823678, 43.557535], [-80.2820866, 43.5572883], [-80.2821331, 43.5572509], [-80.2816814, 43.557235], [-80.2818959, 43.557308], [-80.2818106, 43.5574285], [-80.2816756, 43.557633], [-80.2817719, 43.5578191], [-80.2818841, 43.5578873], [-80.2823678, 43.557535]]], [[[-80.2767909, 43.5586769], [-80.2756893, 43.5578627], [-80.2744914, 43.5587428], [-80.2741207, 43.5590152], [-80.2739237, 43.5590364], [-80.2740551, 43.559803], [-80.2751275, 43.5599669], [-80.2757324, 43.5594978], [-80.2767909, 43.5586769]]], [[[-80.2964692, 43.5269985], [-80.2964437, 43.5269498], [-80.2963579, 43.5269528], [-80.2962922, 43.527013], [-80.2961889, 43.5269975], [-80.2961876, 43.5269109], [-80.2962104, 43.5268234], [-80.2960601, 43.5265531], [-80.2958657, 43.5266542], [-80.2956659, 43.5267009], [-80.2955827, 43.5268623], [-80.2953695, 43.5269411], [-80.2955693, 43.5271035], [-80.2956323, 43.5271754], [-80.2959099, 43.5271638], [-80.296449, 43.5270595], [-80.2964692, 43.5269985]]], [[[-80.3021377, 43.5250567], [-80.301842, 43.5248124], [-80.3015155, 43.5250055], [-80.3011353, 43.5247112], [-80.3006519, 43.5244843], [-80.3001225, 43.5243978], [-80.2996997, 43.5244324], [-80.2989529, 43.5246407], [-80.2980007, 43.5249362], [-80.2974756, 43.52529], [-80.2971923, 43.5250933], [-80.2967615, 43.5254117], [-80.2979563, 43.5261352], [-80.2982305, 43.52588], [-80.2986201, 43.5256766], [-80.2988404, 43.5256088], [-80.2992562, 43.5255572], [-80.3000288, 43.5255036], [-80.3008368, 43.5254449], [-80.3020113, 43.5253611], [-80.3021243, 43.5252993], [-80.3021377, 43.5250567]]], [[[-80.1947603, 43.5002261], [-80.1944515, 43.4996031], [-80.1941203, 43.4990656], [-80.1937217, 43.498752], [-80.1940305, 43.4985525], [-80.1939631, 43.4984914], [-80.1933681, 43.4989271], [-80.1937891, 43.4991877], [-80.1940193, 43.4994565], [-80.1944515, 43.5003361], [-80.1947603, 43.5002261]]], [[[-80.1938901, 43.5020667], [-80.1936319, 43.5018875], [-80.1925035, 43.5026897], [-80.1926944, 43.5028893], [-80.1938901, 43.5020667]]], [[[-80.1968132, 43.499364], [-80.1966567, 43.4985795], [-80.196473, 43.4983426], [-80.1958812, 43.4978146], [-80.1959424, 43.4974643], [-80.1959969, 43.4973212], [-80.1962962, 43.4970498], [-80.1962009, 43.4969511], [-80.1964458, 43.4967783], [-80.1963506, 43.4967241], [-80.1950785, 43.497632], [-80.1960649, 43.4983377], [-80.196303, 43.4986485], [-80.1964254, 43.4993542], [-80.1966431, 43.499369], [-80.1968132, 43.499364]]], [[[-80.1994668, 43.5001435], [-80.199368, 43.4996126], [-80.1968957, 43.4998401], [-80.1968434, 43.4995451], [-80.1966142, 43.4995533], [-80.1964679, 43.4995451], [-80.1965289, 43.4998623], [-80.1958147, 43.4999309], [-80.1958285, 43.5000235], [-80.1957496, 43.5002355], [-80.1957111, 43.5002818], [-80.1955632, 43.5004337], [-80.195054, 43.5006366], [-80.1948598, 43.5003649], [-80.1945751, 43.5004842], [-80.1947792, 43.5007703], [-80.1935684, 43.501545], [-80.1940918, 43.5019415], [-80.1949201, 43.5013679], [-80.195163, 43.5013468], [-80.1953808, 43.5014236], [-80.1954502, 43.5014704], [-80.1955087, 43.5014995], [-80.1970986, 43.5026911], [-80.1973647, 43.5025029], [-80.196026, 43.5015217], [-80.1958687, 43.5013493], [-80.1957893, 43.5011299], [-80.1959175, 43.5009355], [-80.1966567, 43.5004025], [-80.1969645, 43.500358], [-80.1976105, 43.5003195], [-80.1984253, 43.5002362], [-80.1990439, 43.5001789], [-80.1994668, 43.5001435]]], [[[-80.1923439, 43.5030746], [-80.1917225, 43.5025174], [-80.1915532, 43.5026416], [-80.1915412, 43.5030352], [-80.1903167, 43.5039036], [-80.1905684, 43.5041503], [-80.1908745, 43.5039726], [-80.1917113, 43.5050828], [-80.1914188, 43.505216], [-80.1916364, 43.5052801], [-80.1918269, 43.5052999], [-80.1922283, 43.5051667], [-80.1911603, 43.5038246], [-80.1918269, 43.503272], [-80.1923439, 43.5030746]]], [[[-80.295864, 43.5262515], [-80.2950119, 43.5253162], [-80.2949117, 43.5252012], [-80.2918032, 43.5262454], [-80.2915365, 43.5263254], [-80.2915187, 43.5264131], [-80.2918671, 43.5264964], [-80.2923973, 43.5266794], [-80.292843, 43.5269421], [-80.2931283, 43.5271971], [-80.293575, 43.5278188], [-80.2937883, 43.527768], [-80.2932631, 43.5270563], [-80.2937147, 43.5268787], [-80.2949146, 43.5266291], [-80.295864, 43.5262515]]], [[[-80.2430676, 43.5190303], [-80.2423112, 43.517591], [-80.2418928, 43.517237], [-80.2420162, 43.5171787], [-80.241783, 43.516696], [-80.2413832, 43.5168597], [-80.2409916, 43.5169686], [-80.2410151, 43.5171468], [-80.2410251, 43.5172347], [-80.2410282, 43.5173136], [-80.2410169, 43.5174359], [-80.2409916, 43.517556], [-80.24096, 43.5176707], [-80.2409337, 43.517725], [-80.240905, 43.5177782], [-80.2408235, 43.5179092], [-80.2407301, 43.5180344], [-80.2420295, 43.5197476], [-80.2423732, 43.5194847], [-80.2430676, 43.5190303]]], [[[-80.2555178, 43.5020212], [-80.2553565, 43.5008589], [-80.2551008, 43.5003097], [-80.254905, 43.5], [-80.2548152, 43.4998907], [-80.2547195, 43.498963], [-80.2545551, 43.4989347], [-80.2538064, 43.4989504], [-80.2535003, 43.4990151], [-80.2533304, 43.4996536], [-80.2535471, 43.4998262], [-80.253602, 43.5], [-80.2536225, 43.5004346], [-80.2537864, 43.5009229], [-80.2539398, 43.5014817], [-80.2540537, 43.5016275], [-80.2540216, 43.5019559], [-80.2540946, 43.5021128], [-80.2540922, 43.5022486], [-80.2541963, 43.5022389], [-80.2545181, 43.5021629], [-80.2544859, 43.5020404], [-80.254325, 43.5018789], [-80.2543545, 43.5017077], [-80.2545476, 43.5017331], [-80.2545503, 43.5018946], [-80.2546066, 43.5020288], [-80.2547515, 43.5021532], [-80.2555178, 43.5020212]]], [[[-80.2662393, 43.51556], [-80.2655463, 43.5154635], [-80.2656497, 43.5141918], [-80.2649126, 43.5133041], [-80.2649735, 43.5130944], [-80.2647565, 43.5128915], [-80.2642579, 43.5131329], [-80.2641755, 43.512667], [-80.2639231, 43.512675], [-80.2631153, 43.5115767], [-80.2619697, 43.5105465], [-80.2615065, 43.510437], [-80.2615668, 43.5102896], [-80.2601651, 43.5084684], [-80.2599899, 43.508325], [-80.26009, 43.5079782], [-80.2599688, 43.5078663], [-80.2595648, 43.5080597], [-80.2593733, 43.5083882], [-80.2587046, 43.5084194], [-80.2579944, 43.5081116], [-80.2580893, 43.5077017], [-80.2587119, 43.5071806], [-80.2584956, 43.506469], [-80.2572358, 43.5047728], [-80.2572276, 43.5046451], [-80.2578143, 43.5044031], [-80.2579139, 43.5042487], [-80.2576754, 43.5030348], [-80.2579906, 43.5020243], [-80.2579138, 43.5017622], [-80.2566719, 43.5019684], [-80.25552, 43.5021709], [-80.2555058, 43.5022345], [-80.2554784, 43.5022681], [-80.2554086, 43.50227], [-80.2553388, 43.5022179], [-80.2552624, 43.5022311], [-80.2544135, 43.5023916], [-80.2542882, 43.5024224], [-80.2542172, 43.5024604], [-80.254237, 43.5027057], [-80.2542403, 43.5028867], [-80.2541286, 43.5033457], [-80.2542335, 43.503481], [-80.2542429, 43.5036812], [-80.2542075, 43.5038285], [-80.2540629, 43.5040833], [-80.2540615, 43.5041643], [-80.2541505, 43.5042337], [-80.2542746, 43.5044626], [-80.254637, 43.5047594], [-80.2548232, 43.505026], [-80.2548577, 43.5064485], [-80.2549874, 43.5066603], [-80.255293, 43.5070557], [-80.2556319, 43.5073485], [-80.2557036, 43.5074844], [-80.2558623, 43.5077851], [-80.2560513, 43.5080432], [-80.2565964, 43.5087323], [-80.2570029, 43.5098488], [-80.2571093, 43.5099032], [-80.2572972, 43.5099355], [-80.2575637, 43.5101076], [-80.2579661, 43.5105105], [-80.2581104, 43.5105624], [-80.2583749, 43.5107793], [-80.2594289, 43.5117724], [-80.2596311, 43.5121049], [-80.2598526, 43.5123775], [-80.2600494, 43.5125737], [-80.2602144, 43.5126381], [-80.2604374, 43.5128298], [-80.260911, 43.5132811], [-80.2612548, 43.513674], [-80.2613755, 43.5138752], [-80.2614669, 43.5143962], [-80.2616395, 43.5145521], [-80.2618702, 43.514682], [-80.2623261, 43.5148054], [-80.262686, 43.5149574], [-80.2629981, 43.5152185], [-80.2633704, 43.5154088], [-80.2634573, 43.5155229], [-80.2636113, 43.5156216], [-80.2639634, 43.5159888], [-80.2642084, 43.5164189], [-80.2642993, 43.5167503], [-80.26437, 43.5174121], [-80.2644168, 43.5175735], [-80.2644237, 43.5184319], [-80.264175, 43.5192374], [-80.2641495, 43.5193652], [-80.2640758, 43.5197347], [-80.2641026, 43.5199197], [-80.2641702, 43.5200937], [-80.2643255, 43.5202648], [-80.2643683, 43.5203623], [-80.2644894, 43.5210599], [-80.2644996, 43.5212962], [-80.2644961, 43.5215889], [-80.2645566, 43.521669], [-80.2648227, 43.5218511], [-80.2651254, 43.5215842], [-80.2651366, 43.5213966], [-80.2650893, 43.5200891], [-80.2652255, 43.5200132], [-80.2653535, 43.5198096], [-80.2649866, 43.5170397], [-80.2647662, 43.5161898], [-80.2649081, 43.5157901], [-80.2662181, 43.5158822], [-80.2662393, 43.51556]]], [[[-80.2464524, 43.5765868], [-80.2461166, 43.5765112], [-80.2460849, 43.5767703], [-80.2459934, 43.5768131], [-80.2459168, 43.5768444], [-80.2455145, 43.5767897], [-80.2454171, 43.5767336], [-80.2453982, 43.5766521], [-80.245444, 43.5764733], [-80.2454783, 43.5762907], [-80.2456435, 43.576315], [-80.245667, 43.5761524], [-80.2455089, 43.5761241], [-80.2453477, 43.5761013], [-80.2451945, 43.5760828], [-80.245346, 43.5759646], [-80.2452725, 43.5759112], [-80.2451226, 43.5758023], [-80.2444949, 43.5752932], [-80.2442157, 43.5750668], [-80.2441684, 43.5750759], [-80.2441258, 43.5750547], [-80.2440789, 43.5747869], [-80.2442238, 43.5745479], [-80.2444374, 43.5744632], [-80.2445932, 43.5743139], [-80.2447829, 43.5741406], [-80.244492, 43.574033], [-80.2445188, 43.57393], [-80.2442774, 43.5738931], [-80.2441916, 43.5736851], [-80.2439502, 43.5736832], [-80.2438509, 43.5737609], [-80.243918, 43.5739008], [-80.2438134, 43.5740038], [-80.243682, 43.5741554], [-80.2436417, 43.5743011], [-80.2438214, 43.5743653], [-80.2436981, 43.574581], [-80.243564, 43.5745615], [-80.2434781, 43.5742642], [-80.2429283, 43.5741962], [-80.2427861, 43.5744329], [-80.2426815, 43.5742603], [-80.2423744, 43.5741146], [-80.2423248, 43.5741661], [-80.2421175, 43.5740833], [-80.2420659, 43.5739485], [-80.2423916, 43.574004], [-80.2427847, 43.573864], [-80.2427898, 43.5736572], [-80.2427124, 43.5735375], [-80.2429511, 43.5734558], [-80.2428974, 43.5733198], [-80.2430597, 43.5730215], [-80.2435143, 43.5727951], [-80.2434875, 43.5726581], [-80.2432904, 43.5726241], [-80.2430865, 43.5726999], [-80.2429283, 43.5726329], [-80.2429497, 43.5725969], [-80.2430302, 43.5725678], [-80.2430087, 43.5724454], [-80.2429859, 43.5723326], [-80.2432557, 43.5723382], [-80.2432622, 43.5721587], [-80.2436095, 43.5721247], [-80.2437946, 43.5722384], [-80.2439851, 43.5721733], [-80.2440682, 43.5721053], [-80.2437329, 43.5718371], [-80.243521, 43.5717846], [-80.2430221, 43.5715359], [-80.2431348, 43.5714863], [-80.2432863, 43.5714242], [-80.2432743, 43.5713357], [-80.2427923, 43.5712062], [-80.2423301, 43.5712133], [-80.2417374, 43.5711103], [-80.2415349, 43.5710918], [-80.2411191, 43.5708169], [-80.2404771, 43.5704892], [-80.2404714, 43.5703602], [-80.2401495, 43.5701309], [-80.239951, 43.5702591], [-80.2388674, 43.5695518], [-80.2388084, 43.5696139], [-80.2381003, 43.569233], [-80.237934, 43.5693341], [-80.2372634, 43.569338], [-80.2370596, 43.5693963], [-80.2369376, 43.5694497], [-80.2368557, 43.5695382], [-80.2368437, 43.5696839], [-80.2368543, 43.5697538], [-80.2368638, 43.5698161], [-80.2370811, 43.5700454], [-80.2369711, 43.5701464], [-80.2371159, 43.5702591], [-80.2370945, 43.5703485], [-80.2366546, 43.5702144], [-80.2363461, 43.5702067], [-80.2361859, 43.5703514], [-80.2380493, 43.5716748], [-80.2382505, 43.5719576], [-80.2377981, 43.5722851], [-80.2372929, 43.5718643], [-80.236959, 43.5722054], [-80.2373908, 43.5721267], [-80.2374618, 43.5721905], [-80.237474, 43.5722015], [-80.2373989, 43.5722452], [-80.2367498, 43.5727164], [-80.2368853, 43.5729739], [-80.236868, 43.5731347], [-80.2364654, 43.573422], [-80.2361929, 43.5735073], [-80.2357394, 43.573458], [-80.2345303, 43.5742205], [-80.2342272, 43.5741748], [-80.2339187, 43.574444], [-80.2338034, 43.5745965], [-80.2373189, 43.5771015], [-80.2380493, 43.577622], [-80.2383524, 43.5778357], [-80.238677, 43.578067], [-80.2394763, 43.5786305], [-80.2397097, 43.5787949], [-80.2401549, 43.5791085], [-80.2403514, 43.57925], [-80.242134, 43.5779675], [-80.2429982, 43.5773386], [-80.2429835, 43.5773245], [-80.2429866, 43.5772953], [-80.2430098, 43.577258], [-80.2432665, 43.577043], [-80.2432855, 43.5770078], [-80.2432804, 43.5769782], [-80.2432501, 43.5769641], [-80.2432011, 43.5769554], [-80.2431638, 43.5769489], [-80.2429624, 43.5769287], [-80.2428823, 43.5768737], [-80.2428733, 43.5768267], [-80.2429014, 43.5767767], [-80.2430033, 43.5766758], [-80.2430012, 43.5766405], [-80.242836, 43.5764939], [-80.242827, 43.5764654], [-80.2428423, 43.5764367], [-80.2432107, 43.5761735], [-80.243245, 43.5761706], [-80.2432727, 43.5761784], [-80.2439221, 43.5766174], [-80.2441272, 43.5764484], [-80.2441913, 43.5763716], [-80.2442323, 43.5763224], [-80.2443175, 43.5762392], [-80.2443681, 43.5761703], [-80.2444129, 43.5761156], [-80.2444593, 43.5760786], [-80.2445213, 43.5760294], [-80.2445691, 43.5760271], [-80.2446088, 43.5760445], [-80.2446684, 43.5760959], [-80.2446872, 43.5761502], [-80.2447717, 43.5762802], [-80.2443928, 43.5765475], [-80.2444103, 43.5765741], [-80.2445054, 43.5767185], [-80.2443257, 43.576872], [-80.2443391, 43.5770507], [-80.2445328, 43.5773866], [-80.244956, 43.577552], [-80.2453342, 43.5775462], [-80.2457741, 43.5775987], [-80.2458841, 43.5777017], [-80.2456051, 43.5777172], [-80.2454427, 43.5778231], [-80.2452854, 43.5779983], [-80.245118, 43.5780545], [-80.2449798, 43.5780767], [-80.2440421, 43.5781328], [-80.2431464, 43.5775877], [-80.2430776, 43.5776257], [-80.2433439, 43.5778345], [-80.2431409, 43.5779739], [-80.2428688, 43.5777712], [-80.242814, 43.5777632], [-80.2426555, 43.57785], [-80.2433284, 43.5782908], [-80.2436765, 43.5783885], [-80.2443047, 43.5783945], [-80.2450493, 43.5782426], [-80.2452577, 43.5782493], [-80.2454024, 43.5783412], [-80.2454306, 43.5781463], [-80.245475, 43.5778398], [-80.2457466, 43.5779799], [-80.2462577, 43.5779627], [-80.2464524, 43.5765868]]], [[[-80.2520194, 43.5620852], [-80.2513181, 43.5615822], [-80.2510377, 43.5617975], [-80.2508443, 43.561808], [-80.2506484, 43.5618185], [-80.2506134, 43.5618406], [-80.2503958, 43.5616989], [-80.2499375, 43.562082], [-80.2498803, 43.5625371], [-80.249845, 43.5625027], [-80.2498052, 43.562528], [-80.2496326, 43.5626715], [-80.2499554, 43.5627043], [-80.2501294, 43.562996], [-80.250156, 43.5629898], [-80.2502938, 43.562957], [-80.250439, 43.5629309], [-80.2508828, 43.5628595], [-80.2507902, 43.5625701], [-80.2514641, 43.5624624], [-80.2520194, 43.5620852]]], [[[-80.2147112, 43.5195665], [-80.2143422, 43.5195014], [-80.2142849, 43.5192845], [-80.2145082, 43.5188266], [-80.2142801, 43.5184985], [-80.2142007, 43.5184758], [-80.2138827, 43.5185383], [-80.2138453, 43.518577], [-80.2137548, 43.5185885], [-80.2128922, 43.5179615], [-80.2115958, 43.5172959], [-80.2115012, 43.5169006], [-80.2111168, 43.5166719], [-80.2109904, 43.5166411], [-80.2105683, 43.5162615], [-80.2103467, 43.5161421], [-80.2096968, 43.5159669], [-80.2092114, 43.5154771], [-80.2090074, 43.5151893], [-80.2083233, 43.5148909], [-80.2074732, 43.5143021], [-80.2071155, 43.5139245], [-80.2066807, 43.5137375], [-80.2060104, 43.5142124], [-80.2040287, 43.5157029], [-80.20446, 43.5159397], [-80.2054523, 43.5162822], [-80.206862, 43.5165613], [-80.2074333, 43.5165966], [-80.2080137, 43.5169855], [-80.2089565, 43.517175], [-80.2093941, 43.5174309], [-80.2098162, 43.5178105], [-80.2103011, 43.5179212], [-80.210586, 43.5181508], [-80.2108169, 43.5184703], [-80.2110341, 43.5190222], [-80.2110978, 43.519322], [-80.2117743, 43.5200252], [-80.2121257, 43.520203], [-80.2119842, 43.5204141], [-80.2119088, 43.5205266], [-80.2123166, 43.5206532], [-80.2125828, 43.5203991], [-80.2127955, 43.5205079], [-80.2129892, 43.5207128], [-80.2133345, 43.5208715], [-80.2134775, 43.5208511], [-80.213534, 43.52022], [-80.2136691, 43.5200718], [-80.2140353, 43.5200898], [-80.2142004, 43.520197], [-80.2143754, 43.5202762], [-80.2144869, 43.5201664], [-80.2146564, 43.5199354], [-80.2147112, 43.5195665]]], [[[-80.1912958, 43.5080635], [-80.1910276, 43.5079118], [-80.1908088, 43.508092], [-80.1892347, 43.506987], [-80.188399, 43.5076208], [-80.1896457, 43.5088675], [-80.1883506, 43.5097976], [-80.1881486, 43.509917], [-80.1878518, 43.5101508], [-80.1880262, 43.5102617], [-80.1883078, 43.5100497], [-80.1884902, 43.5101645], [-80.1900137, 43.509007], [-80.1912958, 43.5080635]]], [[[-80.228812, 43.4904907], [-80.2287905, 43.4893387], [-80.228533, 43.4885447], [-80.2286146, 43.4883738], [-80.228557, 43.4882566], [-80.2282244, 43.4883189], [-80.2282351, 43.488603], [-80.227924, 43.4888326], [-80.2276397, 43.4888521], [-80.2276397, 43.4885874], [-80.2273232, 43.488603], [-80.2273149, 43.4888401], [-80.2268565, 43.4888716], [-80.2269451, 43.489183], [-80.2256329, 43.4893898], [-80.2253652, 43.4887003], [-80.2253732, 43.4883792], [-80.2264595, 43.4881943], [-80.2263951, 43.4880309], [-80.2262807, 43.4879694], [-80.2243136, 43.4882849], [-80.2246517, 43.4896733], [-80.2229619, 43.489864], [-80.2226615, 43.489973], [-80.2223557, 43.4902181], [-80.22102, 43.4904322], [-80.2210093, 43.4905879], [-80.2214223, 43.4905879], [-80.2209932, 43.4908253], [-80.2209556, 43.4909693], [-80.2215082, 43.4908953], [-80.2216369, 43.4909615], [-80.2212024, 43.4913857], [-80.2208912, 43.491841], [-80.2215753, 43.491164], [-80.2230828, 43.490911], [-80.2229325, 43.491954], [-80.223469, 43.4924832], [-80.224308, 43.4927624], [-80.225014, 43.4926004], [-80.2257406, 43.492908], [-80.2262767, 43.4928288], [-80.226939, 43.493246], [-80.2271562, 43.4927547], [-80.2273461, 43.4923203], [-80.2272753, 43.4916881], [-80.2281038, 43.4916271], [-80.228297, 43.4909577], [-80.228812, 43.4904907]]], [[[-80.314275, 43.5336501], [-80.3142495, 43.5336199], [-80.3141812, 43.5336296], [-80.3141718, 43.5335898], [-80.3141731, 43.5335645], [-80.3142107, 43.5335626], [-80.3142388, 43.5335421], [-80.3141879, 43.5334401], [-80.3141503, 43.5334303], [-80.3141235, 43.5334401], [-80.3140993, 43.533441], [-80.3139558, 43.533301], [-80.3137198, 43.533268], [-80.31295, 43.5336238], [-80.3128105, 43.5336083], [-80.3127354, 43.5336403], [-80.3127046, 43.5336219], [-80.312773, 43.5335703], [-80.312773, 43.5335071], [-80.3127167, 43.5334741], [-80.3126603, 43.5334585], [-80.3127006, 43.5334177], [-80.3127515, 43.5334546], [-80.3129286, 43.533478], [-80.3129339, 43.5333282], [-80.3129634, 43.5333263], [-80.3132129, 43.5332466], [-80.3131431, 43.5331649], [-80.3124726, 43.5334041], [-80.3124109, 43.5339097], [-80.3124407, 43.5340875], [-80.3115482, 43.5343925], [-80.3120944, 43.5349334], [-80.312427, 43.5349432], [-80.3125316, 43.5350705], [-80.3134061, 43.5353428], [-80.3134302, 43.5353117], [-80.3132303, 43.535194], [-80.3131552, 43.5351386], [-80.3131995, 43.5350919], [-80.3130989, 43.5350802], [-80.3130494, 43.5351464], [-80.3129806, 43.5351372], [-80.3129671, 43.535042], [-80.3129126, 43.5349286], [-80.3129323, 43.5347989], [-80.3128375, 43.5346136], [-80.3129126, 43.534423], [-80.31267, 43.5340092], [-80.3132219, 43.5336925], [-80.3132989, 43.5337658], [-80.313399, 43.5337081], [-80.31387, 43.5339116], [-80.3141248, 43.5337658], [-80.3141463, 43.5336958], [-80.3141946, 43.5336928], [-80.3142576, 43.5336802], [-80.314275, 43.5336501]]], [[[-80.3164693, 43.5363461], [-80.3164664, 43.536278], [-80.3164007, 43.5362323], [-80.3163001, 43.5362275], [-80.3161311, 43.5362829], [-80.3160198, 43.5363539], [-80.3159168, 43.5364044], [-80.315761, 43.5363558], [-80.3156617, 43.536418], [-80.3157556, 43.536593], [-80.3159139, 43.5365775], [-80.3161402, 43.5364983], [-80.3164693, 43.5363461]]], [[[-80.3173596, 43.5356169], [-80.3173167, 43.5355644], [-80.3172335, 43.5355644], [-80.3171828, 43.5356189], [-80.3171058, 43.5356817], [-80.3170004, 43.5357044], [-80.3169736, 43.5357783], [-80.3169288, 43.5358022], [-80.3168268, 43.5358878], [-80.3169521, 43.5359805], [-80.3170253, 43.5359772], [-80.3170808, 43.5359572], [-80.3171506, 43.5359028], [-80.3171863, 43.53581], [-80.3172901, 43.5357317], [-80.3173222, 43.5356889], [-80.3173596, 43.5356169]]], [[[-80.2483792, 43.5304107], [-80.2473744, 43.5296966], [-80.2469067, 43.5300313], [-80.2465358, 43.529759], [-80.2455954, 43.5304506], [-80.24701, 43.5313851], [-80.2483792, 43.5304107]]], [[[-80.2501447, 43.5417562], [-80.2497136, 43.5415558], [-80.249373, 43.5418622], [-80.2491907, 43.542031], [-80.2490425, 43.5421707], [-80.2490382, 43.5422023], [-80.2491107, 43.5422732], [-80.2491356, 43.542271], [-80.2491587, 43.5422641], [-80.2491934, 43.5422453], [-80.2501447, 43.5417562]]], [[[-80.2441347, 43.5604702], [-80.243876, 43.5602937], [-80.2437683, 43.5596025], [-80.2436145, 43.5594854], [-80.2433206, 43.559389], [-80.2425911, 43.5588745], [-80.2424347, 43.5587659], [-80.2416206, 43.5593748], [-80.2436593, 43.560805], [-80.2441347, 43.5604702]]], [[[-80.1844176, 43.5102631], [-80.1839255, 43.5098064], [-80.1831154, 43.5091341], [-80.1818425, 43.5081772], [-80.1805602, 43.5092503], [-80.181682, 43.5101217], [-80.1821062, 43.5104366], [-80.1823669, 43.5104366], [-80.1832561, 43.5107524], [-80.183348, 43.5107924], [-80.1838183, 43.5109229], [-80.1838724, 43.5108442], [-80.1844176, 43.5102631]]], [[[-80.1884802, 43.509434], [-80.1882667, 43.5092703], [-80.1881123, 43.5093762], [-80.1883259, 43.5095399], [-80.1884802, 43.509434]]], [[[-80.1886921, 43.5089054], [-80.1883519, 43.5086553], [-80.1881535, 43.5087973], [-80.1882222, 43.5088478], [-80.1880938, 43.5089397], [-80.1883652, 43.5091393], [-80.1886921, 43.5089054]]], [[[-80.1847403, 43.5219478], [-80.1828684, 43.520622], [-80.1826028, 43.5208192], [-80.1844747, 43.5221449], [-80.1847403, 43.5219478]]], [[[-80.1864107, 43.5232233], [-80.1849126, 43.5221088], [-80.184662, 43.5222858], [-80.1854902, 43.522902], [-80.1861601, 43.5234004], [-80.1864107, 43.5232233]]], [[[-80.1862367, 43.5192942], [-80.1859029, 43.519039], [-80.1860771, 43.5188259], [-80.1855982, 43.5191784], [-80.1860118, 43.5194758], [-80.1862367, 43.5192942]]], [[[-80.2769729, 43.5440866], [-80.2768227, 43.5439916], [-80.2768421, 43.543976], [-80.2761612, 43.5435342], [-80.2762409, 43.5434688], [-80.2763017, 43.5435095], [-80.2765993, 43.5432616], [-80.2765679, 43.5432409], [-80.2765507, 43.5432551], [-80.2764619, 43.5431951], [-80.2762346, 43.5433797], [-80.2759615, 43.5435983], [-80.2763396, 43.5438649], [-80.2768479, 43.5441899], [-80.2769729, 43.5440866]]], [[[-80.2440172, 43.551809], [-80.2436925, 43.5515774], [-80.2431071, 43.5520086], [-80.2434319, 43.5522402], [-80.2440172, 43.551809]]], [[[-80.2149596, 43.5715972], [-80.213621, 43.5706533], [-80.2126049, 43.5713872], [-80.2124702, 43.5715028], [-80.2144287, 43.5720124], [-80.2145535, 43.5719148], [-80.2149596, 43.5715972]]], [[[-80.2403514, 43.57925], [-80.2397097, 43.5787949], [-80.2393902, 43.5791331], [-80.2392971, 43.5792428], [-80.2392532, 43.5792892], [-80.2391619, 43.5793802], [-80.2390967, 43.579432], [-80.2389843, 43.5795221], [-80.2388668, 43.5795981], [-80.2385429, 43.5798089], [-80.2381969, 43.5800217], [-80.2379581, 43.580147], [-80.2375706, 43.5803083], [-80.2372862, 43.5803909], [-80.2368531, 43.5804977], [-80.2364843, 43.5805677], [-80.2360564, 43.5806172], [-80.235697, 43.5806347], [-80.2352209, 43.5806269], [-80.2348857, 43.5805978], [-80.2342245, 43.5805084], [-80.2340609, 43.5804773], [-80.2339093, 43.5804287], [-80.2332214, 43.5801975], [-80.2328083, 43.58008], [-80.2325599, 43.5800238], [-80.2325246, 43.5800159], [-80.2314245, 43.5797874], [-80.2302253, 43.5795583], [-80.2291913, 43.5793533], [-80.2288358, 43.5792834], [-80.2286901, 43.5793877], [-80.2285334, 43.5794999], [-80.2274872, 43.5802487], [-80.2333275, 43.5841769], [-80.2403514, 43.57925]]], [[[-80.24599, 43.5378151], [-80.2459819, 43.5369665], [-80.2458932, 43.5366128], [-80.2457292, 43.5364666], [-80.2456641, 43.5365055], [-80.2451062, 43.5367077], [-80.244832, 43.5363962], [-80.2436176, 43.537292], [-80.2431353, 43.5374455], [-80.2427652, 43.5375629], [-80.241486, 43.5379778], [-80.2412774, 43.5380542], [-80.241209, 43.538133], [-80.2417803, 43.5385326], [-80.2422075, 43.5388214], [-80.2422016, 43.5388608], [-80.2429417, 43.5394066], [-80.2436096, 43.5400891], [-80.2442104, 43.5388777], [-80.2452296, 43.5391344], [-80.2453208, 43.5389438], [-80.2454108, 43.5387825], [-80.2454343, 43.5387854], [-80.245652, 43.5382649], [-80.2457187, 43.5381729], [-80.2459203, 43.5379542], [-80.245968, 43.537885], [-80.24599, 43.5378151]]], [[[-80.2305285, 43.5708063], [-80.2286817, 43.5703454], [-80.2286287, 43.570547], [-80.228664, 43.5707903], [-80.2287391, 43.5710176], [-80.2288673, 43.5711904], [-80.2290572, 43.5713537], [-80.2292649, 43.5715009], [-80.229477, 43.5716002], [-80.2295786, 43.5716322], [-80.2297951, 43.5714113], [-80.229879, 43.5712993], [-80.2300557, 43.5711808], [-80.2303164, 43.5709824], [-80.2305152, 43.5708575], [-80.2305285, 43.5708063]]], [[[-80.2693621, 43.5802767], [-80.2693474, 43.5802432], [-80.2693212, 43.5802204], [-80.2685416, 43.5796572], [-80.2682555, 43.5794482], [-80.2679721, 43.579243], [-80.2679389, 43.5792279], [-80.2679084, 43.5792211], [-80.2678896, 43.5792192], [-80.2678179, 43.5792726], [-80.2674055, 43.5795779], [-80.2669984, 43.5798405], [-80.2669542, 43.579873], [-80.2669327, 43.579889], [-80.2669407, 43.5799204], [-80.2669555, 43.5799391], [-80.2675328, 43.5803695], [-80.268318, 43.5809418], [-80.2683724, 43.5809692], [-80.2684133, 43.5809772], [-80.2684515, 43.5809466], [-80.2685608, 43.5808645], [-80.2693011, 43.5803302], [-80.2693621, 43.5802767]]], [[[-80.2251215, 43.5808668], [-80.2239027, 43.5799935], [-80.2232516, 43.5804725], [-80.224473, 43.5813455], [-80.2251215, 43.5808668]]], [[[-80.2424052, 43.5495843], [-80.2421156, 43.5493821], [-80.2419882, 43.549384], [-80.2414624, 43.5497777], [-80.2418178, 43.5500343], [-80.2421083, 43.5498171], [-80.242081, 43.5497971], [-80.2421891, 43.5497187], [-80.2421647, 43.5497011], [-80.2422375, 43.5496528], [-80.2423448, 43.5496305], [-80.2424052, 43.5495843]]], [[[-80.2760537, 43.5286782], [-80.2756494, 43.5284731], [-80.2754405, 43.5283167], [-80.2752343, 43.5280737], [-80.2735741, 43.5287466], [-80.2733795, 43.5284447], [-80.2730758, 43.5285567], [-80.2729824, 43.5285823], [-80.2729392, 43.5285848], [-80.2728959, 43.5285841], [-80.2727336, 43.5288762], [-80.2723524, 43.5287218], [-80.2721611, 43.5285661], [-80.2716276, 43.5289336], [-80.2714833, 43.5290451], [-80.2711617, 43.5291066], [-80.2707268, 43.529009], [-80.2704374, 43.5288445], [-80.2703369, 43.5289249], [-80.2700486, 43.5291246], [-80.2699423, 43.529207], [-80.2707788, 43.5298717], [-80.2719509, 43.5300444], [-80.272816, 43.5300746], [-80.274685, 43.5297971], [-80.2753609, 43.5297196], [-80.2760537, 43.5286782]]], [[[-80.1925092, 43.4910472], [-80.1925044, 43.4907261], [-80.1921242, 43.490729], [-80.1921243, 43.4907338], [-80.192129, 43.4910502], [-80.1923248, 43.4910487], [-80.1925092, 43.4910472]]], [[[-80.1987641, 43.5097361], [-80.1983401, 43.5093697], [-80.1976965, 43.5097615], [-80.1981205, 43.5101279], [-80.1987641, 43.5097361]]], [[[-80.2344122, 43.5163841], [-80.2342889, 43.5162752], [-80.2333715, 43.5156061], [-80.2329799, 43.5157695], [-80.2326849, 43.5158473], [-80.2322343, 43.5158706], [-80.2327385, 43.5159484], [-80.233039, 43.515855], [-80.233275, 43.5158434], [-80.2336183, 43.5160962], [-80.234203, 43.5164541], [-80.2344122, 43.5163841]]], [[[-80.234783, 43.5167497], [-80.234541, 43.5164814], [-80.2342674, 43.5165475], [-80.2343586, 43.5168042], [-80.2347395, 43.5171271], [-80.234783, 43.5167497]]], [[[-80.2331413, 43.5153062], [-80.2328565, 43.5150993], [-80.232363, 43.5154728], [-80.2320683, 43.5152711], [-80.232304, 43.5155905], [-80.2324811, 43.5156839], [-80.2326474, 43.5157033], [-80.2328029, 43.5156761], [-80.2330658, 43.5155166], [-80.2331413, 43.5153062]]], [[[-80.2145478, 43.5720829], [-80.2144656, 43.5719799], [-80.2144338, 43.5719401], [-80.2141964, 43.5719391], [-80.2135433, 43.5718546], [-80.2132169, 43.5717855], [-80.2129468, 43.5715796], [-80.2126864, 43.5714786], [-80.2125361, 43.5715223], [-80.2124892, 43.5715359], [-80.2122531, 43.5719793], [-80.2124959, 43.5721412], [-80.2128182, 43.5722856], [-80.2129881, 43.5722938], [-80.2136359, 43.5721179], [-80.214002, 43.5722899], [-80.2141576, 43.5723783], [-80.2145478, 43.5720829]]], [[[-80.2511754, 43.5479231], [-80.2511747, 43.5479144], [-80.2511375, 43.5478726], [-80.2511315, 43.5478538], [-80.2510896, 43.5478082], [-80.2510627, 43.5478028], [-80.2510443, 43.5478055], [-80.2510345, 43.5478161], [-80.2510345, 43.5478373], [-80.2510168, 43.5478504], [-80.2510044, 43.5478616], [-80.2510161, 43.5478716], [-80.2510195, 43.5478905], [-80.2510366, 43.5479022], [-80.2511663, 43.5479253], [-80.2511754, 43.5479231]]], [[[-80.2510195, 43.5477617], [-80.2510192, 43.5477316], [-80.250928, 43.5476257], [-80.2509233, 43.5476733], [-80.2509273, 43.5477282], [-80.2509266, 43.5477754], [-80.2509313, 43.5478142], [-80.250942, 43.5478291], [-80.2509628, 43.5478298], [-80.2509679, 43.5478213], [-80.2509632, 43.5478006], [-80.2509635, 43.5477851], [-80.2509843, 43.5477766], [-80.2510041, 43.54777], [-80.2510195, 43.5477617]]], [[[-80.2186837, 43.5767641], [-80.2171923, 43.5757556], [-80.2175679, 43.5754291], [-80.2168437, 43.5748967], [-80.2167686, 43.5749317], [-80.2162804, 43.5757245], [-80.2161141, 43.5759538], [-80.2159371, 43.5761053], [-80.217761, 43.5774675], [-80.2186837, 43.5767641]]], [[[-80.220034, 43.5758134], [-80.2194496, 43.5753883], [-80.2198376, 43.5751084], [-80.2181151, 43.5738552], [-80.2178589, 43.57404], [-80.2181623, 43.5742607], [-80.2175512, 43.5747016], [-80.2195547, 43.5761592], [-80.220034, 43.5758134]]], [[[-80.2201957, 43.5682853], [-80.219257, 43.5681882], [-80.2190263, 43.5686701], [-80.2173107, 43.5698686], [-80.2176161, 43.5700742], [-80.2176973, 43.5700221], [-80.2178085, 43.5700167], [-80.2179225, 43.5700602], [-80.218115, 43.5702005], [-80.218394, 43.5699828], [-80.2193191, 43.5706087], [-80.2197152, 43.5696474], [-80.220121, 43.568592], [-80.2201957, 43.5682853]]], [[[-80.2284677, 43.5690423], [-80.2280066, 43.5687851], [-80.2266929, 43.5695012], [-80.2264628, 43.5695443], [-80.2262066, 43.569534], [-80.2262173, 43.5692347], [-80.2258686, 43.5692619], [-80.2259083, 43.5696481], [-80.2256548, 43.5696956], [-80.2255368, 43.5697558], [-80.2254004, 43.5701688], [-80.2253965, 43.5705212], [-80.2251908, 43.5708033], [-80.2253529, 43.5709024], [-80.2255841, 43.570922], [-80.2256207, 43.570911], [-80.2258807, 43.5707723], [-80.2261476, 43.57063], [-80.2262225, 43.570596], [-80.2258872, 43.5702135], [-80.2258783, 43.5701139], [-80.2259879, 43.5699408], [-80.2261317, 43.5698601], [-80.2266292, 43.569783], [-80.2269993, 43.5697201], [-80.2270878, 43.5697324], [-80.2272934, 43.5698881], [-80.2274066, 43.5698979], [-80.2284677, 43.5690423]]], [[[-80.2271279, 43.5702867], [-80.22692, 43.5702219], [-80.2266745, 43.5701502], [-80.2263407, 43.5701403], [-80.2262119, 43.5704085], [-80.2263389, 43.5705432], [-80.226398, 43.5705787], [-80.2264783, 43.5705687], [-80.2267385, 43.570483], [-80.2269676, 43.5703993], [-80.227113, 43.5703226], [-80.2271279, 43.5702867]]], [[[-80.2256738, 43.5718699], [-80.2256532, 43.5718544], [-80.2256055, 43.5717964], [-80.2254823, 43.5714898], [-80.2255255, 43.5711142], [-80.2255255, 43.5710812], [-80.225304, 43.5709128], [-80.2251722, 43.5708434], [-80.2250234, 43.5711987], [-80.2249266, 43.5714299], [-80.2247456, 43.5718624], [-80.2250696, 43.5721478], [-80.2250701, 43.5725451], [-80.2251331, 43.5726289], [-80.225215, 43.5726028], [-80.2253926, 43.5722148], [-80.2256738, 43.5718699]]], [[[-80.2827322, 43.5242018], [-80.2827161, 43.5241435], [-80.282641, 43.5240929], [-80.2816996, 43.5239198], [-80.2816126, 43.5242007], [-80.2818014, 43.5242385], [-80.2818422, 43.5241256], [-80.2819018, 43.5241357], [-80.2819329, 43.5240618], [-80.2821797, 43.5241089], [-80.2821529, 43.5241941], [-80.2823379, 43.5242252], [-80.2823084, 43.5243166], [-80.2826625, 43.5243847], [-80.2827322, 43.5242018]]], [[[-80.2530387, 43.5481311], [-80.2530384, 43.5481202], [-80.2530298, 43.548114], [-80.2530006, 43.5481068], [-80.2529829, 43.5480993], [-80.252953, 43.5480965], [-80.2529373, 43.5481043], [-80.252936, 43.5481177], [-80.2529417, 43.5481292], [-80.2529426, 43.5481396], [-80.2529515, 43.5481516], [-80.2529674, 43.5481561], [-80.2529881, 43.5481575], [-80.2530088, 43.5481481], [-80.2530281, 43.5481393], [-80.2530387, 43.5481311]]], [[[-80.1934884, 43.5180481], [-80.1931784, 43.5178314], [-80.1930292, 43.5179431], [-80.1933249, 43.5181667], [-80.1934884, 43.5180481]]], [[[-80.2306603, 43.5345581], [-80.2304189, 43.5343598], [-80.2297912, 43.5344492], [-80.2295902, 43.534562], [-80.2295746, 43.534563], [-80.2295485, 43.5345799], [-80.2294908, 43.5345274], [-80.2295194, 43.5345062], [-80.2295062, 43.5344996], [-80.2294921, 43.5344967], [-80.2293679, 43.5345973], [-80.2293694, 43.5346117], [-80.2293763, 43.5346252], [-80.2293886, 43.5346379], [-80.2294071, 43.5346507], [-80.2294469, 43.5346852], [-80.2294762, 43.5347181], [-80.2294975, 43.5347511], [-80.229582, 43.5348537], [-80.2298502, 43.5348342], [-80.2298931, 43.5349937], [-80.2303277, 43.5350404], [-80.2304886, 43.5349509], [-80.2306603, 43.5345581]]], [[[-80.2312745, 43.5363592], [-80.2308775, 43.5362347], [-80.231076, 43.5359703], [-80.2304684, 43.5356849], [-80.230325, 43.5359547], [-80.2303089, 43.5361453], [-80.2300302, 43.5363309], [-80.2304151, 43.536518], [-80.2306361, 43.5365575], [-80.230679, 43.5365031], [-80.2309419, 43.536472], [-80.2312745, 43.5363592]]], [[[-80.2844279, 43.51554], [-80.2838239, 43.515101], [-80.2831383, 43.5155972], [-80.2833781, 43.5157714], [-80.2836285, 43.5155902], [-80.2839928, 43.5158549], [-80.2844279, 43.51554]]], [[[-80.2582568, 43.5831227], [-80.2576162, 43.5826535], [-80.2574316, 43.582781], [-80.2572697, 43.5828968], [-80.2571965, 43.5829403], [-80.2571209, 43.5829715], [-80.2570577, 43.582983], [-80.257004, 43.5829869], [-80.2568846, 43.5835179], [-80.2573773, 43.5836918], [-80.2574569, 43.5837199], [-80.2580739, 43.5832549], [-80.2582568, 43.5831227]]], [[[-80.2226378, 43.5381382], [-80.2214698, 43.5371099], [-80.2224739, 43.5365175], [-80.2214558, 43.5357862], [-80.2210776, 43.5360537], [-80.2209421, 43.5360638], [-80.2208067, 43.5360503], [-80.2207226, 43.53603], [-80.2203584, 43.5357388], [-80.2202742, 43.5356671], [-80.2203173, 43.5356055], [-80.2203116, 43.5355658], [-80.2202087, 43.5354817], [-80.2200655, 43.5353865], [-80.2199925, 43.5353308], [-80.219951, 43.5353172], [-80.2199079, 43.5353336], [-80.2198766, 43.535354], [-80.2197648, 43.5353115], [-80.2196728, 43.5352602], [-80.2196445, 43.5352038], [-80.2194185, 43.5351997], [-80.2184891, 43.5346159], [-80.2183258, 43.5347726], [-80.2175491, 43.5342605], [-80.2170873, 43.5339276], [-80.2167841, 43.5335282], [-80.2165169, 43.5329907], [-80.2150845, 43.5340971], [-80.2161783, 43.5347006], [-80.2156144, 43.5349465], [-80.215361, 43.5351917], [-80.2153094, 43.5354265], [-80.2151196, 43.5356285], [-80.2146609, 43.53609], [-80.2144711, 43.5360583], [-80.2142519, 43.5360837], [-80.2141666, 43.5362315], [-80.2143154, 43.53623], [-80.2143864, 43.5362787], [-80.2144432, 43.5364231], [-80.2144675, 43.5365944], [-80.2141989, 43.5367545], [-80.2137904, 43.5366631], [-80.2136658, 43.536398], [-80.2140763, 43.5360896], [-80.2140587, 43.5359151], [-80.2074054, 43.5398768], [-80.214454, 43.5450561], [-80.2145481, 43.5451244], [-80.214701, 43.5451807], [-80.221776, 43.5398854], [-80.2208939, 43.5392549], [-80.2219476, 43.5387278], [-80.2224899, 43.5383213], [-80.2226378, 43.5381382]]], [[[-80.226802, 43.5315787], [-80.226787, 43.5315756], [-80.2267939, 43.5315471], [-80.2268015, 43.5315198], [-80.2267782, 43.5314766], [-80.22675, 43.5314556], [-80.2267028, 43.5314331], [-80.2266635, 43.5314168], [-80.2266516, 43.5314156], [-80.2266395, 43.5314084], [-80.226577, 43.5314561], [-80.226572, 43.5314542], [-80.2265122, 43.5314975], [-80.2264328, 43.5314402], [-80.2264, 43.5314406], [-80.2262646, 43.5315423], [-80.2261775, 43.5314821], [-80.2261508, 43.5315063], [-80.2260475, 43.5316035], [-80.225989, 43.5316571], [-80.225969, 43.5316806], [-80.2259597, 43.5317007], [-80.2259536, 43.5317219], [-80.2259613, 43.5317498], [-80.2259782, 43.5317833], [-80.2260059, 43.531809], [-80.2260722, 43.5318548], [-80.2261585, 43.5319151], [-80.2262432, 43.5319765], [-80.2262909, 43.53201], [-80.2263156, 43.5320435], [-80.2263464, 43.5320636], [-80.2263972, 43.5320636], [-80.2265975, 43.5319184], [-80.2266135, 43.5318934], [-80.2266211, 43.5318678], [-80.2266288, 43.5318333], [-80.2266857, 43.5317508], [-80.226738, 43.5317003], [-80.2267713, 43.5316599], [-80.2267989, 43.5316195], [-80.2267872, 43.531614], [-80.226802, 43.5315787]]], [[[-80.2257874, 43.5299197], [-80.2257865, 43.5299051], [-80.225769, 43.5298736], [-80.2257361, 43.5298407], [-80.2257098, 43.5298156], [-80.2255624, 43.5297021], [-80.2247944, 43.5291459], [-80.2244607, 43.5293859], [-80.2244362, 43.5294102], [-80.2244615, 43.5294346], [-80.2245094, 43.5294712], [-80.2245856, 43.5295257], [-80.2248448, 43.5297136], [-80.2250956, 43.5298976], [-80.2253276, 43.5300717], [-80.225391, 43.5301034], [-80.2254273, 43.53012], [-80.2254623, 43.5301316], [-80.225531, 43.5301311], [-80.2255729, 43.5301234], [-80.2256066, 43.5301163], [-80.2256403, 43.5301003], [-80.2256676, 43.5300809], [-80.2257145, 43.5300444], [-80.2257457, 43.5300114], [-80.2257659, 43.5299898], [-80.2257821, 43.5299644], [-80.2257847, 43.5299399], [-80.2257874, 43.5299197]]], [[[-80.2420372, 43.5406222], [-80.2412266, 43.5401704], [-80.2410263, 43.5400811], [-80.240882, 43.5401246], [-80.2404845, 43.5401674], [-80.2403507, 43.5402456], [-80.2395963, 43.5406865], [-80.2391348, 43.5407794], [-80.2389027, 43.5407856], [-80.2387555, 43.540784], [-80.2386398, 43.54075], [-80.2384794, 43.5406757], [-80.2382492, 43.5406513], [-80.2380487, 43.5406853], [-80.237907, 43.54075], [-80.2376177, 43.5408198], [-80.2373522, 43.5408464], [-80.2370312, 43.540848], [-80.2366342, 43.5408583], [-80.2365814, 43.5408969], [-80.2365126, 43.5409354], [-80.2364479, 43.5409079], [-80.2363923, 43.5409092], [-80.2363322, 43.5410084], [-80.2361379, 43.5410517], [-80.2358821, 43.5410887], [-80.2356007, 43.5410582], [-80.2362431, 43.541495], [-80.236473, 43.5416918], [-80.2373006, 43.5422008], [-80.2420372, 43.5406222]]], [[[-80.2297237, 43.5812147], [-80.2296218, 43.5811136], [-80.2288708, 43.5806551], [-80.2285114, 43.5805035], [-80.2283719, 43.5803014], [-80.2281144, 43.5800605], [-80.2278435, 43.580319], [-80.2294636, 43.5814459], [-80.2297237, 43.5812147]]], [[[-80.2315933, 43.5829672], [-80.2315718, 43.5825145], [-80.2313116, 43.5823358], [-80.2311105, 43.582466], [-80.2309281, 43.5823494], [-80.2311802, 43.5821862], [-80.2304667, 43.581681], [-80.2297747, 43.581339], [-80.2295226, 43.581545], [-80.2314726, 43.5829653], [-80.2315933, 43.5829672]]], [[[-80.2735997, 43.5657019], [-80.2735535, 43.5656665], [-80.2714292, 43.5641783], [-80.2709413, 43.5637334], [-80.2710203, 43.5636639], [-80.2711118, 43.5635952], [-80.2710506, 43.563545], [-80.270743, 43.5632725], [-80.2708364, 43.5631992], [-80.2709217, 43.563111], [-80.2720085, 43.5623238], [-80.2727494, 43.5617998], [-80.2723487, 43.5615121], [-80.2722148, 43.5614148], [-80.272134, 43.5613728], [-80.2716773, 43.561041], [-80.2716247, 43.5609886], [-80.2715922, 43.5609601], [-80.271539, 43.560924], [-80.2714044, 43.5608219], [-80.2713532, 43.5607906], [-80.270278, 43.5615864], [-80.2692378, 43.5608434], [-80.2694064, 43.5603936], [-80.2681428, 43.5595864], [-80.2673344, 43.5592341], [-80.2660463, 43.5601464], [-80.2656179, 43.5604799], [-80.2661645, 43.5610004], [-80.2668427, 43.5616882], [-80.267151, 43.5625703], [-80.2678049, 43.5644408], [-80.2684118, 43.5659446], [-80.2684201, 43.5660763], [-80.2690361, 43.5675689], [-80.269048, 43.5676946], [-80.2690187, 43.5679598], [-80.2691128, 43.5681103], [-80.269165, 43.5683694], [-80.2692118, 43.5696747], [-80.2699123, 43.5703766], [-80.2704371, 43.5699809], [-80.2714466, 43.569173], [-80.2727348, 43.568197], [-80.2734927, 43.5676576], [-80.2732453, 43.5676278], [-80.2728295, 43.5679543], [-80.2725735, 43.5680556], [-80.2718304, 43.5677619], [-80.2722609, 43.5670739], [-80.2724433, 43.5663646], [-80.2726078, 43.5662493], [-80.2731234, 43.5659692], [-80.273425, 43.5657996], [-80.2735997, 43.5657019]]], [[[-80.2248368, 43.5527724], [-80.2247697, 43.552716], [-80.2236727, 43.5527432], [-80.22367, 43.5529123], [-80.2245498, 43.5529143], [-80.2248368, 43.5527724]]], [[[-80.2762614, 43.5512182], [-80.2757692, 43.5508693], [-80.2760904, 43.5506195], [-80.2760603, 43.5505772], [-80.2760489, 43.5505402], [-80.2760609, 43.5504902], [-80.2760676, 43.5504474], [-80.2760455, 43.5504134], [-80.275906, 43.5503211], [-80.2750464, 43.5509927], [-80.275389, 43.5512483], [-80.2754467, 43.5512308], [-80.2755272, 43.5512128], [-80.2756331, 43.5512046], [-80.2757109, 43.5512051], [-80.2758175, 43.5512245], [-80.2758987, 43.5512483], [-80.2759778, 43.5512823], [-80.2760361, 43.5512955], [-80.2760864, 43.5512984], [-80.2761575, 43.5512853], [-80.2762614, 43.5512182]]], [[[-80.2457257, 43.5474984], [-80.2451188, 43.5474325], [-80.2447392, 43.5473567], [-80.2443482, 43.5472002], [-80.2441697, 43.5471003], [-80.2440836, 43.5471134], [-80.2438704, 43.5473334], [-80.2439167, 43.5473574], [-80.2440471, 43.5473702], [-80.2441526, 43.547419], [-80.2445574, 43.5475319], [-80.2448906, 43.547688], [-80.2453615, 43.5479114], [-80.2454956, 43.547957], [-80.2455051, 43.5478291], [-80.2455961, 43.5476104], [-80.2457257, 43.5474984]]], [[[-80.2573206, 43.5536636], [-80.2564104, 43.5524944], [-80.2560724, 43.5526227], [-80.255878, 43.5523972], [-80.2555333, 43.5525381], [-80.2554394, 43.552404], [-80.2553614, 43.5524046], [-80.2553708, 43.5524702], [-80.2554035, 43.5525882], [-80.2553967, 43.5530686], [-80.2560089, 43.5535527], [-80.2564522, 43.5536017], [-80.2567917, 43.5535848], [-80.2568695, 43.5535738], [-80.2569351, 43.5535649], [-80.2570359, 43.5535782], [-80.257103, 43.5536114], [-80.2571962, 43.5536512], [-80.2573206, 43.5536636]]], [[[-80.2550686, 43.5514489], [-80.2547291, 43.5510748], [-80.2544795, 43.5511956], [-80.2543206, 43.5510324], [-80.2538475, 43.5505466], [-80.254046, 43.5504377], [-80.2531689, 43.5499925], [-80.2528368, 43.5501893], [-80.2527103, 43.5502642], [-80.2530116, 43.5504389], [-80.2533962, 43.5507123], [-80.2535839, 43.5508973], [-80.2538626, 43.551199], [-80.2540181, 43.5512726], [-80.2541221, 43.5513574], [-80.2543918, 43.5513883], [-80.2547168, 43.5516207], [-80.2550686, 43.5514489]]], [[[-80.2751309, 43.5664828], [-80.2741303, 43.5658379], [-80.2710203, 43.5636639], [-80.2709413, 43.5637334], [-80.2714292, 43.5641783], [-80.2735997, 43.5657019], [-80.2738898, 43.5658688], [-80.2739217, 43.5659127], [-80.2739068, 43.5659741], [-80.2736631, 43.5661099], [-80.2735372, 43.5661575], [-80.2728663, 43.5662473], [-80.2726078, 43.5662493], [-80.2724433, 43.5663646], [-80.2722609, 43.5670739], [-80.2718304, 43.5677619], [-80.2725735, 43.5680556], [-80.2728295, 43.5679543], [-80.2732453, 43.5676278], [-80.2734927, 43.5676576], [-80.2751309, 43.5664828]]], [[[-80.2306965, 43.4993466], [-80.2304524, 43.4987143], [-80.2297989, 43.4988458], [-80.2300447, 43.4994886], [-80.2306965, 43.4993466]]], [[[-80.2632415, 43.5558621], [-80.2629888, 43.5556725], [-80.2626292, 43.5558303], [-80.2629593, 43.5560641], [-80.2632415, 43.5558621]]], [[[-80.2824093, 43.5559478], [-80.2823221, 43.5558877], [-80.2814517, 43.5565337], [-80.2815124, 43.5565273], [-80.2816395, 43.5565361], [-80.2817168, 43.5565377], [-80.2818305, 43.5565449], [-80.2818791, 43.5565457], [-80.2823099, 43.5565545], [-80.2823419, 43.5565497], [-80.2823596, 43.5561719], [-80.2823563, 43.5561583], [-80.2823497, 43.5561471], [-80.2823132, 43.5561239], [-80.2822967, 43.5561207], [-80.2822878, 43.5561247], [-80.2822801, 43.5561279], [-80.2822204, 43.5560895], [-80.2822249, 43.5560831], [-80.2822271, 43.5560758], [-80.2822271, 43.5560638], [-80.2822028, 43.5560414], [-80.2822779, 43.555991], [-80.2823154, 43.5560118], [-80.2823309, 43.5560078], [-80.2824093, 43.5559478]]], [[[-80.2348579, 43.5172431], [-80.2347894, 43.5171937], [-80.2347796, 43.5165154], [-80.2342727, 43.5161283], [-80.2328565, 43.5150993], [-80.232363, 43.5154728], [-80.2319794, 43.5152102], [-80.2317381, 43.5152931], [-80.2315733, 43.5153497], [-80.2312566, 43.5154584], [-80.2310814, 43.5155186], [-80.2308884, 43.5156001], [-80.2307443, 43.5156774], [-80.2306881, 43.5157181], [-80.2305713, 43.5158028], [-80.230627, 43.5158563], [-80.2309484, 43.5160719], [-80.2309645, 43.5163516], [-80.2311895, 43.5163691], [-80.2316475, 43.5167304], [-80.2314868, 43.5170858], [-80.2312082, 43.5172741], [-80.2316377, 43.5176252], [-80.2319953, 43.5173973], [-80.2327324, 43.5176453], [-80.2329332, 43.5179191], [-80.232877, 43.518193], [-80.2326262, 43.5183692], [-80.2327674, 43.5184988], [-80.2324763, 43.5187182], [-80.2327285, 43.518906], [-80.2348579, 43.5172431]]], [[[-80.2058446, 43.5292964], [-80.2046277, 43.5284333], [-80.2042784, 43.5287038], [-80.2039795, 43.5289352], [-80.2040854, 43.5290662], [-80.2040809, 43.5291653], [-80.204006, 43.5293028], [-80.2035195, 43.5296852], [-80.2046325, 43.5304601], [-80.2049716, 43.5302011], [-80.2049099, 43.5300828], [-80.2049981, 43.5299102], [-80.2058446, 43.5292964]]], [[[-80.2389701, 43.5636147], [-80.2387745, 43.5634766], [-80.2388452, 43.5634291], [-80.2386905, 43.56332], [-80.2386138, 43.5633731], [-80.2384048, 43.5635278], [-80.2387295, 43.5637024], [-80.2388588, 43.5637748], [-80.2388981, 43.5637262], [-80.2388769, 43.5637176], [-80.2389701, 43.5636147]]], [[[-80.3062572, 43.5230921], [-80.3056291, 43.5230331], [-80.305562, 43.5233928], [-80.3062024, 43.5234606], [-80.3062572, 43.5230921]]], [[[-80.263727, 43.5831868], [-80.2637247, 43.5831742], [-80.2622593, 43.5821112], [-80.2622308, 43.5821124], [-80.2616302, 43.582555], [-80.2616283, 43.5825684], [-80.2630395, 43.5835928], [-80.2630704, 43.5836027], [-80.2631013, 43.5836087], [-80.2631335, 43.5836098], [-80.2631604, 43.5835992], [-80.263727, 43.5831868]]], [[[-80.2210797, 43.5609216], [-80.220683, 43.5606415], [-80.2206666, 43.5606347], [-80.2206445, 43.560632], [-80.2201506, 43.5609899], [-80.2202522, 43.5610701], [-80.2202924, 43.5611058], [-80.2204688, 43.5613189], [-80.2205006, 43.5613478], [-80.2207749, 43.5611382], [-80.2207866, 43.5611456], [-80.2210797, 43.5609216]]], [[[-80.2311061, 43.5597921], [-80.2307574, 43.5595418], [-80.2298445, 43.5588866], [-80.2294137, 43.5592088], [-80.2288646, 43.5588084], [-80.228734, 43.5589401], [-80.2275689, 43.5597882], [-80.228983, 43.5608111], [-80.2290486, 43.5608586], [-80.2290651, 43.5608706], [-80.2293633, 43.5610863], [-80.2294423, 43.5610288], [-80.2295514, 43.5609483], [-80.2296552, 43.5608728], [-80.2297612, 43.5607958], [-80.2298712, 43.5607159], [-80.2300084, 43.5606147], [-80.2301538, 43.5605105], [-80.2303089, 43.5603959], [-80.2304745, 43.560273], [-80.2306372, 43.5601468], [-80.2306924, 43.5600991], [-80.2311061, 43.5597921]]], [[[-80.2056891, 43.520531], [-80.2051545, 43.5202566], [-80.204824, 43.5205097], [-80.2052167, 43.5207463], [-80.2054518, 43.5208444], [-80.2056891, 43.520531]]], [[[-80.1899595, 43.5141604], [-80.1892005, 43.5135982], [-80.1890231, 43.5138344], [-80.1890641, 43.5138565], [-80.1895062, 43.514173], [-80.1897006, 43.5140796], [-80.1899595, 43.5141604]]], [[[-80.2354164, 43.5521544], [-80.2347712, 43.5516917], [-80.2346019, 43.5518157], [-80.2344486, 43.5517058], [-80.2340064, 43.5520297], [-80.2351256, 43.5528321], [-80.2352322, 43.552754], [-80.2349116, 43.5525242], [-80.2354164, 43.5521544]]], [[[-80.2617772, 43.5708599], [-80.261457, 43.5705273], [-80.261119, 43.5708305], [-80.261423, 43.5710974], [-80.2617772, 43.5708599]]], [[[-80.2816911, 43.5673591], [-80.2808574, 43.5666736], [-80.2800849, 43.5661192], [-80.2795269, 43.5665125], [-80.2787358, 43.5671108], [-80.2785305, 43.5671731], [-80.2786225, 43.5674206], [-80.278767, 43.5677807], [-80.278839, 43.5679679], [-80.2789472, 43.5682859], [-80.2790291, 43.5685784], [-80.279212, 43.5692557], [-80.2799708, 43.5686686], [-80.2808354, 43.5679996], [-80.2816911, 43.5673591]]], [[[-80.2581416, 43.5315338], [-80.2580159, 43.5314411], [-80.2579906, 43.5314012], [-80.2579818, 43.5313723], [-80.257986, 43.531337], [-80.258012, 43.5312404], [-80.2578839, 43.5313621], [-80.2572609, 43.5319477], [-80.2567941, 43.5323067], [-80.2565378, 43.5324999], [-80.2549714, 43.5337094], [-80.2548816, 43.5337765], [-80.255273, 43.5340602], [-80.2554786, 43.5341855], [-80.2568865, 43.5328304], [-80.2578363, 43.5319625], [-80.2581416, 43.5315338]]], [[[-80.2814399, 43.5475223], [-80.2808985, 43.5471708], [-80.2811269, 43.5468665], [-80.2801949, 43.5459275], [-80.2792946, 43.545015], [-80.2791736, 43.5448777], [-80.2797393, 43.5446273], [-80.2796608, 43.5445239], [-80.2790926, 43.5447795], [-80.2789088, 43.544447], [-80.2786895, 43.5440363], [-80.2785753, 43.5439288], [-80.278427, 43.5438312], [-80.2779968, 43.5436727], [-80.2770222, 43.5443891], [-80.27818, 43.5451665], [-80.2783129, 43.5453517], [-80.2774892, 43.5460286], [-80.2778831, 43.5463082], [-80.277408, 43.5466655], [-80.280021, 43.5485577], [-80.2805404, 43.5481778], [-80.2807442, 43.5480295], [-80.2814399, 43.5475223]]], [[[-80.23113, 43.5044615], [-80.230519, 43.5040396], [-80.2304338, 43.5039629], [-80.2301987, 43.503802], [-80.230046, 43.5036454], [-80.2268521, 43.5013276], [-80.2251466, 43.5000214], [-80.2233577, 43.5012697], [-80.2225329, 43.5019196], [-80.2217316, 43.502521], [-80.2212766, 43.5025802], [-80.2181598, 43.5032805], [-80.2170827, 43.5030442], [-80.2147599, 43.5018691], [-80.2136162, 43.5013389], [-80.2130008, 43.5010488], [-80.2128129, 43.5012044], [-80.212158, 43.5007291], [-80.2109027, 43.4999353], [-80.211246, 43.4996629], [-80.2108855, 43.4994105], [-80.2101321, 43.4988829], [-80.2095976, 43.4985013], [-80.2089346, 43.4980383], [-80.2076552, 43.4971179], [-80.2071589, 43.4971335], [-80.2067191, 43.4968903], [-80.2066064, 43.4965167], [-80.2063108, 43.4955303], [-80.2055705, 43.4953591], [-80.2044703, 43.4950839], [-80.2044223, 43.4951722], [-80.2054665, 43.4954252], [-80.2055474, 43.4956314], [-80.205826, 43.4963156], [-80.2051122, 43.4969889], [-80.2041074, 43.4978914], [-80.2030149, 43.4971271], [-80.202795, 43.4969806], [-80.2017799, 43.4963605], [-80.2016737, 43.4962205], [-80.201658, 43.494729], [-80.2010195, 43.4941908], [-80.1989629, 43.4931475], [-80.1985672, 43.4933296], [-80.1992028, 43.4948889], [-80.1988745, 43.4951196], [-80.1989115, 43.4951524], [-80.1992526, 43.4949247], [-80.2005708, 43.4958727], [-80.2006888, 43.4961957], [-80.2004206, 43.4964331], [-80.2007049, 43.4966899], [-80.1993746, 43.4977211], [-80.1997715, 43.4978535], [-80.1999593, 43.4976394], [-80.2003607, 43.4973812], [-80.2015052, 43.4982148], [-80.2024593, 43.4988023], [-80.2019524, 43.4992267], [-80.201524, 43.4993242], [-80.2005395, 43.4995127], [-80.1996883, 43.4995995], [-80.1997823, 43.5000987], [-80.2005762, 43.5000326], [-80.2009624, 43.5000326], [-80.2012978, 43.5001601], [-80.201515, 43.5002855], [-80.2019924, 43.5008458], [-80.1997581, 43.5025464], [-80.1995203, 43.5022904], [-80.1994815, 43.5023089], [-80.1997048, 43.5025719], [-80.197611, 43.5041352], [-80.1973039, 43.503934], [-80.1972613, 43.5039741], [-80.1977009, 43.5043011], [-80.1975697, 43.5043828], [-80.1964457, 43.5045441], [-80.1959113, 43.505009], [-80.1962664, 43.5047355], [-80.1969073, 43.5051757], [-80.1981472, 43.5042722], [-80.2016421, 43.5066807], [-80.1987577, 43.5089778], [-80.200877, 43.5108465], [-80.200683, 43.5109704], [-80.1997936, 43.5115383], [-80.1996494, 43.5114229], [-80.1994819, 43.5112888], [-80.198989, 43.5116562], [-80.200419, 43.5127961], [-80.1994735, 43.5135303], [-80.1995271, 43.5135654], [-80.2000198, 43.5131774], [-80.2000708, 43.513212], [-80.2001688, 43.5132785], [-80.2002729, 43.5133492], [-80.2005531, 43.5131182], [-80.2006549, 43.5133284], [-80.2009691, 43.5134704], [-80.2007669, 43.5138167], [-80.2011413, 43.5140895], [-80.201327, 43.5140931], [-80.2014539, 43.5141589], [-80.2013239, 43.5141986], [-80.201373, 43.5144735], [-80.2017363, 43.5146937], [-80.2019965, 43.5150317], [-80.2024024, 43.5150864], [-80.2026202, 43.5152917], [-80.202376, 43.5155588], [-80.2028811, 43.5159145], [-80.2031572, 43.5159207], [-80.2034046, 43.5157268], [-80.2035282, 43.51563], [-80.203808, 43.5154107], [-80.203928, 43.5153947], [-80.2040076, 43.5153382], [-80.2057038, 43.5141337], [-80.2060845, 43.5138633], [-80.206763, 43.5133815], [-80.2058461, 43.512726], [-80.2057244, 43.5124796], [-80.2062585, 43.51252], [-80.2062623, 43.5124561], [-80.205663, 43.5123887], [-80.2057174, 43.5121833], [-80.2060231, 43.5118934], [-80.206807, 43.511283], [-80.2087447, 43.509873], [-80.210106, 43.5109231], [-80.2116269, 43.5100049], [-80.2094758, 43.5094058], [-80.2119488, 43.5076355], [-80.2133408, 43.5086996], [-80.213019, 43.5089389], [-80.2131375, 43.5090164], [-80.2133039, 43.5088876], [-80.2134881, 43.5090153], [-80.2137458, 43.5088319], [-80.2141884, 43.5086977], [-80.2143896, 43.5086665], [-80.2157092, 43.5093046], [-80.2159989, 43.5094447], [-80.2166052, 43.5089987], [-80.2169574, 43.5090878], [-80.2172917, 43.5091723], [-80.2181715, 43.5098065], [-80.2185098, 43.510027], [-80.2183222, 43.5101692], [-80.2177874, 43.5105744], [-80.2174671, 43.510767], [-80.217599, 43.5108127], [-80.2178551, 43.510734], [-80.2180538, 43.510723], [-80.2182798, 43.5107908], [-80.2192494, 43.5113966], [-80.2193025, 43.5114644], [-80.219311, 43.5115476], [-80.2184284, 43.5121987], [-80.21951, 43.5129636], [-80.2204054, 43.5122847], [-80.2214999, 43.5130397], [-80.2230497, 43.511932], [-80.2236329, 43.5114729], [-80.2244052, 43.5111186], [-80.2246143, 43.5110319], [-80.2243885, 43.5107008], [-80.2242066, 43.5106079], [-80.2240028, 43.5102966], [-80.2243455, 43.5096893], [-80.2249303, 43.5097243], [-80.2255422, 43.509581], [-80.2257461, 43.5093787], [-80.2245176, 43.508441], [-80.224126, 43.5087484], [-80.2236325, 43.5087601], [-80.2233399, 43.5086819], [-80.2231765, 43.5084099], [-80.2231926, 43.5081959], [-80.2233267, 43.5079158], [-80.2235842, 43.5078263], [-80.2233214, 43.507659], [-80.2232326, 43.507394], [-80.2232785, 43.5070832], [-80.2235384, 43.5068649], [-80.2238471, 43.5068419], [-80.2242119, 43.5058537], [-80.2254349, 43.5049238], [-80.2264381, 43.5045891], [-80.2270228, 43.5046708], [-80.2276904, 43.5051413], [-80.2282939, 43.5049743], [-80.2286802, 43.505056], [-80.2289457, 43.5052852], [-80.2290288, 43.5055735], [-80.2298921, 43.5050021], [-80.2300995, 43.5049481], [-80.2301795, 43.5049273], [-80.2304193, 43.5049347], [-80.2310141, 43.5045415], [-80.2310835, 43.5044936], [-80.23113, 43.5044615]]], [[[-80.2628937, 43.5411335], [-80.2628926, 43.5411256], [-80.2626515, 43.540961], [-80.2626367, 43.5409576], [-80.2626199, 43.5409588], [-80.2625992, 43.5409652], [-80.2623366, 43.5410521], [-80.2622552, 43.5410655], [-80.2621299, 43.5410832], [-80.2620431, 43.5410904], [-80.2619476, 43.5410925], [-80.2618536, 43.5410889], [-80.2617693, 43.5410884], [-80.261727, 43.5410896], [-80.2616904, 43.5410927], [-80.2616159, 43.5411029], [-80.2620363, 43.5415753], [-80.2624018, 43.5413917], [-80.26289, 43.541138], [-80.2628937, 43.5411335]]], [[[-80.2676274, 43.5336637], [-80.2674799, 43.5334381], [-80.2664378, 43.5325251], [-80.2661334, 43.5323958], [-80.2660838, 43.5322597], [-80.265884, 43.5321537], [-80.265763, 43.5321444], [-80.2655286, 43.5321265], [-80.2655058, 43.5319991], [-80.2652845, 43.5319243], [-80.2649547, 43.532773], [-80.264056, 43.5349315], [-80.2639689, 43.535108], [-80.2636353, 43.5354904], [-80.2634158, 43.5356784], [-80.2638708, 43.5355854], [-80.2642438, 43.5354675], [-80.2646247, 43.535335], [-80.2667645, 43.534627], [-80.2675751, 43.5343588], [-80.2676274, 43.5336637]]], [[[-80.2561247, 43.5521212], [-80.2554488, 43.5512639], [-80.2550686, 43.5514489], [-80.2547168, 43.5516207], [-80.254997, 43.5520893], [-80.2550777, 43.552148], [-80.2551591, 43.5521964], [-80.2552492, 43.5522734], [-80.255333, 43.5523478], [-80.2553614, 43.5524046], [-80.2554394, 43.552404], [-80.2561247, 43.5521212]]], [[[-80.2416058, 43.5386431], [-80.2409819, 43.538276], [-80.2405397, 43.5386034], [-80.2408125, 43.5387947], [-80.2408727, 43.5387238], [-80.241056, 43.538656], [-80.2413032, 43.5386191], [-80.2416058, 43.5386431]]], [[[-80.261105, 43.5282154], [-80.2608833, 43.5279148], [-80.2599041, 43.5272969], [-80.2591502, 43.5269181], [-80.2586087, 43.5266358], [-80.2572587, 43.5260536], [-80.2566555, 43.5257251], [-80.2559512, 43.5252664], [-80.2554216, 43.5248488], [-80.2549024, 43.524351], [-80.2545535, 43.5239422], [-80.2541458, 43.5241845], [-80.2544563, 43.524507], [-80.2544821, 43.5246223], [-80.2545988, 43.5246831], [-80.2550719, 43.5251298], [-80.2556085, 43.5255557], [-80.2562603, 43.5259715], [-80.2572909, 43.5264835], [-80.2583374, 43.5268932], [-80.2584259, 43.5269055], [-80.2585235, 43.5268725], [-80.2587059, 43.5268815], [-80.2588237, 43.5269683], [-80.2588359, 43.5271296], [-80.2586716, 43.5272303], [-80.2585398, 43.5272304], [-80.2582777, 43.527532], [-80.2578502, 43.5277421], [-80.2544282, 43.5280889], [-80.2550888, 43.5285279], [-80.2556305, 43.528252], [-80.257262, 43.5294313], [-80.2558136, 43.531022], [-80.2544375, 43.5316622], [-80.2538207, 43.532141], [-80.2532065, 43.5327079], [-80.2525896, 43.53316], [-80.2523643, 43.5332699], [-80.2516133, 43.5337794], [-80.2506418, 43.5341481], [-80.2499979, 43.5343925], [-80.2487759, 43.5350153], [-80.2476858, 43.5355708], [-80.2475863, 43.5356302], [-80.2468537, 43.5360671], [-80.2466271, 43.5359799], [-80.2459158, 43.5363654], [-80.2459669, 43.5365125], [-80.2461362, 43.5371268], [-80.2461579, 43.5375944], [-80.2460851, 43.5378528], [-80.2460619, 43.5378517], [-80.2460603, 43.5378656], [-80.2460668, 43.5378694], [-80.2460758, 43.5378666], [-80.246152, 43.5378205], [-80.2462388, 43.5377731], [-80.2463368, 43.5377248], [-80.2464207, 43.5376904], [-80.2465148, 43.537657], [-80.2466748, 43.5376109], [-80.2468685, 43.5375608], [-80.2474103, 43.5374], [-80.249749, 43.5366922], [-80.2508745, 43.5363568], [-80.2515611, 43.5359427], [-80.2528979, 43.5349597], [-80.2534118, 43.5344649], [-80.2533512, 43.5342811], [-80.2536489, 43.5340614], [-80.253841, 43.5340993], [-80.2547985, 43.5335179], [-80.256542, 43.5322267], [-80.2572082, 43.5317046], [-80.2583847, 43.5305855], [-80.2592655, 43.5296355], [-80.2600128, 43.5289053], [-80.261105, 43.5282154]]], [[[-80.2459594, 43.5464155], [-80.2457084, 43.5461365], [-80.2453058, 43.5463254], [-80.2455045, 43.5465438], [-80.2455273, 43.5464631], [-80.2456611, 43.5464795], [-80.2456862, 43.5463795], [-80.2459594, 43.5464155]]], [[[-80.1922706, 43.5160112], [-80.1916768, 43.5157612], [-80.1913303, 43.5156723], [-80.1912743, 43.5157666], [-80.1910812, 43.5159689], [-80.1911831, 43.5161673], [-80.1916283, 43.5163345], [-80.1918751, 43.5161711], [-80.1921058, 43.516424], [-80.1921862, 43.5164007], [-80.1922453, 43.5160972], [-80.1922706, 43.5160112]]], [[[-80.2722805, 43.5529823], [-80.2718433, 43.5526608], [-80.271449, 43.5529512], [-80.2718849, 43.5532717], [-80.2722805, 43.5529823]]], [[[-80.2280474, 43.4875094], [-80.2275538, 43.487342], [-80.2269101, 43.4858319], [-80.2260035, 43.4860148], [-80.2258909, 43.4858552], [-80.2256441, 43.4854115], [-80.2247536, 43.484925], [-80.2244049, 43.4847576], [-80.224008, 43.4847927], [-80.2237612, 43.4848978], [-80.2248877, 43.4880465], [-80.2269906, 43.4876845], [-80.2271783, 43.4876456], [-80.2271622, 43.4875249], [-80.2269638, 43.48756], [-80.2269208, 43.4873148], [-80.2270228, 43.4871124], [-80.2272695, 43.4870618], [-80.2274197, 43.487521], [-80.2272749, 43.4876456], [-80.2280474, 43.4875094]]], [[[-80.2285087, 43.4880348], [-80.2282593, 43.4876339], [-80.2264541, 43.4879102], [-80.226599, 43.4882605], [-80.2267063, 43.4882449], [-80.2266768, 43.4881262], [-80.2267948, 43.4881029], [-80.2268592, 43.4882255], [-80.227645, 43.4881165], [-80.2276343, 43.4880718], [-80.2276772, 43.4880406], [-80.227747, 43.4880036], [-80.2279508, 43.4880231], [-80.2280635, 43.4880756], [-80.2281949, 43.4882196], [-80.2283478, 43.4881729], [-80.2284765, 43.488136], [-80.2285087, 43.4880348]]], [[[-80.2223423, 43.4920804], [-80.2222753, 43.4917826], [-80.2220339, 43.4918255], [-80.2220178, 43.4917087], [-80.2219453, 43.4916951], [-80.2218246, 43.4917301], [-80.2218461, 43.4918469], [-80.2211568, 43.4919831], [-80.2213714, 43.4923411], [-80.2214357, 43.4923586], [-80.2223396, 43.4922107], [-80.2223423, 43.4920804]]], [[[-80.2223128, 43.4933743], [-80.2222592, 43.4933393], [-80.221948, 43.4933004], [-80.2217978, 43.4932771], [-80.2215082, 43.4925026], [-80.2213526, 43.4925337], [-80.2215242, 43.4931019], [-80.221079, 43.4931642], [-80.2210093, 43.4932342], [-80.2212507, 43.4940748], [-80.2214438, 43.4942305], [-80.2217013, 43.4942071], [-80.221948, 43.4939892], [-80.2223128, 43.4933743]]], [[[-80.2662394, 43.5526863], [-80.2662369, 43.552612], [-80.265719, 43.552992], [-80.2657284, 43.5530333], [-80.2660058, 43.5532238], [-80.2662394, 43.5526863]]], [[[-80.2658954, 43.5533447], [-80.2657244, 43.5532158], [-80.2656824, 43.5532647], [-80.2657011, 43.5533249], [-80.2656581, 43.5533576], [-80.2655145, 43.5534668], [-80.2654625, 43.5535369], [-80.2651437, 43.5539669], [-80.2648701, 43.5542769], [-80.2642666, 43.5547872], [-80.2638774, 43.5550621], [-80.2638421, 43.555087], [-80.263962, 43.5551741], [-80.2640017, 43.5551457], [-80.2647641, 43.5545996], [-80.2650645, 43.5543537], [-80.2655165, 43.5538269], [-80.2656486, 43.5536625], [-80.2658954, 43.5533447]]], [[[-80.2436051, 43.5469235], [-80.2435267, 43.5467418], [-80.2432196, 43.5464242], [-80.2428591, 43.545879], [-80.2426795, 43.5455423], [-80.2425842, 43.5452578], [-80.2425517, 43.5450963], [-80.2425406, 43.5448064], [-80.2424877, 43.5447148], [-80.2425501, 43.5445473], [-80.242595, 43.5445335], [-80.2427018, 43.5442804], [-80.2433163, 43.5430174], [-80.2433221, 43.5429803], [-80.2432975, 43.5429276], [-80.2432567, 43.5428962], [-80.24317, 43.542877], [-80.2431012, 43.5428557], [-80.2429512, 43.5427861], [-80.2429662, 43.542869], [-80.2430048, 43.5430071], [-80.2428985, 43.5434491], [-80.2427738, 43.5436803], [-80.2423654, 43.5445054], [-80.242283, 43.5446504], [-80.2422588, 43.5446929], [-80.242233, 43.544887], [-80.2422997, 43.5452038], [-80.2423991, 43.5452695], [-80.2424349, 43.5453729], [-80.2432256, 43.5470085], [-80.2433286, 43.5470254], [-80.243336, 43.5469929], [-80.2434084, 43.5469943], [-80.2435981, 43.5469866], [-80.2436051, 43.5469235]]], [[[-80.2514499, 43.548308], [-80.2513947, 43.5482594], [-80.2513767, 43.5481884], [-80.2512265, 43.5481525], [-80.2510712, 43.5481253], [-80.2510263, 43.5481231], [-80.2509806, 43.5481286], [-80.2509414, 43.5481413], [-80.250909, 43.5481564], [-80.2508735, 43.548187], [-80.2508526, 43.5482132], [-80.2507724, 43.5484208], [-80.2509642, 43.5485131], [-80.2514499, 43.548308]]], [[[-80.2668234, 43.5600939], [-80.2666303, 43.5600409], [-80.266467, 43.5600375], [-80.266416, 43.5600815], [-80.2666276, 43.5603981], [-80.2668153, 43.5602207], [-80.2668234, 43.5600939]]], [[[-80.2369308, 43.5722034], [-80.2364601, 43.5719824], [-80.2363696, 43.5719702], [-80.2363495, 43.5720033], [-80.2363066, 43.5720441], [-80.2359988, 43.5722743], [-80.2363691, 43.572552], [-80.236546, 43.5726232], [-80.2366439, 43.5725134], [-80.2369308, 43.5722034]]], [[[-80.2819178, 43.5314175], [-80.281701, 43.5311881], [-80.2813419, 43.5309112], [-80.2812531, 43.5309531], [-80.2811355, 43.5310579], [-80.2810378, 43.5312184], [-80.2816177, 43.5313326], [-80.2819178, 43.5314175]]], [[[-80.2809637, 43.5316608], [-80.28089, 43.5315207], [-80.2808125, 43.5315062], [-80.280893, 43.5312482], [-80.2809213, 43.5311536], [-80.2809041, 43.5310409], [-80.280743, 43.5310076], [-80.2804937, 43.5312704], [-80.2803631, 43.5315276], [-80.2801956, 43.5315952], [-80.2799709, 43.5316922], [-80.2796073, 43.531772], [-80.2796118, 43.531876], [-80.2796973, 43.5319385], [-80.2803221, 43.5317389], [-80.2809637, 43.5316608]]], [[[-80.281227, 43.530881], [-80.2811021, 43.5308473], [-80.2809773, 43.5308271], [-80.280968, 43.5309012], [-80.2810583, 43.5309985], [-80.2811353, 43.5309503], [-80.281227, 43.530881]]], [[[-80.2864283, 43.5314537], [-80.2860166, 43.5312583], [-80.2859589, 43.5311882], [-80.2859026, 43.5311367], [-80.2857739, 43.5311173], [-80.2856424, 43.5311581], [-80.2855568, 43.5312022], [-80.2854985, 43.5312664], [-80.2852075, 43.5318494], [-80.284996, 43.5321537], [-80.2848955, 43.5323511], [-80.284878, 43.5324357], [-80.2849196, 43.5325213], [-80.2849571, 43.5325553], [-80.2850537, 43.5325772], [-80.2857846, 43.5312835], [-80.2863894, 43.5314615], [-80.2864283, 43.5314537]]], [[[-80.2779198, 43.532561], [-80.2778744, 43.5324518], [-80.2777547, 43.5324533], [-80.2775586, 43.5324772], [-80.2775628, 43.5325954], [-80.2774616, 43.5326388], [-80.2774555, 43.5327256], [-80.2774926, 43.53276], [-80.2776557, 43.5327241], [-80.2778105, 43.5326246], [-80.2779198, 43.532561]]], [[[-80.276309, 43.5317134], [-80.275393, 43.5320438], [-80.2752527, 43.5321111], [-80.2751471, 43.5322248], [-80.2753877, 43.5324712], [-80.2755641, 43.5326061], [-80.2757245, 43.5326177], [-80.2757565, 43.5324457], [-80.2757636, 43.5323587], [-80.2757886, 43.5321852], [-80.2757181, 43.5320434], [-80.275763, 43.5319969], [-80.2758656, 43.5320387], [-80.2763018, 43.5317457], [-80.276309, 43.5317134]]], [[[-80.2408125, 43.5387947], [-80.2405397, 43.5386034], [-80.2402286, 43.53856], [-80.2399819, 43.5385255], [-80.2395709, 43.5387978], [-80.2392622, 43.5385643], [-80.2386463, 43.5390089], [-80.2382133, 43.5386998], [-80.2388393, 43.5382428], [-80.2391239, 43.5380351], [-80.2391476, 43.5378858], [-80.2389703, 43.5376836], [-80.2378467, 43.5383389], [-80.2379494, 43.5385191], [-80.2378837, 43.538607], [-80.2374927, 43.5388557], [-80.2356645, 43.539137], [-80.2341934, 43.5395789], [-80.2336989, 43.539624], [-80.2334107, 43.5397911], [-80.2315443, 43.5404771], [-80.2310478, 43.5405541], [-80.2309839, 43.5407507], [-80.2310115, 43.5408186], [-80.2308662, 43.5408839], [-80.2303725, 43.5409524], [-80.22992, 43.5411994], [-80.22916, 43.5418637], [-80.2280656, 43.5423553], [-80.227559, 43.542534], [-80.2272399, 43.5427651], [-80.2270878, 43.5428483], [-80.2273529, 43.5430081], [-80.2271844, 43.5430117], [-80.2267788, 43.5432569], [-80.2261359, 43.5435268], [-80.2251716, 43.5446042], [-80.2228071, 43.5469788], [-80.2219139, 43.5475449], [-80.2208852, 43.5481109], [-80.2206928, 43.5482824], [-80.2203399, 43.548352], [-80.2198258, 43.5483491], [-80.2197933, 43.5483179], [-80.2195812, 43.5481881], [-80.2195842, 43.5478623], [-80.2190964, 43.5469726], [-80.2189415, 43.546991], [-80.2182071, 43.5473791], [-80.2181923, 43.547539], [-80.2182861, 43.5477086], [-80.2204177, 43.5493572], [-80.2212766, 43.5488913], [-80.2219775, 43.5486057], [-80.2223393, 43.5485236], [-80.2227434, 43.5483494], [-80.2232439, 43.5479933], [-80.2235314, 43.5476817], [-80.2239016, 43.5470775], [-80.2241539, 43.5467599], [-80.2242892, 43.5464583], [-80.2243924, 43.5463316], [-80.2245087, 43.5462794], [-80.2246063, 43.5461699], [-80.2246536, 43.5460246], [-80.224822, 43.5457737], [-80.2249092, 43.5457346], [-80.2254181, 43.5456958], [-80.2257598, 43.5456373], [-80.2268707, 43.54535], [-80.2269869, 43.5452978], [-80.2271773, 43.545132], [-80.2273173, 43.5449305], [-80.2275797, 43.5446958], [-80.2277351, 43.5443706], [-80.2278822, 43.5440709], [-80.2279408, 43.5437381], [-80.2285959, 43.5430204], [-80.2288451, 43.5428647], [-80.2292051, 43.5425205], [-80.2296626, 43.5422202], [-80.230207, 43.542034], [-80.230683, 43.541791], [-80.2309046, 43.5415674], [-80.2308691, 43.5412183], [-80.2309661, 43.5410726], [-80.2311986, 43.5409681], [-80.231377, 43.5409537], [-80.2317665, 43.540786], [-80.2323228, 43.5404485], [-80.2325479, 43.5404026], [-80.2329473, 43.5403213], [-80.2333938, 43.540398], [-80.2334596, 43.5403101], [-80.2335472, 43.5399642], [-80.2336046, 43.5399018], [-80.2339227, 43.5398392], [-80.2340492, 43.53987], [-80.2344177, 43.5398431], [-80.2346741, 43.5399323], [-80.2347397, 43.5399978], [-80.2348025, 43.5400717], [-80.2348279, 43.5401844], [-80.234821, 43.5406255], [-80.2348721, 43.5406974], [-80.2350165, 43.5407493], [-80.2365748, 43.5407646], [-80.2370712, 43.5406875], [-80.2373817, 43.5406867], [-80.2375152, 43.5406194], [-80.2376998, 43.5406241], [-80.2382101, 43.5405042], [-80.238262, 43.540459], [-80.2386553, 43.5405086], [-80.2389151, 43.5406254], [-80.2391446, 43.5406829], [-80.2392704, 43.5406775], [-80.239339, 43.540581], [-80.2393456, 43.5402933], [-80.2394808, 43.5399917], [-80.2395412, 43.5397674], [-80.2396555, 43.5396066], [-80.2400063, 43.5394051], [-80.2403203, 43.5392786], [-80.2404912, 43.5391726], [-80.2407072, 43.5389661], [-80.2408125, 43.5387947]]], [[[-80.2662903, 43.5325193], [-80.2660462, 43.5323326], [-80.2658692, 43.5322821], [-80.265763, 43.5321444], [-80.2655286, 43.5321265], [-80.2655058, 43.5319991], [-80.2652845, 43.5319243], [-80.2649547, 43.532773], [-80.2651101, 43.5327896], [-80.2652952, 43.5326302], [-80.2656734, 43.5327021], [-80.2656801, 43.532699], [-80.2657725, 43.5326562], [-80.2660301, 43.5325368], [-80.2662259, 43.5325776], [-80.2662903, 43.5325193]]], [[[-80.2667651, 43.5332738], [-80.2665612, 43.5327546], [-80.2663735, 43.5325893], [-80.2661079, 43.5328013], [-80.2660891, 43.5329257], [-80.2665666, 43.5333166], [-80.2666643, 43.5333202], [-80.2666739, 43.5333205], [-80.2667651, 43.5332738]]], [[[-80.2676274, 43.5336637], [-80.2674799, 43.5334381], [-80.267044, 43.5332388], [-80.2667061, 43.5333691], [-80.2669582, 43.5335985], [-80.2668858, 43.5340302], [-80.2666712, 43.5343938], [-80.2663976, 43.5345961], [-80.2664539, 43.5346816], [-80.2667645, 43.534627], [-80.2675751, 43.5343588], [-80.2676274, 43.5336637]]], [[[-80.2905374, 43.5381434], [-80.2904881, 43.5380486], [-80.2902783, 43.5377731], [-80.2897698, 43.5375476], [-80.2895107, 43.5377319], [-80.2905179, 43.5382196], [-80.2905374, 43.5381434]]], [[[-80.2908025, 43.5375633], [-80.2907027, 43.5375201], [-80.2906784, 43.5375532], [-80.290646, 43.5375899], [-80.2905839, 43.5375994], [-80.2905857, 43.537875], [-80.2906341, 43.5379536], [-80.290708, 43.5379572], [-80.2907211, 43.5379278], [-80.2907434, 43.5378725], [-80.290768, 43.5377389], [-80.2908025, 43.5375633]]], [[[-80.2908701, 43.5372043], [-80.2904822, 43.5371747], [-80.2904181, 43.537178], [-80.2902413, 43.537187], [-80.2901791, 43.5371599], [-80.290082, 43.5370782], [-80.2899794, 43.5370971], [-80.2899173, 43.5371094], [-80.2898612, 43.537114], [-80.289637, 43.5370651], [-80.2892291, 43.5369258], [-80.288545, 43.5366574], [-80.2880532, 43.5363793], [-80.2878452, 43.5363051], [-80.2876191, 43.5361544], [-80.2875254, 43.5362564], [-80.2895109, 43.5373788], [-80.2892033, 43.5375787], [-80.28885, 43.5378082], [-80.2891353, 43.5379934], [-80.289161, 43.5380101], [-80.2894005, 43.5378054], [-80.2897698, 43.5375476], [-80.2902783, 43.5377731], [-80.2904881, 43.5380486], [-80.2905374, 43.5381434], [-80.2905179, 43.5382196], [-80.2905349, 43.53823], [-80.2906368, 43.5380727], [-80.290708, 43.5379572], [-80.2906341, 43.5379536], [-80.2905857, 43.537875], [-80.2905839, 43.5375994], [-80.290646, 43.5375899], [-80.2906784, 43.5375532], [-80.2907027, 43.5375201], [-80.2908025, 43.5375633], [-80.2908701, 43.5372043]]], [[[-80.2621338, 43.5217534], [-80.2619779, 43.5213804], [-80.2618843, 43.5213013], [-80.2617181, 43.5213352], [-80.2617025, 43.5217986], [-80.261557, 43.5219795], [-80.2614946, 43.5227669], [-80.2614271, 43.5229704], [-80.2616245, 43.5230495], [-80.2617389, 43.5228385], [-80.2619155, 43.5226727], [-80.262061, 43.522311], [-80.2621338, 43.5217534]]], [[[-80.2615662, 43.5216365], [-80.2615394, 43.5214182], [-80.2615361, 43.520994], [-80.2615428, 43.5207903], [-80.2613388, 43.5208412], [-80.2611148, 43.5208655], [-80.2610178, 43.5208412], [-80.261058, 43.5207248], [-80.2609008, 43.5206448], [-80.2608172, 43.5206788], [-80.2607972, 43.5208921], [-80.2606734, 43.5209552], [-80.2606066, 43.5210618], [-80.2607804, 43.5211273], [-80.2608674, 43.5209988], [-80.2611115, 43.5210182], [-80.2611148, 43.521074], [-80.2609376, 43.5211031], [-80.2608674, 43.5211879], [-80.2611215, 43.5212388], [-80.2612586, 43.5212582], [-80.2612853, 43.5214473], [-80.2614291, 43.5215177], [-80.2614358, 43.5216704], [-80.2615662, 43.5216365]]], [[[-80.2611403, 43.5217377], [-80.2611353, 43.5215372], [-80.2610082, 43.5214341], [-80.2609883, 43.5217558], [-80.2610506, 43.5218606], [-80.2611403, 43.5217377]]], [[[-80.261373, 43.5216354], [-80.261317, 43.5216151], [-80.261237, 43.5216035], [-80.261217, 43.5217369], [-80.261263, 43.5217804], [-80.261353, 43.5217296], [-80.261373, 43.5216354]]], [[[-80.2614552, 43.5250366], [-80.2614003, 43.5250352], [-80.2613037, 43.5250337], [-80.2610977, 43.5251337], [-80.2609684, 43.5254621], [-80.2609368, 43.5257388], [-80.2609678, 43.5259603], [-80.2608677, 43.5262106], [-80.2609802, 43.5263183], [-80.2610602, 43.5261288], [-80.2611069, 43.5259192], [-80.2611459, 43.5257679], [-80.2611738, 43.5256342], [-80.2612403, 43.5253938], [-80.2614552, 43.5250366]]], [[[-80.2969146, 43.5394698], [-80.2968627, 43.5393207], [-80.2968048, 43.5393048], [-80.296669, 43.5392469], [-80.2966032, 43.5391919], [-80.2966012, 43.539121], [-80.2965692, 43.5390892], [-80.2965173, 43.539053], [-80.2964414, 43.5390212], [-80.2963935, 43.5389864], [-80.2963576, 43.53893], [-80.2962318, 43.5388721], [-80.296116, 43.5387737], [-80.2960202, 43.5387303], [-80.2959344, 43.5386984], [-80.2958964, 43.5386492], [-80.2958565, 43.5385682], [-80.2957647, 43.5385552], [-80.2957028, 43.5386044], [-80.2955772, 43.5386254], [-80.295294, 43.53883], [-80.2954365, 43.5388473], [-80.2955371, 43.5388287], [-80.2957167, 43.5388504], [-80.2958345, 43.5388866], [-80.2958745, 43.5389242], [-80.2958625, 43.5389763], [-80.2958106, 43.5390371], [-80.2958365, 43.539066], [-80.2959663, 43.5390733], [-80.2960681, 43.5390501], [-80.2961719, 43.5390863], [-80.2962698, 43.5391355], [-80.2963516, 43.5392629], [-80.2964914, 43.539409], [-80.296665, 43.5394959], [-80.2968327, 43.5395697], [-80.2968966, 43.5395349], [-80.2969146, 43.5394698]]], [[[-80.2985887, 43.5385198], [-80.2985825, 43.5384705], [-80.2981295, 43.5381512], [-80.2978064, 43.5379294], [-80.2977721, 43.5379294], [-80.297598, 43.5380556], [-80.297482, 43.5382023], [-80.2974011, 43.5383055], [-80.2974556, 43.5383329], [-80.2974723, 43.538384], [-80.2975279, 43.5384297], [-80.2976911, 43.538427], [-80.2977375, 43.5384526], [-80.2977338, 43.5384902], [-80.2976856, 43.5385023], [-80.2976503, 43.5385655], [-80.2975891, 43.5385951], [-80.2975131, 43.5385749], [-80.2974537, 43.5385346], [-80.2974277, 43.5384795], [-80.2973739, 43.5384458], [-80.2973035, 43.5384674], [-80.2972181, 43.53854], [-80.2971551, 43.5385696], [-80.2970289, 43.5385561], [-80.2970252, 43.5385185], [-80.297079, 43.5384835], [-80.2970771, 43.5384472], [-80.2970048, 43.5384176], [-80.296823, 43.5384835], [-80.2967544, 43.5385023], [-80.2966364, 43.5385164], [-80.2965517, 43.5385485], [-80.2964631, 43.5385106], [-80.2965132, 43.5384149], [-80.2962152, 43.5382086], [-80.2961585, 43.5382642], [-80.2961613, 43.5383301], [-80.2961795, 43.5383788], [-80.2961577, 43.5384203], [-80.2961338, 43.5384633], [-80.2963597, 43.5385968], [-80.2966632, 43.5387929], [-80.2968329, 43.5389001], [-80.296862, 43.5389185], [-80.2973155, 43.5392051], [-80.297378, 43.5391833], [-80.2975121, 43.53919], [-80.2976786, 43.5392151], [-80.298444, 43.5386402], [-80.2984431, 43.5386011], [-80.2984908, 43.5385682], [-80.2985636, 43.5385518], [-80.2985887, 43.5385198]]], [[[-80.2930686, 43.5268474], [-80.2928135, 43.5266945], [-80.2927944, 43.526643], [-80.2922574, 43.5263886], [-80.2918336, 43.5262885], [-80.2917549, 43.5263093], [-80.2917396, 43.5263997], [-80.2921308, 43.5264817], [-80.2925086, 43.5266625], [-80.2928749, 43.526878], [-80.2929804, 43.5269476], [-80.2930245, 43.5269642], [-80.2930686, 43.5269128], [-80.2930686, 43.5268474]]], [[[-80.2931793, 43.5277697], [-80.2929503, 43.5274281], [-80.2927373, 43.5271628], [-80.2922528, 43.5268902], [-80.2921784, 43.5269389], [-80.2921613, 43.5269742], [-80.2925601, 43.5272706], [-80.2928002, 43.5275805], [-80.2929732, 43.5278686], [-80.2931704, 43.5278551], [-80.2931793, 43.5277697]]], [[[-80.3005986, 43.5315645], [-80.3005291, 43.5314793], [-80.3001709, 43.5313113], [-80.2998038, 43.5311963], [-80.2993067, 43.5310529], [-80.2985048, 43.5308437], [-80.2976495, 43.5306266], [-80.2971987, 43.5304871], [-80.2966659, 43.5302985], [-80.2965269, 43.5303062], [-80.2964699, 43.5302843], [-80.2964039, 43.5301706], [-80.2959603, 43.5299367], [-80.2955825, 43.5296952], [-80.2954061, 43.5295608], [-80.2951762, 43.5294045], [-80.2948715, 43.5291409], [-80.2945472, 43.5288205], [-80.2942995, 43.5285247], [-80.2940304, 43.5281578], [-80.2939307, 43.5280389], [-80.2938309, 43.5280492], [-80.2937471, 43.5281151], [-80.2939627, 43.5283735], [-80.2939699, 43.5284898], [-80.2942051, 43.5287766], [-80.2943156, 43.5288528], [-80.2944439, 43.5290505], [-80.2946131, 43.529221], [-80.2947218, 43.5292637], [-80.2949232, 43.5294587], [-80.2950925, 43.5295789], [-80.2952813, 43.5296861], [-80.2953936, 43.5297404], [-80.2954649, 43.5298515], [-80.2958266, 43.5300672], [-80.2959852, 43.5301641], [-80.2960814, 43.5301202], [-80.296126, 43.5301577], [-80.296126, 43.5302778], [-80.2967639, 43.5305607], [-80.296967, 43.5305892], [-80.2970918, 43.5306383], [-80.2971506, 43.5307028], [-80.2974464, 43.5307804], [-80.2975444, 43.5307597], [-80.2977475, 43.5308282], [-80.2978027, 43.5308966], [-80.2980718, 43.5309276], [-80.2982215, 43.5309418], [-80.2983462, 43.5310207], [-80.2984817, 43.5310504], [-80.2991998, 43.5312351], [-80.2997379, 43.5313656], [-80.3000426, 43.5314819], [-80.3001727, 43.5314935], [-80.3003473, 43.5315955], [-80.3004257, 43.5316291], [-80.3005986, 43.5315645]]], [[[-80.3011131, 43.53181], [-80.3010919, 43.5317272], [-80.3009909, 43.5316896], [-80.3008196, 43.5316347], [-80.3006602, 43.5316328], [-80.300631, 43.5316877], [-80.3007253, 43.5317021], [-80.300805, 43.5317753], [-80.3008462, 43.5318494], [-80.3008887, 43.5318745], [-80.3009458, 43.5318629], [-80.3010002, 43.5318234], [-80.3010587, 43.5318533], [-80.3011131, 43.53181]]], [[[-80.2996181, 43.5315939], [-80.2995356, 43.5315258], [-80.2987762, 43.5313089], [-80.2981874, 43.531149], [-80.2979324, 43.5311059], [-80.2979266, 43.5311685], [-80.2983454, 43.5313283], [-80.299551, 43.5316364], [-80.2996181, 43.5315939]]], [[[-80.2941138, 43.5290814], [-80.2939094, 43.5289284], [-80.2939316, 43.5288624], [-80.2936029, 43.5286176], [-80.2936851, 43.5285532], [-80.2934007, 43.5283599], [-80.2932252, 43.5282874], [-80.2930209, 43.5283148], [-80.2928743, 43.5284163], [-80.2927788, 43.5284018], [-80.2926944, 43.5284211], [-80.2926855, 43.5285081], [-80.2928654, 43.5285757], [-80.2928924, 43.5286338], [-80.2930759, 43.5287413], [-80.2937028, 43.529294], [-80.2939938, 43.5293069], [-80.2941138, 43.5290814]]], [[[-80.2969362, 43.5260577], [-80.2968879, 43.5260116], [-80.2967517, 43.5259754], [-80.296489, 43.5260519], [-80.2963547, 43.5262021], [-80.2963259, 43.5262841], [-80.2964257, 43.5263349], [-80.2963796, 43.5263856], [-80.2962684, 43.526355], [-80.2961246, 43.5263453], [-80.2959778, 43.5263714], [-80.2962421, 43.5266496], [-80.2969362, 43.5260577]]], [[[-80.2873075, 43.5283465], [-80.2872795, 43.5283303], [-80.2871688, 43.5283417], [-80.2867177, 43.5284717], [-80.286002, 43.5285964], [-80.2859643, 43.5285046], [-80.2859455, 43.5285121], [-80.2857404, 43.5284949], [-80.2856234, 43.5284288], [-80.2855144, 43.5283868], [-80.2856383, 43.5283512], [-80.2857674, 43.5284188], [-80.2859252, 43.5284413], [-80.2860232, 43.5284309], [-80.2864583, 43.5282454], [-80.286738, 43.5280513], [-80.2867811, 43.5278762], [-80.2867463, 43.527712], [-80.2863627, 43.5278641], [-80.2853976, 43.5282435], [-80.2837859, 43.5288635], [-80.2835108, 43.5289617], [-80.2835651, 43.5291756], [-80.2836174, 43.5291794], [-80.2836343, 43.5292559], [-80.2835766, 43.5292533], [-80.2832057, 43.5293323], [-80.283166, 43.5292772], [-80.28324, 43.5292234], [-80.2832472, 43.5291904], [-80.2834384, 43.5291384], [-80.283393, 43.5290448], [-80.2832113, 43.5290812], [-80.2825157, 43.5293465], [-80.2816741, 43.5296846], [-80.2804313, 43.5301472], [-80.2805757, 43.5301553], [-80.2808667, 43.5300345], [-80.2811799, 43.5299443], [-80.2814109, 43.529933], [-80.2816419, 43.5298863], [-80.2817385, 43.5299379], [-80.281719, 43.5300245], [-80.2817393, 43.5301949], [-80.2818673, 43.5303167], [-80.2818302, 43.5305505], [-80.2819055, 43.5305676], [-80.2822955, 43.5304959], [-80.2825898, 43.5304311], [-80.2827863, 43.5303745], [-80.2830598, 43.5301883], [-80.2833534, 43.5299026], [-80.2835112, 43.52975], [-80.2835808, 43.5297131], [-80.2838107, 43.5296883], [-80.28453, 43.5301362], [-80.2845902, 43.5301415], [-80.2845907, 43.5302265], [-80.2845121, 43.5302212], [-80.2844117, 43.5302512], [-80.2840615, 43.5305771], [-80.2839336, 43.5306901], [-80.2839345, 43.5307766], [-80.2837855, 43.5309107], [-80.2836828, 43.5309289], [-80.2836408, 43.5308805], [-80.2829728, 43.530421], [-80.282522, 43.5305337], [-80.2818983, 43.5306489], [-80.2819176, 43.5307093], [-80.2823305, 43.5309671], [-80.2824264, 43.5310542], [-80.282805, 43.5313397], [-80.2827772, 43.5314511], [-80.2828157, 43.5315349], [-80.2829018, 43.5316345], [-80.2835803, 43.5311188], [-80.2836835, 43.5311469], [-80.2837171, 43.5310017], [-80.2838936, 43.5309887], [-80.2845533, 43.5305046], [-80.2848252, 43.5305162], [-80.2851331, 43.5305916], [-80.285385, 43.5307336], [-80.2856041, 43.5311018], [-80.2858081, 43.5310586], [-80.285476, 43.5305868], [-80.2855187, 43.5303697], [-80.2852954, 43.5299424], [-80.2851749, 43.5298854], [-80.2850461, 43.5300709], [-80.2848219, 43.530064], [-80.2840891, 43.5295741], [-80.2845736, 43.5291588], [-80.284758, 43.5290879], [-80.2850423, 43.5290667], [-80.2863273, 43.5290193], [-80.2873075, 43.5283465]], [[-80.2856041, 43.5287265], [-80.2851395, 43.5288994], [-80.2850896, 43.5288684], [-80.285479, 43.5287261], [-80.2855966, 43.5286829], [-80.2856041, 43.5287265]], [[-80.2843671, 43.5291405], [-80.2839449, 43.5292956], [-80.283873, 43.5293809], [-80.2838726, 43.5294848], [-80.2838581, 43.5295473], [-80.2837789, 43.5295624], [-80.2837201, 43.5295645], [-80.2836447, 43.5295737], [-80.2834968, 43.5296533], [-80.2834849, 43.5295835], [-80.2835779, 43.5294886], [-80.2836639, 43.5294369], [-80.2837524, 43.5294019], [-80.2837922, 43.529344], [-80.2837829, 43.5293018], [-80.2838247, 43.5292364], [-80.2839586, 43.5292468], [-80.284345, 43.5291012], [-80.2843671, 43.5291405]]], [[[-80.2878044, 43.5284439], [-80.2877249, 43.5283863], [-80.2876438, 43.5283863], [-80.2875328, 43.5282842], [-80.2874898, 43.5282194], [-80.2873706, 43.5281438], [-80.2872994, 43.5281294], [-80.287152, 43.5280298], [-80.2871024, 43.5280069], [-80.287051, 43.5280382], [-80.2870858, 43.5280922], [-80.2871934, 43.5282014], [-80.2876421, 43.5285039], [-80.2877845, 43.5284871], [-80.2878044, 43.5284439]]], [[[-80.2628973, 43.558035], [-80.2628792, 43.5579782], [-80.2628592, 43.5579494], [-80.2627151, 43.5578503], [-80.2625125, 43.5577654], [-80.2622241, 43.557605], [-80.2619734, 43.5575441], [-80.2620733, 43.5576847], [-80.2624051, 43.5578749], [-80.2626527, 43.5579338], [-80.262788, 43.5579862], [-80.2628738, 43.5580402], [-80.2628973, 43.558035]]], [[[-80.2739838, 43.5651806], [-80.2739768, 43.5651757], [-80.2736632, 43.5649523], [-80.2734088, 43.5651398], [-80.2737293, 43.5653681], [-80.2739838, 43.5651806]]], [[[-80.2598423, 43.5575114], [-80.2597645, 43.5574356], [-80.2596465, 43.557389], [-80.2594614, 43.557387], [-80.2593783, 43.5574473], [-80.2594131, 43.5575542], [-80.2593112, 43.5575678], [-80.2591288, 43.5576339], [-80.2590242, 43.5577252], [-80.2590323, 43.557838], [-80.2590886, 43.5578593], [-80.2591369, 43.5579682], [-80.2591047, 43.5580207], [-80.2591476, 43.5580897], [-80.2592629, 43.5580868], [-80.259342, 43.5579352], [-80.2592844, 43.5578768], [-80.2594641, 43.557838], [-80.2595902, 43.5577719], [-80.2595902, 43.557628], [-80.2597699, 43.5576358], [-80.2598423, 43.5575114]]], [[[-80.2571198, 43.5568583], [-80.2570367, 43.5566678], [-80.2569401, 43.5564404], [-80.2569643, 43.5563296], [-80.257026, 43.5561741], [-80.2569696, 43.5559175], [-80.2569455, 43.5556745], [-80.2567711, 43.5554646], [-80.2567121, 43.5552488], [-80.2564949, 43.5551944], [-80.2562803, 43.5547726], [-80.2559289, 43.5545899], [-80.2558672, 43.554483], [-80.2556044, 43.5542847], [-80.2554327, 43.5541933], [-80.2551216, 43.5543702], [-80.2550465, 43.5544295], [-80.25497, 43.5544946], [-80.2548225, 43.5546152], [-80.2546978, 43.5544976], [-80.2545114, 43.5545209], [-80.2544296, 43.5545627], [-80.2543478, 43.5545034], [-80.25427, 43.5545704], [-80.2543169, 43.5546579], [-80.2541587, 43.554793], [-80.2540983, 43.5547405], [-80.2540205, 43.5547435], [-80.2540299, 43.5548222], [-80.2541305, 43.5549816], [-80.2539025, 43.5551769], [-80.25381, 43.5551682], [-80.2537657, 43.5552119], [-80.2538408, 43.5552897], [-80.2538811, 43.5553723], [-80.2538825, 43.5554244], [-80.2536787, 43.5555719], [-80.2554274, 43.5568136], [-80.2556151, 43.556732], [-80.2556728, 43.5566523], [-80.2556258, 43.5565113], [-80.2554448, 43.5564394], [-80.2552503, 43.5564122], [-80.2548225, 43.5562217], [-80.2543397, 43.5557795], [-80.2542163, 43.5556658], [-80.2542231, 43.5555929], [-80.2544564, 43.5554082], [-80.254789, 43.5556726], [-80.2551672, 43.5559272], [-80.2554944, 43.5560244], [-80.2557251, 43.5563607], [-80.2558485, 43.5567028], [-80.2560201, 43.5567456], [-80.2556446, 43.5569263], [-80.2557155, 43.5569738], [-80.2558216, 43.5570381], [-80.2559021, 43.5569983], [-80.2561596, 43.5569341], [-80.2561703, 43.5568933], [-80.2563138, 43.5568486], [-80.2561945, 43.5566873], [-80.2562052, 43.5566095], [-80.2563876, 43.5565745], [-80.2562401, 43.5563986], [-80.2563702, 43.5562888], [-80.2564533, 43.5562771], [-80.2566464, 43.5564841], [-80.2567443, 43.5566678], [-80.2569053, 43.5567883], [-80.2571198, 43.5568583]]], [[[-80.2478608, 43.5439887], [-80.2478536, 43.5439813], [-80.2477027, 43.5440577], [-80.247718, 43.5440725], [-80.2478608, 43.5440028], [-80.2478608, 43.5439887]]], [[[-80.2480674, 43.5438968], [-80.2480527, 43.5438805], [-80.2478936, 43.5439611], [-80.2479038, 43.5439707], [-80.2479252, 43.5439722], [-80.2480674, 43.5438968]]], [[[-80.2479114, 43.5442886], [-80.2479004, 43.544274], [-80.2478754, 43.5442672], [-80.2478548, 43.544274], [-80.2478421, 43.5442861], [-80.2478394, 43.5443041], [-80.2478555, 43.5443129], [-80.247879, 43.5443114], [-80.2478988, 43.5443054], [-80.2479114, 43.5442886]]], [[[-80.2478957, 43.5440966], [-80.2478924, 43.5440752], [-80.2478756, 43.5440592], [-80.2478481, 43.5440523], [-80.247824, 43.5440601], [-80.2478085, 43.5440786], [-80.2478025, 43.5441034], [-80.2478153, 43.5441316], [-80.2478327, 43.5441437], [-80.2478562, 43.5441457], [-80.2478756, 43.5441364], [-80.2478924, 43.5441189], [-80.2478957, 43.5440966]]], [[[-80.2481076, 43.5440096], [-80.2481016, 43.543994], [-80.2480721, 43.5439741], [-80.2480271, 43.5439673], [-80.2479963, 43.5439731], [-80.2479842, 43.5439838], [-80.2479815, 43.5439984], [-80.2479963, 43.5440203], [-80.2480225, 43.5440305], [-80.248058, 43.5440363], [-80.2480895, 43.5440285], [-80.2481009, 43.5440217], [-80.2481076, 43.5440096]]], [[[-80.2481794, 43.543944], [-80.248176, 43.5439269], [-80.2481592, 43.5439197], [-80.2481411, 43.5439226], [-80.2481284, 43.5439352], [-80.248125, 43.5439522], [-80.2481358, 43.5439712], [-80.2481626, 43.5439726], [-80.248176, 43.5439615], [-80.2481794, 43.543944]]], [[[-80.2484737, 43.5438271], [-80.2484677, 43.5438118], [-80.2484432, 43.5438064], [-80.2484161, 43.5438084], [-80.2483892, 43.5438161], [-80.2483678, 43.5438365], [-80.2483611, 43.5438521], [-80.2483631, 43.543863], [-80.2483681, 43.5438742], [-80.2483929, 43.5438837], [-80.2484177, 43.5438825], [-80.2484513, 43.5438681], [-80.2484714, 43.5438468], [-80.2484737, 43.5438271]]], [[[-80.2483306, 43.5438375], [-80.2483225, 43.5438254], [-80.2483115, 43.5438207], [-80.2482967, 43.54382], [-80.2482796, 43.5438266], [-80.2482669, 43.543837], [-80.2482625, 43.5438492], [-80.2482645, 43.5438613], [-80.2482736, 43.543872], [-80.248287, 43.5438754], [-80.2483068, 43.5438715], [-80.2483215, 43.5438638], [-80.2483282, 43.5438533], [-80.2483306, 43.5438375]]], [[[-80.2489277, 43.5435644], [-80.2489176, 43.5435503], [-80.2488975, 43.5435405], [-80.2488747, 43.543542], [-80.2488573, 43.5435498], [-80.2488472, 43.5435585], [-80.2488311, 43.5435751], [-80.2488224, 43.5435955], [-80.2488318, 43.5436207], [-80.2488506, 43.5436295], [-80.2488707, 43.5436314], [-80.2488942, 43.5436241], [-80.2489129, 43.5436091], [-80.248925, 43.5435887], [-80.2489277, 43.5435644]]], [[[-80.2490165, 43.5434827], [-80.2490139, 43.5434684], [-80.2490058, 43.5434572], [-80.2489888, 43.5434533], [-80.2489699, 43.5434618], [-80.2489599, 43.5434705], [-80.2489579, 43.54349], [-80.2489673, 43.5435026], [-80.2489847, 43.543506], [-80.2490041, 43.5435017], [-80.2490119, 43.5434941], [-80.2490165, 43.5434827]]], [[[-80.2490283, 43.5433143], [-80.2490236, 43.5433041], [-80.2490112, 43.5432961], [-80.248984, 43.5432929], [-80.2489572, 43.5432963], [-80.2489418, 43.5433016], [-80.2489264, 43.5433114], [-80.248917, 43.5433204], [-80.2489163, 43.5433396], [-80.2489324, 43.5433561], [-80.2489562, 43.5433612], [-80.24898, 43.543359], [-80.2490051, 43.543351], [-80.2490219, 43.5433357], [-80.2490279, 43.5433245], [-80.2490283, 43.5433143]]], [[[-80.2491151, 43.5434147], [-80.2491007, 43.5433906], [-80.2490735, 43.5433755], [-80.2490447, 43.5433702], [-80.2490172, 43.5433736], [-80.2490025, 43.5433818], [-80.2489951, 43.5433918], [-80.2489958, 43.5434057], [-80.2490051, 43.5434232], [-80.2490283, 43.5434377], [-80.2490568, 43.5434448], [-80.2490833, 43.5434455], [-80.249096, 43.5434426], [-80.2491061, 43.5434363], [-80.2491124, 43.5434283], [-80.2491151, 43.5434147]]], [[[-80.2491686, 43.5434821], [-80.2491634, 43.5434644], [-80.2491565, 43.5434565], [-80.2491403, 43.5434514], [-80.249121, 43.5434527], [-80.2490859, 43.5434679], [-80.2490745, 43.5434759], [-80.2490618, 43.5434958], [-80.2490598, 43.5435162], [-80.2490772, 43.5435313], [-80.249096, 43.5435376], [-80.2491181, 43.5435362], [-80.2491356, 43.5435279], [-80.2491537, 43.5435131], [-80.2491664, 43.5434946], [-80.2491686, 43.5434821]]], [[[-80.252497, 43.5735919], [-80.2523348, 43.5734724], [-80.2522556, 43.5734558], [-80.2521779, 43.5734753], [-80.2521282, 43.5734597], [-80.2520491, 43.5735122], [-80.2520062, 43.5735666], [-80.2519619, 43.5736366], [-80.2518868, 43.5737007], [-80.2518198, 43.5737532], [-80.2518064, 43.5737891], [-80.2518466, 43.573828], [-80.2521336, 43.5737998], [-80.2522007, 43.5736541], [-80.2522878, 43.5736715], [-80.2523683, 43.573726], [-80.2524407, 43.5736939], [-80.2524944, 43.5736395], [-80.252497, 43.5735919]]], [[[-80.2370837, 43.5722802], [-80.2369013, 43.5723093], [-80.2367699, 43.5724152], [-80.2367029, 43.5725289], [-80.2366439, 43.5725629], [-80.2366371, 43.5726193], [-80.2366586, 43.5726261], [-80.2370609, 43.5723462], [-80.2370837, 43.5722802]]], [[[-80.2238551, 43.5744022], [-80.2238189, 43.5743371], [-80.2236633, 43.5743186], [-80.2235211, 43.5743594], [-80.2234018, 43.5744537], [-80.2228774, 43.574375], [-80.2228855, 43.5744547], [-80.2230236, 43.5745256], [-80.2234246, 43.5746704], [-80.2236016, 43.5745013], [-80.2238551, 43.5744022]]], [[[-80.2242118, 43.5749988], [-80.2241515, 43.5749288], [-80.2240428, 43.5748928], [-80.2238041, 43.5749249], [-80.2237853, 43.5749715], [-80.2240509, 43.5750609], [-80.2241072, 43.5750745], [-80.224185, 43.5750804], [-80.2242118, 43.5749988]]], [[[-80.2238551, 43.5741127], [-80.22367, 43.5740913], [-80.223619, 43.5740194], [-80.2225381, 43.5738717], [-80.2223504, 43.5740291], [-80.2231067, 43.5741127], [-80.2232435, 43.5742254], [-80.223375, 43.5742992], [-80.2238497, 43.5741671], [-80.2238551, 43.5741127]]], [[[-80.2262426, 43.5737745], [-80.2255305, 43.5735207], [-80.2254483, 43.5737298], [-80.2255127, 43.5737298], [-80.2255368, 43.5737979], [-80.2260008, 43.574134], [-80.22608, 43.5740437], [-80.2262426, 43.5737745]]], [[[-80.2326433, 43.5738202], [-80.2325173, 43.573724], [-80.2324261, 43.5737677], [-80.2324314, 43.5738251], [-80.2325307, 43.573896], [-80.2325924, 43.5739174], [-80.232642, 43.5738746], [-80.2326433, 43.5738202]]], [[[-80.2330966, 43.5741141], [-80.2330396, 43.5740859], [-80.2329779, 43.5740898], [-80.2329404, 43.5741603], [-80.2329572, 43.5742059], [-80.2330061, 43.5742152], [-80.2330336, 43.5741865], [-80.2330296, 43.5741646], [-80.2330597, 43.5741515], [-80.2330966, 43.5741141]]], [[[-80.2329813, 43.5740364], [-80.2327821, 43.5738795], [-80.232703, 43.5738693], [-80.2326936, 43.5739237], [-80.2327412, 43.5739645], [-80.2327969, 43.5739834], [-80.2328525, 43.5740218], [-80.2328512, 43.5740757], [-80.2328794, 43.5740918], [-80.232927, 43.5740757], [-80.2329813, 43.5740364]]], [[[-80.2336842, 43.5745213], [-80.2336331, 43.5744857], [-80.2335727, 43.574444], [-80.2334547, 43.5744284], [-80.2333494, 43.5743735], [-80.2332716, 43.5742851], [-80.233212, 43.5742526], [-80.2332012, 43.5741986], [-80.2330825, 43.5741525], [-80.2330235, 43.5742098], [-80.2330335, 43.5742411], [-80.2331905, 43.574342], [-80.2331999, 43.5744012], [-80.2332193, 43.5744328], [-80.2333233, 43.5744624], [-80.2333595, 43.5745076], [-80.233444, 43.5745742], [-80.2335265, 43.5745606], [-80.2335747, 43.5745776], [-80.2336176, 43.5745834], [-80.2336842, 43.5745213]]], [[[-80.2396946, 43.5796988], [-80.2396657, 43.5796868], [-80.239237, 43.5797207], [-80.2390349, 43.5797794], [-80.2388755, 43.579869], [-80.2388741, 43.5799377], [-80.2387422, 43.5800094], [-80.2385896, 43.5800253], [-80.2385773, 43.580098], [-80.2384495, 43.5801617], [-80.2383752, 43.5803708], [-80.2383436, 43.5804614], [-80.2385773, 43.5804385], [-80.238947, 43.5801866], [-80.2391737, 43.5800183], [-80.2391971, 43.5799626], [-80.239318, 43.5799636], [-80.2396946, 43.5796988]]], [[[-80.2337767, 43.5834988], [-80.2337685, 43.5834271], [-80.2335335, 43.5833306], [-80.2331775, 43.5833853], [-80.2332627, 43.5834789], [-80.2334057, 43.5835167], [-80.2335596, 43.5834729], [-80.2336613, 43.5835307], [-80.2337767, 43.5834988]]], [[[-80.2383189, 43.5805311], [-80.2383024, 43.5804554], [-80.238154, 43.5804275], [-80.2378296, 43.580541], [-80.2378131, 43.5804912], [-80.2376345, 43.5804912], [-80.2373239, 43.5807939], [-80.2372717, 43.5809711], [-80.2371425, 43.5811822], [-80.2368401, 43.5813335], [-80.2367851, 43.5814112], [-80.2367054, 43.5814291], [-80.2365295, 43.5816361], [-80.2363811, 43.581668], [-80.2359083, 43.5820443], [-80.235606, 43.5822554], [-80.2349078, 43.5828129], [-80.2348088, 43.5828049], [-80.2346989, 43.5828885], [-80.2346192, 43.58302], [-80.2341437, 43.5832529], [-80.2338138, 43.5832051], [-80.2335692, 43.5833087], [-80.2335898, 43.5833335], [-80.2337492, 43.5834112], [-80.2338441, 43.5834222], [-80.2339293, 43.5835078], [-80.2338523, 43.5836013], [-80.2335774, 43.5837527], [-80.2332641, 43.5835635], [-80.2332119, 43.5834958], [-80.2331926, 43.583452], [-80.2328271, 43.5832589], [-80.2326621, 43.5832848], [-80.2326099, 43.5834042], [-80.232401, 43.5832848], [-80.2322059, 43.5833067], [-80.2321097, 43.5833783], [-80.2321097, 43.583455], [-80.2331212, 43.5841768], [-80.2332146, 43.5842355], [-80.2333204, 43.5842564], [-80.2335774, 43.5840931], [-80.2337781, 43.5839119], [-80.2343773, 43.5835267], [-80.2349765, 43.5830956], [-80.2354974, 43.5827074], [-80.2359069, 43.5824047], [-80.2360334, 43.5822395], [-80.2362959, 43.5820194], [-80.2365721, 43.58189], [-80.2365639, 43.5818193], [-80.2367425, 43.5817078], [-80.2368209, 43.5817019], [-80.2368511, 43.581672], [-80.236836, 43.5816262], [-80.2369954, 43.5814908], [-80.2370792, 43.581435], [-80.2371686, 43.5814181], [-80.2372923, 43.5813703], [-80.237427, 43.581211], [-80.2376688, 43.5811015], [-80.2380042, 43.5808636], [-80.2380165, 43.5807302], [-80.2382364, 43.5806286], [-80.2383189, 43.5805311]]], [[[-80.2301958, 43.5741816], [-80.2301341, 43.5741418], [-80.2299853, 43.5742108], [-80.2297345, 43.5743934], [-80.2297077, 43.5745207], [-80.2297626, 43.5745188], [-80.2299517, 43.5744479], [-80.2301891, 43.5742827], [-80.2301958, 43.5741816]]], [[[-80.2293134, 43.5747937], [-80.229253, 43.5746509], [-80.2290988, 43.574718], [-80.2287595, 43.5749541], [-80.228797, 43.5750318], [-80.2289701, 43.5750911], [-80.2292986, 43.574854], [-80.2293134, 43.5747937]]], [[[-80.2287877, 43.5752047], [-80.228734, 43.5751309], [-80.2285865, 43.575059], [-80.2284765, 43.5751076], [-80.2278972, 43.5755273], [-80.227932, 43.5756206], [-80.2278274, 43.5757352], [-80.2279669, 43.5758052], [-80.2280581, 43.5758013], [-80.2281788, 43.5757294], [-80.2287099, 43.575331], [-80.2287582, 43.5752883], [-80.2287877, 43.5752047]]], [[[-80.2273617, 43.5798014], [-80.2272509, 43.5797456], [-80.2271723, 43.5797456], [-80.2271443, 43.579772], [-80.2271485, 43.5797313], [-80.2270714, 43.5796328], [-80.2270377, 43.5796084], [-80.226983, 43.5796206], [-80.2269578, 43.5796511], [-80.2269984, 43.5797395], [-80.2271148, 43.5797791], [-80.2270966, 43.5798441], [-80.2272214, 43.5799284], [-80.2272958, 43.5798807], [-80.2273378, 43.5798634], [-80.2273617, 43.5798014]]], [[[-80.2279199, 43.5798614], [-80.2277993, 43.5797151], [-80.2276422, 43.5796683], [-80.2275412, 43.5797232], [-80.2273308, 43.5798939], [-80.2273222, 43.5799365], [-80.227314, 43.5799772], [-80.2275692, 43.5801296], [-80.2279199, 43.5798614]]], [[[-80.2286901, 43.5793877], [-80.2270013, 43.5790684], [-80.2269044, 43.579046], [-80.2268008, 43.578986], [-80.2264636, 43.5787153], [-80.2263135, 43.5785639], [-80.2260428, 43.5783508], [-80.2257235, 43.5781568], [-80.2256021, 43.578096], [-80.2255607, 43.5780298], [-80.2255864, 43.5779684], [-80.2258932, 43.577733], [-80.2263248, 43.5774606], [-80.226899, 43.5770665], [-80.2269662, 43.5769353], [-80.227233, 43.5766267], [-80.2267466, 43.5762852], [-80.2265917, 43.576417], [-80.2245343, 43.577933], [-80.2245147, 43.5780794], [-80.2247924, 43.5782866], [-80.2258512, 43.5790903], [-80.2259957, 43.5791339], [-80.2262846, 43.5793493], [-80.2264674, 43.5792558], [-80.2266268, 43.5793392], [-80.2269606, 43.5794367], [-80.2274542, 43.5796785], [-80.2275889, 43.5796013], [-80.2280489, 43.5797293], [-80.2281583, 43.5797943], [-80.2283322, 43.5797273], [-80.2284456, 43.5796446], [-80.2285334, 43.5794999], [-80.2286901, 43.5793877]]], [[[-80.227377, 43.5763464], [-80.2273547, 43.5762177], [-80.2272864, 43.5761218], [-80.227207, 43.5760668], [-80.2270866, 43.5761213], [-80.2269096, 43.5761708], [-80.2267466, 43.5762852], [-80.227233, 43.5766267], [-80.227312, 43.5765233], [-80.227377, 43.5763464]]], [[[-80.2464524, 43.5765868], [-80.2461166, 43.5765112], [-80.2460849, 43.5767703], [-80.2459934, 43.5768131], [-80.2459168, 43.5768444], [-80.2455145, 43.5767897], [-80.2454171, 43.5767336], [-80.2453982, 43.5766521], [-80.245444, 43.5764733], [-80.2454783, 43.5762907], [-80.2456435, 43.576315], [-80.245667, 43.5761524], [-80.2455089, 43.5761241], [-80.2453477, 43.5761013], [-80.2451945, 43.5760828], [-80.245346, 43.5759646], [-80.2452725, 43.5759112], [-80.2451226, 43.5758023], [-80.2444949, 43.5752932], [-80.2442157, 43.5750668], [-80.2441684, 43.5750759], [-80.2441258, 43.5750547], [-80.2440789, 43.5747869], [-80.2442238, 43.5745479], [-80.2444374, 43.5744632], [-80.2445932, 43.5743139], [-80.2447829, 43.5741406], [-80.244492, 43.574033], [-80.2445188, 43.57393], [-80.2442774, 43.5738931], [-80.2441916, 43.5736851], [-80.2439502, 43.5736832], [-80.2438509, 43.5737609], [-80.243918, 43.5739008], [-80.2438134, 43.5740038], [-80.243682, 43.5741554], [-80.2436417, 43.5743011], [-80.2438214, 43.5743653], [-80.2436981, 43.574581], [-80.243564, 43.5745615], [-80.2434781, 43.5742642], [-80.2429283, 43.5741962], [-80.2427861, 43.5744329], [-80.2426815, 43.5742603], [-80.2423744, 43.5741146], [-80.2423248, 43.5741661], [-80.2421175, 43.5740833], [-80.2420659, 43.5739485], [-80.2423916, 43.574004], [-80.2427847, 43.573864], [-80.2427898, 43.5736572], [-80.2427124, 43.5735375], [-80.2429511, 43.5734558], [-80.2428974, 43.5733198], [-80.2430597, 43.5730215], [-80.2435143, 43.5727951], [-80.2434875, 43.5726581], [-80.2432904, 43.5726241], [-80.2430865, 43.5726999], [-80.2429283, 43.5726329], [-80.2429497, 43.5725969], [-80.2430302, 43.5725678], [-80.2430087, 43.5724454], [-80.2429859, 43.5723326], [-80.2432557, 43.5723382], [-80.2432622, 43.5721587], [-80.2436095, 43.5721247], [-80.2437946, 43.5722384], [-80.2439851, 43.5721733], [-80.2440682, 43.5721053], [-80.2437329, 43.5718371], [-80.243521, 43.5717846], [-80.2430221, 43.5715359], [-80.2431348, 43.5714863], [-80.2432863, 43.5714242], [-80.2432743, 43.5713357], [-80.2427923, 43.5712062], [-80.2423301, 43.5712133], [-80.2417374, 43.5711103], [-80.2415349, 43.5710918], [-80.2411191, 43.5708169], [-80.2404771, 43.5704892], [-80.2404714, 43.5703602], [-80.2401495, 43.5701309], [-80.239951, 43.5702591], [-80.2388674, 43.5695518], [-80.2388084, 43.5696139], [-80.2381003, 43.569233], [-80.237934, 43.5693341], [-80.2372634, 43.569338], [-80.2370596, 43.5693963], [-80.2369376, 43.5694497], [-80.2368557, 43.5695382], [-80.2368437, 43.5696839], [-80.2368543, 43.5697538], [-80.2368638, 43.5698161], [-80.2370811, 43.5700454], [-80.2369711, 43.5701464], [-80.2371159, 43.5702591], [-80.2370945, 43.5703485], [-80.2366546, 43.5702144], [-80.2363461, 43.5702067], [-80.2361859, 43.5703514], [-80.2380493, 43.5716748], [-80.2382505, 43.5719576], [-80.2377981, 43.5722851], [-80.2372929, 43.5718643], [-80.236959, 43.5722054], [-80.2373908, 43.5721267], [-80.2374618, 43.5721905], [-80.237474, 43.5722015], [-80.2373989, 43.5722452], [-80.2367498, 43.5727164], [-80.2368853, 43.5729739], [-80.236868, 43.5731347], [-80.2364654, 43.573422], [-80.2361929, 43.5735073], [-80.2357394, 43.573458], [-80.2345303, 43.5742205], [-80.2342272, 43.5741748], [-80.2339187, 43.574444], [-80.2338034, 43.5745965], [-80.2373189, 43.5771015], [-80.2380493, 43.577622], [-80.2383524, 43.5778357], [-80.238677, 43.578067], [-80.2394763, 43.5786305], [-80.2397097, 43.5787949], [-80.2401549, 43.5791085], [-80.2403514, 43.57925], [-80.242134, 43.5779675], [-80.2429982, 43.5773386], [-80.2429835, 43.5773245], [-80.2429866, 43.5772953], [-80.2430098, 43.577258], [-80.2432665, 43.577043], [-80.2432855, 43.5770078], [-80.2432804, 43.5769782], [-80.2432501, 43.5769641], [-80.2432011, 43.5769554], [-80.2431638, 43.5769489], [-80.2429624, 43.5769287], [-80.2428823, 43.5768737], [-80.2428733, 43.5768267], [-80.2429014, 43.5767767], [-80.2430033, 43.5766758], [-80.2430012, 43.5766405], [-80.242836, 43.5764939], [-80.242827, 43.5764654], [-80.2428423, 43.5764367], [-80.2432107, 43.5761735], [-80.243245, 43.5761706], [-80.2432727, 43.5761784], [-80.2439221, 43.5766174], [-80.2441272, 43.5764484], [-80.2441913, 43.5763716], [-80.2442323, 43.5763224], [-80.2443175, 43.5762392], [-80.2443681, 43.5761703], [-80.2444129, 43.5761156], [-80.2444593, 43.5760786], [-80.2445213, 43.5760294], [-80.2445691, 43.5760271], [-80.2446088, 43.5760445], [-80.2446684, 43.5760959], [-80.2446872, 43.5761502], [-80.2447717, 43.5762802], [-80.2443928, 43.5765475], [-80.2444103, 43.5765741], [-80.2445054, 43.5767185], [-80.2443257, 43.576872], [-80.2443391, 43.5770507], [-80.2445328, 43.5773866], [-80.244956, 43.577552], [-80.2453342, 43.5775462], [-80.2457741, 43.5775987], [-80.2458841, 43.5777017], [-80.2456051, 43.5777172], [-80.2454427, 43.5778231], [-80.2452854, 43.5779983], [-80.245118, 43.5780545], [-80.2449798, 43.5780767], [-80.2440421, 43.5781328], [-80.2431464, 43.5775877], [-80.2430776, 43.5776257], [-80.2433439, 43.5778345], [-80.2431409, 43.5779739], [-80.2428688, 43.5777712], [-80.242814, 43.5777632], [-80.2426555, 43.57785], [-80.2433284, 43.5782908], [-80.2436765, 43.5783885], [-80.2443047, 43.5783945], [-80.2450493, 43.5782426], [-80.2452577, 43.5782493], [-80.2454024, 43.5783412], [-80.2454306, 43.5781463], [-80.245475, 43.5778398], [-80.2457466, 43.5779799], [-80.2462577, 43.5779627], [-80.2464524, 43.5765868]], [[-80.2424041, 43.5733924], [-80.2415482, 43.5740397], [-80.24111, 43.5742803], [-80.2400927, 43.5739341], [-80.2400006, 43.5740265], [-80.2409454, 43.5747485], [-80.2407799, 43.5748374], [-80.2404744, 43.5746315], [-80.2400641, 43.5746332], [-80.2398428, 43.5745501], [-80.2395668, 43.5745207], [-80.239235, 43.5743192], [-80.2390084, 43.5736033], [-80.2392307, 43.5734159], [-80.2395114, 43.5735453], [-80.2399449, 43.5732046], [-80.2401198, 43.5733159], [-80.2404046, 43.5730128], [-80.2405754, 43.5730602], [-80.2414462, 43.5737423], [-80.2423026, 43.5732847], [-80.2424041, 43.5733924]], [[-80.2387454, 43.5707061], [-80.2386676, 43.5707061], [-80.2385576, 43.5706109], [-80.2385563, 43.5705866], [-80.2386528, 43.5705613], [-80.2386957, 43.5705963], [-80.2387226, 43.5706643], [-80.2387454, 43.5707061]], [[-80.2381741, 43.5706012], [-80.237934, 43.5705992], [-80.2379756, 43.5705681], [-80.2380601, 43.5705458], [-80.238103, 43.5704836], [-80.2381459, 43.5704972], [-80.2381365, 43.5705691], [-80.2381741, 43.5706012]], [[-80.2376296, 43.5706206], [-80.2376068, 43.5706264], [-80.2375759, 43.5705783], [-80.2375612, 43.5705691], [-80.2375471, 43.5705735], [-80.2375451, 43.5705924], [-80.237529, 43.5705973], [-80.2374163, 43.570504], [-80.2373848, 43.5704933], [-80.2373533, 43.5704952], [-80.237309, 43.5704875], [-80.2373278, 43.5704661], [-80.2373587, 43.5704729], [-80.2373741, 43.5704564], [-80.23736, 43.5704379], [-80.23736, 43.5703816], [-80.2373332, 43.5703553], [-80.2373171, 43.5703029], [-80.2373587, 43.5703194], [-80.2373815, 43.5703728], [-80.2374036, 43.5703791], [-80.2374478, 43.5703918], [-80.237468, 43.5703855], [-80.2374874, 43.5703446], [-80.2375035, 43.5703427], [-80.2375062, 43.5704025], [-80.2375451, 43.5704044], [-80.2375732, 43.5703806], [-80.2375934, 43.5703816], [-80.2376208, 43.5704865], [-80.2376296, 43.5706206]]], [[[-80.2320627, 43.5644416], [-80.2317815, 43.5642756], [-80.2316566, 43.5643867], [-80.2319378, 43.5645527], [-80.2320627, 43.5644416]]], [[[-80.1860071, 43.5046454], [-80.1858844, 43.5045749], [-80.185128, 43.5040467], [-80.1850951, 43.5038244], [-80.1850187, 43.5036416], [-80.1849295, 43.5035117], [-80.1840112, 43.5041984], [-80.1840544, 43.5042281], [-80.1846345, 43.5044222], [-80.1849537, 43.5041809], [-80.1858334, 43.5048113], [-80.1860071, 43.5046454]]], [[[-80.2441265, 43.552521], [-80.2439855, 43.5524267], [-80.2437673, 43.552592], [-80.243906, 43.5526845], [-80.2441265, 43.552521]]], [[[-80.2033026, 43.5303067], [-80.2032977, 43.5302968], [-80.2032866, 43.5302901], [-80.2032723, 43.5302882], [-80.2032586, 43.5302918], [-80.2032493, 43.5302999], [-80.2032467, 43.5303102], [-80.2032517, 43.5303201], [-80.2032628, 43.5303269], [-80.2032771, 43.5303287], [-80.2032908, 43.5303251], [-80.2033001, 43.5303171], [-80.2033026, 43.5303067]]], [[[-80.3091079, 43.5387853], [-80.309083, 43.5387672], [-80.3090343, 43.5387935], [-80.308837, 43.5389591], [-80.3089544, 43.5389609], [-80.3090905, 43.5388632], [-80.3091079, 43.5387853]]], [[[-80.1888355, 43.5026138], [-80.1888325, 43.5026056], [-80.1888191, 43.5025971], [-80.188803, 43.5025958], [-80.1887839, 43.5026019], [-80.1887564, 43.5026241], [-80.188746, 43.502636], [-80.188745, 43.5026491], [-80.188752, 43.5026605], [-80.1887614, 43.5026683], [-80.1887802, 43.5026907], [-80.188788, 43.502694], [-80.1887979, 43.5026934], [-80.18881, 43.5026856], [-80.1888221, 43.5026763], [-80.1888274, 43.5026644], [-80.1888248, 43.5026566], [-80.1888221, 43.5026491], [-80.1888238, 43.5026384], [-80.1888331, 43.5026265], [-80.1888355, 43.5026138]]], [[[-80.1889723, 43.5028103], [-80.1889693, 43.5027994], [-80.1889636, 43.5027943], [-80.1889287, 43.5027821], [-80.1889009, 43.5027675], [-80.1888875, 43.5027522], [-80.1888784, 43.5027332], [-80.1888704, 43.5027033], [-80.1888603, 43.5026939], [-80.1888435, 43.5026934], [-80.1888345, 43.5026999], [-80.1888301, 43.5027114], [-80.1888429, 43.5027471], [-80.1888606, 43.5027724], [-80.1888757, 43.5027894], [-80.1888975, 43.5028023], [-80.1889475, 43.5028215], [-80.1889575, 43.5028227], [-80.1889693, 43.5028184], [-80.1889723, 43.5028103]]], [[[-80.1891708, 43.5029682], [-80.1891466, 43.5028945], [-80.1891376, 43.5028857], [-80.1890802, 43.5028373], [-80.1890652, 43.5028293], [-80.1890457, 43.5028305], [-80.1890367, 43.5028366], [-80.1890356, 43.5028456], [-80.18904, 43.5028548], [-80.1890926, 43.5028899], [-80.1891091, 43.5029054], [-80.1891164, 43.5029198], [-80.1891342, 43.5029755], [-80.1891392, 43.5029813], [-80.189152, 43.502982], [-80.189161, 43.5029811], [-80.1891684, 43.5029755], [-80.1891708, 43.5029682]]], [[[-80.1893277, 43.5030725], [-80.1892962, 43.5030484], [-80.1892626, 43.503072], [-80.1892941, 43.5030946], [-80.1893277, 43.5030725]]], [[[-80.1892895, 43.5030997], [-80.1892519, 43.503071], [-80.1891862, 43.5031158], [-80.1892197, 43.5031489], [-80.1892895, 43.5030997]]], [[[-80.1893153, 43.5030054], [-80.1892784, 43.5029803], [-80.189158, 43.5030625], [-80.189157, 43.5030703], [-80.1891617, 43.5030757], [-80.1891557, 43.5030873], [-80.1891714, 43.5031031], [-80.1893153, 43.5030054]]], [[[-80.1890573, 43.5008058], [-80.1890092, 43.5007708], [-80.1889609, 43.5008058], [-80.1890089, 43.5008407], [-80.1890573, 43.5008058]]], [[[-80.1889736, 43.5007172], [-80.1889562, 43.5007162], [-80.1889453, 43.5007139], [-80.1889242, 43.5007063], [-80.1889121, 43.5007001], [-80.1888328, 43.5006482], [-80.1888098, 43.5006661], [-80.1888965, 43.5007286], [-80.188922, 43.5007415], [-80.1889451, 43.5007483], [-80.1889706, 43.5007478], [-80.1889736, 43.5007172]]], [[[-80.1892216, 43.5006637], [-80.1891969, 43.5006457], [-80.1891428, 43.5006834], [-80.1891163, 43.5007], [-80.1890874, 43.5007126], [-80.1890655, 43.5007181], [-80.1890383, 43.5007186], [-80.1890367, 43.5007364], [-80.1890533, 43.5007482], [-80.1890896, 43.5007447], [-80.1891211, 43.5007349], [-80.18915, 43.5007184], [-80.1892216, 43.5006637]]], [[[-80.1890769, 43.5015607], [-80.1890567, 43.5015464], [-80.1890378, 43.5015605], [-80.1890581, 43.5015747], [-80.1890769, 43.5015607]]], [[[-80.1898355, 43.5021278], [-80.189795, 43.5020992], [-80.1897745, 43.5021145], [-80.1898151, 43.502143], [-80.1898355, 43.5021278]]], [[[-80.2578588, 43.5564692], [-80.2577682, 43.5563381], [-80.2576115, 43.5562905], [-80.257654, 43.5563978], [-80.2575198, 43.5564796], [-80.2575776, 43.5565653], [-80.2576453, 43.5566635], [-80.2577529, 43.5566683], [-80.257784, 43.556652], [-80.2578021, 43.5566204], [-80.2577589, 43.5565545], [-80.2578588, 43.5564692]]], [[[-80.2671513, 43.5458828], [-80.2670655, 43.5457496], [-80.267107, 43.5456018], [-80.2671124, 43.5455163], [-80.2670722, 43.5454473], [-80.2670357, 43.5453497], [-80.2669961, 43.5453358], [-80.2669479, 43.5453607], [-80.2668787, 43.5453415], [-80.2667822, 43.5453143], [-80.2667377, 43.5453017], [-80.2667208, 43.5454551], [-80.2666967, 43.5455348], [-80.2667999, 43.5455766], [-80.266816, 43.5456641], [-80.2667034, 43.5457418], [-80.2667892, 43.5458128], [-80.2668576, 43.5458769], [-80.2668616, 43.5461015], [-80.2668013, 43.5461433], [-80.2664566, 43.5460927], [-80.2665237, 43.5462133], [-80.2667302, 43.5462755], [-80.2667704, 43.5464271], [-80.2667503, 43.5467868], [-80.2668969, 43.5468302], [-80.2669467, 43.5468449], [-80.2669399, 43.5469949], [-80.2669617, 43.5470406], [-80.2669959, 43.5470661], [-80.2670264, 43.5471125], [-80.2670712, 43.5471118], [-80.2670963, 43.5470913], [-80.2670856, 43.546952], [-80.2670883, 43.5468114], [-80.2671513, 43.5458828]]], [[[-80.3177619, 43.535317], [-80.3177304, 43.5352966], [-80.3177109, 43.5352888], [-80.3176338, 43.5353111], [-80.3176124, 43.5353301], [-80.3175413, 43.5353029], [-80.3175232, 43.5353029], [-80.3175131, 43.5353136], [-80.3175198, 43.5353233], [-80.317552, 43.5353359], [-80.3175808, 43.5353525], [-80.317609, 43.5353568], [-80.3176137, 43.5353865], [-80.3176834, 43.5354244], [-80.3177485, 43.5354123], [-80.3177471, 43.5353724], [-80.3177612, 43.5353393], [-80.3177619, 43.535317]]], [[[-80.3176077, 43.5354813], [-80.3175822, 43.5354541], [-80.3175601, 43.5354405], [-80.3175339, 43.5354356], [-80.3175031, 43.5354361], [-80.317487, 43.5354317], [-80.3174595, 43.5354186], [-80.3174306, 43.5354127], [-80.3174125, 43.5354016], [-80.3173884, 43.535403], [-80.3173743, 43.5354127], [-80.3173844, 43.5354273], [-80.3174146, 43.5354375], [-80.3174306, 43.5354477], [-80.3174045, 43.5355017], [-80.3174213, 43.5355168], [-80.3174481, 43.5355333], [-80.3174742, 43.5355386], [-80.3175433, 43.5355231], [-80.3175916, 43.5355236], [-80.3176077, 43.5354813]]], [[[-80.3139827, 43.532775], [-80.3139699, 43.5327604], [-80.3137185, 43.5325728], [-80.3136943, 43.5325674], [-80.3136729, 43.5325713], [-80.3136655, 43.5325874], [-80.3136662, 43.5326044], [-80.3139357, 43.5327643], [-80.3139726, 43.5327828], [-80.3139827, 43.532775]]], [[[-80.3183466, 43.5350764], [-80.3182796, 43.534985], [-80.3173059, 43.5342966], [-80.3172094, 43.5343666], [-80.3174052, 43.5345591], [-80.3178343, 43.5348683], [-80.3182635, 43.5351522], [-80.3182983, 43.5351289], [-80.3183466, 43.5350764]]], [[[-80.3171235, 43.5350511], [-80.3170458, 43.5349752], [-80.3169331, 43.5349558], [-80.3169438, 43.5348119], [-80.3168875, 43.5346933], [-80.3167266, 43.5347477], [-80.3166354, 43.5348216], [-80.3166434, 43.5349558], [-80.3167266, 43.5350686], [-80.3168929, 43.5350277], [-80.3170484, 43.5351075], [-80.3171235, 43.5350511]]], [[[-80.3140309, 43.5359883], [-80.3139988, 43.5358036], [-80.3138378, 43.5357861], [-80.3138593, 43.5356208], [-80.3137466, 43.5355916], [-80.3135723, 43.53579], [-80.3131512, 43.535368], [-80.312545, 43.5352202], [-80.3126013, 43.5358989], [-80.3127864, 43.5359377], [-80.313068, 43.5358969], [-80.3131673, 43.5360622], [-80.3134543, 43.5361575], [-80.3137681, 43.5360039], [-80.3140309, 43.5359883]]], [[[-80.3121038, 43.5360009], [-80.3119563, 43.53586], [-80.3114882, 43.5357258], [-80.3114641, 43.5358104], [-80.3120327, 43.5360952], [-80.3121038, 43.5360009]]], [[[-80.3135213, 43.5375166], [-80.3125906, 43.5369061], [-80.3122875, 43.5365639], [-80.3120032, 43.5362625], [-80.3116947, 43.536105], [-80.3113112, 43.5359222], [-80.3110698, 43.5357433], [-80.3110081, 43.5357394], [-80.3111744, 43.535895], [-80.3111503, 43.535965], [-80.3114775, 43.5361691], [-80.311735, 43.5362586], [-80.3119335, 43.5363791], [-80.3122875, 43.5367369], [-80.3134382, 43.5375613], [-80.3135213, 43.5375166]]], [[[-80.312494, 43.5355722], [-80.3124082, 43.5351172], [-80.3118986, 43.5349422], [-80.3113675, 43.5344483], [-80.3105038, 43.5346077], [-80.3105307, 43.5348761], [-80.3102624, 43.5349344], [-80.3109813, 43.5356072], [-80.3121695, 43.5358425], [-80.312494, 43.5355722]]], [[[-80.2151568, 43.5335885], [-80.2145725, 43.5331074], [-80.2141055, 43.5331534], [-80.2134694, 43.532803], [-80.21284, 43.5326455], [-80.2122984, 43.5323687], [-80.2120487, 43.5327951], [-80.2115284, 43.5328784], [-80.2109421, 43.5333191], [-80.2118142, 43.53373], [-80.2126015, 43.5341027], [-80.2129169, 43.534245], [-80.2128622, 43.534761], [-80.2133457, 43.5349138], [-80.2144532, 43.5341689], [-80.2151568, 43.5335885]]], [[[-80.2202668, 43.535572], [-80.2194185, 43.5351997], [-80.2184891, 43.5346159], [-80.2183258, 43.5347726], [-80.2175491, 43.5342605], [-80.2170873, 43.5339276], [-80.2167841, 43.5335282], [-80.2165169, 43.5329907], [-80.2150845, 43.5340971], [-80.2161783, 43.5347006], [-80.2156144, 43.5349465], [-80.215361, 43.5351917], [-80.2153094, 43.5354265], [-80.2158934, 43.535843], [-80.215759, 43.5360274], [-80.2151196, 43.5356285], [-80.2146609, 43.53609], [-80.2144711, 43.5360583], [-80.2142519, 43.5360837], [-80.2141666, 43.5362315], [-80.2143097, 43.5362319], [-80.2144092, 43.5363221], [-80.2144432, 43.5364231], [-80.2144675, 43.5365944], [-80.2141989, 43.5367545], [-80.2137904, 43.5366631], [-80.2136658, 43.536398], [-80.2140763, 43.5360896], [-80.2140587, 43.5359151], [-80.2130559, 43.5355378], [-80.2114427, 43.5367242], [-80.2109503, 43.537116], [-80.2114871, 43.5375394], [-80.211698, 43.5376239], [-80.2119534, 43.5376591], [-80.2120224, 43.5377497], [-80.2120454, 43.5379478], [-80.2122402, 43.5381158], [-80.2124346, 43.5382499], [-80.2129182, 43.5385986], [-80.2133509, 43.5385457], [-80.2136304, 43.5385505], [-80.2144433, 43.5389505], [-80.2148051, 43.538829], [-80.2150677, 43.5385428], [-80.215575, 43.5382927], [-80.216053, 43.5378677], [-80.2162677, 43.5377688], [-80.2165978, 43.5377484], [-80.2169521, 43.5374268], [-80.2172106, 43.5378348], [-80.2179553, 43.5373588], [-80.2187458, 43.5365348], [-80.2186179, 43.5361463], [-80.2193461, 43.5354294], [-80.2195738, 43.535409], [-80.2198331, 43.5355592], [-80.2197532, 43.5356954], [-80.219894, 43.5358142], [-80.2201357, 43.535726], [-80.2202668, 43.535572]]], [[[-80.2151748, 43.5335499], [-80.2126267, 43.5317259], [-80.2092793, 43.5341955], [-80.2075358, 43.5338727], [-80.2043651, 43.5361917], [-80.2033636, 43.5369241], [-80.2070711, 43.5396214], [-80.2151748, 43.5335499]]], [[[-80.2661309, 43.5351043], [-80.266116, 43.5350802], [-80.2660873, 43.5350595], [-80.266063, 43.5350395], [-80.2658624, 43.5350943], [-80.2656456, 43.5351663], [-80.2656272, 43.5352125], [-80.265686, 43.5352426], [-80.2657486, 43.5352689], [-80.2656524, 43.5353721], [-80.2655338, 43.5354699], [-80.2653924, 43.5356458], [-80.2653895, 43.5357465], [-80.2653529, 43.536035], [-80.2652241, 43.5360865], [-80.2651262, 43.5362041], [-80.2653274, 43.5363286], [-80.2654964, 43.5360583], [-80.2655862, 43.5359796], [-80.2655889, 43.5359144], [-80.2655125, 43.5359193], [-80.2654481, 43.5358677], [-80.2654991, 43.5358094], [-80.2655835, 43.535789], [-80.2656759, 43.5357644], [-80.2657683, 43.5357204], [-80.2658136, 43.5356538], [-80.2657835, 43.5355807], [-80.2658199, 43.5354989], [-80.2658499, 43.5354326], [-80.2659546, 43.5353155], [-80.2660312, 43.5352476], [-80.2660959, 43.5351686], [-80.266114, 43.5351284], [-80.2661309, 43.5351043]]], [[[-80.2669247, 43.5368652], [-80.2668918, 43.5368429], [-80.2668489, 43.5368273], [-80.2668147, 43.5367943], [-80.2667932, 43.5367612], [-80.2668046, 43.5367296], [-80.2667503, 43.5367136], [-80.2666678, 43.5367423], [-80.2666182, 43.5367666], [-80.2665632, 43.5368195], [-80.2665921, 43.5368594], [-80.2666504, 43.5368789], [-80.2667201, 43.5368623], [-80.2668858, 43.5368993], [-80.2669079, 43.5368915], [-80.2669247, 43.5368652]]], [[[-80.2666417, 43.5365984], [-80.2666202, 43.5365814], [-80.2665592, 43.5365648], [-80.2665049, 43.5365818], [-80.2664821, 43.5365395], [-80.2664875, 43.5364841], [-80.2664291, 43.5364564], [-80.266346, 43.5364676], [-80.2663332, 43.5364963], [-80.2662722, 43.5364705], [-80.266183, 43.5364652], [-80.2661307, 43.53642], [-80.2661374, 43.5363033], [-80.2660167, 43.5362576], [-80.2659027, 43.5362489], [-80.2658518, 43.5362916], [-80.2658571, 43.53635], [-80.2659805, 43.5364355], [-80.2659591, 43.536488], [-80.2659698, 43.5365561], [-80.2660275, 43.5365998], [-80.2661133, 43.5365833], [-80.2661321, 43.5365279], [-80.2662105, 43.5365687], [-80.2662702, 43.536559], [-80.26636, 43.5365609], [-80.2664284, 43.536575], [-80.2664465, 43.53661], [-80.2663661, 43.5366232], [-80.2663527, 43.5366548], [-80.2663942, 43.536682], [-80.2664251, 43.5366582], [-80.2664667, 43.53668], [-80.2665136, 43.5366932], [-80.2665612, 43.5366708], [-80.2666001, 43.5366329], [-80.2666417, 43.5365984]]], [[[-80.2660724, 43.5375118], [-80.2660623, 43.5374821], [-80.2660261, 43.537449], [-80.2659249, 43.5373781], [-80.2660026, 43.5373173], [-80.265945, 43.5372794], [-80.2658739, 43.5373324], [-80.2658283, 43.5372979], [-80.2658129, 43.5372998], [-80.2657928, 43.5373222], [-80.265784, 43.5373441], [-80.2657874, 43.5373771], [-80.2658357, 43.5373426], [-80.266071, 43.5375263], [-80.2660724, 43.5375118]]], [[[-80.2661126, 43.5372364], [-80.2660526, 43.5371934], [-80.2660352, 43.5371849], [-80.2660093, 43.5371802], [-80.2659845, 43.5371853], [-80.2659718, 43.5371917], [-80.2660107, 43.5372186], [-80.2660181, 43.5372267], [-80.2659902, 43.5372473], [-80.2660439, 43.537286], [-80.2661126, 43.5372364]]], [[[-80.2662906, 43.5372026], [-80.2662732, 43.5371903], [-80.2662552, 43.5372036], [-80.2662725, 43.5372159], [-80.2662906, 43.5372026]]], [[[-80.2662208, 43.5372536], [-80.2662035, 43.5372413], [-80.2661855, 43.5372546], [-80.2662028, 43.5372669], [-80.2662208, 43.5372536]]], [[[-80.2662916, 43.5373071], [-80.2662742, 43.5372948], [-80.2662562, 43.5373081], [-80.2662735, 43.5373204], [-80.2662916, 43.5373071]]], [[[-80.2663635, 43.5372553], [-80.2663461, 43.5372429], [-80.2663281, 43.5372563], [-80.2663455, 43.5372686], [-80.2663635, 43.5372553]]], [[[-80.2662333, 43.5370648], [-80.2662233, 43.5370308], [-80.2662092, 43.5370181], [-80.2661964, 43.5370162], [-80.266185, 43.5370191], [-80.2661676, 43.537038], [-80.2661599, 43.5370687], [-80.2661746, 43.537092], [-80.2662085, 43.5371102], [-80.26623, 43.5370935], [-80.2662333, 43.5370648]]], [[[-80.2655426, 43.5372007], [-80.2655333, 43.5371725], [-80.2655131, 43.5371311], [-80.265491, 43.5371132], [-80.2654488, 43.5371015], [-80.2654286, 43.5370893], [-80.2653066, 43.5370553], [-80.2652617, 43.5370509], [-80.2652476, 43.5370626], [-80.2652402, 43.5370772], [-80.2652476, 43.537101], [-80.2652738, 43.5371146], [-80.2653193, 43.5371657], [-80.2653649, 43.5371832], [-80.2654253, 43.537241], [-80.2654494, 43.5372429], [-80.2654937, 43.5372347], [-80.2655286, 43.5372177], [-80.2655426, 43.5372007]]], [[[-80.2656627, 43.536592], [-80.2655286, 43.5364501], [-80.2654387, 43.5363821], [-80.2654038, 43.5363714], [-80.2653784, 43.5363762], [-80.2653998, 43.5364073], [-80.2654682, 43.5365036], [-80.2655366, 43.5365775], [-80.2652577, 43.5368011], [-80.2649425, 43.536594], [-80.264913, 43.5366669], [-80.2648741, 43.5367875], [-80.2648808, 43.5368633], [-80.265255, 43.5369061], [-80.2655031, 43.5367991], [-80.265605, 43.5366815], [-80.2656627, 43.536592]]], [[[-80.253129, 43.5340388], [-80.253071, 43.5339842], [-80.2529548, 43.5340264], [-80.2528536, 43.5339936], [-80.2528924, 43.5338688], [-80.2526213, 43.5340716], [-80.2519371, 43.5344772], [-80.2502415, 43.5352769], [-80.2502176, 43.5353223], [-80.2502324, 43.5353939], [-80.2503313, 43.5355143], [-80.250473, 43.5354674], [-80.2506031, 43.5354804], [-80.2507966, 43.5353489], [-80.2515142, 43.5348963], [-80.2518811, 43.5347423], [-80.2520317, 43.5347579], [-80.2526923, 43.5343945], [-80.2527525, 43.534435], [-80.2527719, 43.5345302], [-80.2529311, 43.5345832], [-80.2529698, 43.5344304], [-80.2531011, 43.5343009], [-80.2529677, 43.5342104], [-80.2530602, 43.5341028], [-80.253129, 43.5340388]]], [[[-80.2888423, 43.5419341], [-80.288735, 43.5416736], [-80.288263, 43.5415064], [-80.288043, 43.5415219], [-80.2879196, 43.5413975], [-80.2859402, 43.540647], [-80.2856505, 43.5405148], [-80.2847707, 43.5400209], [-80.2847372, 43.5400598], [-80.2860206, 43.5409387], [-80.2868736, 43.541417], [-80.2874476, 43.5419302], [-80.2875549, 43.5421441], [-80.2883703, 43.5426885], [-80.2885258, 43.5426652], [-80.2878285, 43.5421286], [-80.2879089, 43.5420624], [-80.2884722, 43.5421169], [-80.2888423, 43.5419341]], [[-80.2880135, 43.5415628], [-80.2879357, 43.5416211], [-80.2877668, 43.541625], [-80.2876273, 43.5415822], [-80.2876246, 43.5414481], [-80.2880135, 43.5415628]]], [[[-80.2699113, 43.5852735], [-80.2687231, 43.5843953], [-80.2685997, 43.5844555], [-80.2678379, 43.5850306], [-80.2676985, 43.5850772], [-80.2675402, 43.5852424], [-80.2673632, 43.5853356], [-80.2671888, 43.5853764], [-80.267044, 43.5853667], [-80.2668884, 43.5853181], [-80.2666685, 43.5851433], [-80.2664995, 43.5850228], [-80.2664351, 43.5849354], [-80.2648097, 43.5839154], [-80.2643833, 43.5842904], [-80.2643966, 43.5842913], [-80.2648714, 43.5843234], [-80.2650806, 43.5845371], [-80.2651396, 43.5846848], [-80.265601, 43.5848344], [-80.2662689, 43.5853745], [-80.2661428, 43.5857339], [-80.2658933, 43.5858155], [-80.2650136, 43.5852016], [-80.2642036, 43.5844361], [-80.2640104, 43.5845216], [-80.2636564, 43.5845526], [-80.2637863, 43.5847845], [-80.2637942, 43.5849367], [-80.2637427, 43.5849555], [-80.2635668, 43.5848249], [-80.2633941, 43.5845945], [-80.263134, 43.5845025], [-80.2622341, 43.5845392], [-80.2606916, 43.5855929], [-80.2616216, 43.5857411], [-80.2620962, 43.5858167], [-80.2630682, 43.5860737], [-80.2654433, 43.5860734], [-80.2662452, 43.5860734], [-80.2666778, 43.5860733], [-80.2668556, 43.5860733], [-80.2670399, 43.5861236], [-80.267449, 43.5862352], [-80.2678996, 43.586208], [-80.2682751, 43.5859398], [-80.2692586, 43.5855393], [-80.2699113, 43.5852735]]], [[[-80.2645281, 43.5303666], [-80.2642947, 43.5302811], [-80.2640614, 43.5302189], [-80.263938, 43.530248], [-80.2640158, 43.5303394], [-80.2640158, 43.5304094], [-80.2641606, 43.5305067], [-80.2644235, 43.5305281], [-80.2644932, 43.5304872], [-80.2645281, 43.5303666]]], [[[-80.2646005, 43.5312573], [-80.2642733, 43.5310842], [-80.2641284, 43.530952], [-80.2642036, 43.5308956], [-80.2643149, 43.5309043], [-80.2644101, 43.5308528], [-80.2644798, 43.530669], [-80.2643792, 43.5306282], [-80.2641378, 43.5306165], [-80.2639018, 43.5306632], [-80.2638978, 43.5307702], [-80.2636644, 43.5307108], [-80.2634794, 43.5307439], [-80.2633908, 43.530637], [-80.2631629, 43.530637], [-80.2630475, 43.5306953], [-80.2633104, 43.5308334], [-80.2635115, 43.5310473], [-80.2637503, 43.5309753], [-80.2639702, 43.5310648], [-80.2642733, 43.5312339], [-80.2646005, 43.5312573]]], [[[-80.2649626, 43.5294332], [-80.2647668, 43.5294216], [-80.2644315, 43.5293302], [-80.2644503, 43.5291396], [-80.2643296, 43.5290268], [-80.2644262, 43.5289432], [-80.2642438, 43.5288207], [-80.2641016, 43.5289607], [-80.2635089, 43.5294546], [-80.2631709, 43.5292251], [-80.2633265, 43.5290832], [-80.2631575, 43.5290365], [-80.2632326, 43.5289334], [-80.2631173, 43.5288945], [-80.2630341, 43.5290735], [-80.2629161, 43.5291804], [-80.2629267, 43.5292972], [-80.2624426, 43.5297861], [-80.2623624, 43.529874], [-80.2626389, 43.5300203], [-80.2623984, 43.5302947], [-80.2621731, 43.5304172], [-80.2629617, 43.5306019], [-80.26301, 43.5304717], [-80.2627257, 43.5302928], [-80.2630529, 43.5302247], [-80.2633131, 43.5299349], [-80.2635196, 43.5299777], [-80.2637368, 43.5299077], [-80.2644503, 43.5296374], [-80.2647695, 43.5296724], [-80.2648312, 43.5295927], [-80.2649626, 43.5294332]]], [[[-80.300158, 43.5444151], [-80.299979, 43.5443665], [-80.2998571, 43.5444313], [-80.2998, 43.5442962], [-80.2997254, 43.5442205], [-80.2996259, 43.544188], [-80.2995836, 43.5441484], [-80.2993475, 43.5442331], [-80.2993151, 43.5443629], [-80.2994568, 43.544626], [-80.2994917, 43.5447377], [-80.2994892, 43.5448062], [-80.299529, 43.544853], [-80.2999939, 43.5447557], [-80.3000113, 43.5445593], [-80.300158, 43.5444151]]], [[[-80.2153119, 43.5399121], [-80.2153102, 43.5398926], [-80.2152961, 43.5398673], [-80.2152673, 43.5398423], [-80.2152368, 43.5398323], [-80.2151912, 43.5398246], [-80.2151577, 43.5398272], [-80.2151154, 43.5398372], [-80.2150869, 43.5398547], [-80.2150591, 43.5398749], [-80.2150169, 43.5398744], [-80.2149884, 43.539897], [-80.214989, 43.5399271], [-80.2149639, 43.5399463], [-80.2149384, 43.5399723], [-80.2149257, 43.5399952], [-80.214924, 43.540029], [-80.2149294, 43.5400521], [-80.2149455, 43.5400761], [-80.2149756, 43.5400948], [-80.2150041, 43.5401067], [-80.215038, 43.5401111], [-80.2150739, 43.5401104], [-80.2151007, 43.5401053], [-80.2151349, 43.5400929], [-80.2151738, 43.5400657], [-80.2152224, 43.5400676], [-80.2152516, 43.5400455], [-80.2152489, 43.5400093], [-80.2152827, 43.5399804], [-80.2152988, 43.5399609], [-80.2153109, 43.5399349], [-80.2153119, 43.5399121]]], [[[-80.2160306, 43.5401532], [-80.2160251, 43.5401195], [-80.2160062, 43.5400884], [-80.2159756, 43.5400626], [-80.215936, 43.5400445], [-80.2158908, 43.5400355], [-80.215844, 43.5400365], [-80.2158019, 43.5400465], [-80.2157653, 43.5400646], [-80.215737, 43.5400893], [-80.2157192, 43.5401187], [-80.2157133, 43.5401505], [-80.2157197, 43.5401823], [-80.215738, 43.5402115], [-80.2157667, 43.5402358], [-80.2158034, 43.5402535], [-80.2158455, 43.5402632], [-80.2158896, 43.5402641], [-80.2159324, 43.5402561], [-80.2159704, 43.54024], [-80.2160009, 43.5402168], [-80.2160223, 43.5401866], [-80.2160306, 43.5401532]]], [[[-80.2155865, 43.540134], [-80.215393, 43.540081], [-80.2153485, 43.5402441], [-80.2155003, 43.5402749], [-80.2155865, 43.540134]]], [[[-80.2145029, 43.4867557], [-80.2145022, 43.486702], [-80.2144383, 43.4866789], [-80.2143631, 43.4867078], [-80.2143233, 43.4867311], [-80.2142479, 43.4867267], [-80.214161, 43.4866882], [-80.2140506, 43.4867021], [-80.2139444, 43.4867181], [-80.2138115, 43.4867029], [-80.2136996, 43.4866729], [-80.2130734, 43.4868823], [-80.2132366, 43.4869705], [-80.2137193, 43.4868578], [-80.2140836, 43.4867957], [-80.2143039, 43.4868889], [-80.2145029, 43.4867557]]], [[[-80.2142166, 43.4862663], [-80.2141987, 43.4862068], [-80.2140665, 43.4862306], [-80.2138754, 43.4862649], [-80.213404, 43.4865647], [-80.2131836, 43.4864625], [-80.2131897, 43.4862338], [-80.2124031, 43.4861649], [-80.2121674, 43.4861938], [-80.2119133, 43.4860739], [-80.2116684, 43.4863026], [-80.211647, 43.4867646], [-80.2118705, 43.4868356], [-80.2119072, 43.4865358], [-80.2119103, 43.4863648], [-80.2120327, 43.486316], [-80.2123541, 43.4863448], [-80.2126541, 43.4862871], [-80.2133122, 43.4867424], [-80.2137016, 43.4865961], [-80.2138264, 43.4865492], [-80.2140718, 43.486558], [-80.2141725, 43.4865328], [-80.2141961, 43.4864646], [-80.2141257, 43.4863888], [-80.2141594, 43.4863153], [-80.2142166, 43.4862663]]], [[[-80.2128714, 43.4869356], [-80.2123878, 43.4863915], [-80.2122194, 43.4864292], [-80.212299, 43.4866247], [-80.2120694, 43.4868245], [-80.2124276, 43.4868556], [-80.2127184, 43.4870089], [-80.2128714, 43.4869356]]], [[[-80.2850403, 43.5318763], [-80.2846772, 43.5317863], [-80.2844288, 43.5323012], [-80.2847696, 43.5323913], [-80.2850403, 43.5318763]]], [[[-80.2337852, 43.5620342], [-80.2337525, 43.5620111], [-80.2337338, 43.5619857], [-80.233724, 43.561956], [-80.2337216, 43.5619207], [-80.2337381, 43.5618713], [-80.2337829, 43.5618327], [-80.2335331, 43.5616474], [-80.2334815, 43.5616809], [-80.2334483, 43.5617038], [-80.2331776, 43.5614875], [-80.2328205, 43.5617297], [-80.2328749, 43.5617693], [-80.233521, 43.5622282], [-80.233713, 43.5620872], [-80.2337852, 43.5620342]]], [[[-80.2596708, 43.5388912], [-80.2595983, 43.5388397], [-80.2595627, 43.5388644], [-80.2595021, 43.5388265], [-80.2593682, 43.538914], [-80.2593669, 43.538922], [-80.2593404, 43.5389402], [-80.2594024, 43.5389872], [-80.2594519, 43.5389478], [-80.2594874, 43.53897], [-80.2595362, 43.5389428], [-80.2595565, 43.5389569], [-80.2595774, 43.5389569], [-80.2595934, 43.5389503], [-80.2596708, 43.5388912]]], [[[-80.2525866, 43.5460626], [-80.2522564, 43.5457291], [-80.2522426, 43.5457325], [-80.2523599, 43.5461441], [-80.2525866, 43.5460626]]], [[[-80.236473, 43.5416918], [-80.2362431, 43.541495], [-80.2356007, 43.5410582], [-80.2352498, 43.5410241], [-80.2349458, 43.5408906], [-80.2346453, 43.5408446], [-80.2341436, 43.5408518], [-80.2339515, 43.5408462], [-80.2336552, 43.5407769], [-80.2334008, 43.5405631], [-80.2332201, 43.5405126], [-80.2331171, 43.5404858], [-80.232734, 43.5405192], [-80.2322256, 43.5407477], [-80.2318658, 43.5408988], [-80.2316101, 43.5411069], [-80.2314214, 43.5413133], [-80.2312675, 43.5415576], [-80.2310235, 43.5417275], [-80.2306879, 43.5419193], [-80.2305296, 43.5421188], [-80.2304728, 43.5421386], [-80.2304439, 43.5421831], [-80.2301342, 43.5422556], [-80.229912, 43.5423173], [-80.229735, 43.5424504], [-80.2295544, 43.5426309], [-80.2293707, 43.5427064], [-80.2292482, 43.5428077], [-80.2289927, 43.5430209], [-80.2282382, 43.5437557], [-80.2282529, 43.5437965], [-80.2281313, 43.5439152], [-80.2281598, 43.5441474], [-80.2281162, 43.5442332], [-80.2279922, 43.5443006], [-80.2279396, 43.54456], [-80.2278791, 43.5446024], [-80.2278123, 43.5448411], [-80.2277199, 43.5449254], [-80.2275725, 43.5449744], [-80.2274382, 43.5450952], [-80.2270108, 43.5454585], [-80.2267578, 43.5455499], [-80.2266087, 43.5455898], [-80.2262488, 43.5456965], [-80.2259432, 43.5457735], [-80.2258045, 43.5458429], [-80.2256875, 43.5459488], [-80.2255471, 43.5461779], [-80.225485, 43.5463202], [-80.22537, 43.5464255], [-80.2252076, 43.5465828], [-80.225075, 43.5466747], [-80.2249082, 43.5467283], [-80.2247382, 43.5466606], [-80.2247135, 43.5467031], [-80.2248002, 43.546767], [-80.2247859, 43.5467799], [-80.2246791, 43.5467586], [-80.2246074, 43.5467783], [-80.2245328, 43.5468664], [-80.2244367, 43.5469024], [-80.224126, 43.5471956], [-80.2239908, 43.5473701], [-80.2237566, 43.5476691], [-80.2236619, 43.5477764], [-80.2236275, 43.5478917], [-80.2234728, 43.5480124], [-80.2232097, 43.548213], [-80.2228789, 43.548425], [-80.2225294, 43.5485966], [-80.2223929, 43.5487073], [-80.2221388, 43.548811], [-80.2216924, 43.54897], [-80.2211128, 43.5491912], [-80.2209477, 43.5492558], [-80.220854, 43.5493056], [-80.2207751, 43.5493551], [-80.2206303, 43.5494339], [-80.2213568, 43.5499875], [-80.2216088, 43.5497744], [-80.2221593, 43.5501665], [-80.2218834, 43.5503809], [-80.2219779, 43.5504499], [-80.2222564, 43.5502323], [-80.2229856, 43.5496625], [-80.2224898, 43.5492907], [-80.2234011, 43.5487652], [-80.2230929, 43.548572], [-80.2237665, 43.5480652], [-80.2243589, 43.54777], [-80.2247562, 43.5479804], [-80.2250587, 43.547755], [-80.2248827, 43.5475713], [-80.2259789, 43.5467988], [-80.2263133, 43.5470501], [-80.226398, 43.5469804], [-80.226449, 43.5469573], [-80.2265168, 43.5469433], [-80.2265631, 43.5469503], [-80.2265988, 43.5469579], [-80.2268695, 43.5467575], [-80.2268294, 43.5467289], [-80.2271131, 43.5465242], [-80.2272126, 43.546402], [-80.2274373, 43.5462514], [-80.2277831, 43.5465209], [-80.2282674, 43.5461649], [-80.2274519, 43.5455923], [-80.2276122, 43.5453919], [-80.2284579, 43.5447672], [-80.2284916, 43.5446497], [-80.228509, 43.5445677], [-80.2286021, 43.5444516], [-80.2297454, 43.5436191], [-80.2299594, 43.5437651], [-80.2302475, 43.5435476], [-80.2302437, 43.5434437], [-80.2307456, 43.5430698], [-80.2308582, 43.5430867], [-80.230971, 43.5430015], [-80.2317354, 43.5430715], [-80.2319354, 43.5432534], [-80.2327251, 43.5426593], [-80.2329095, 43.5427833], [-80.2333562, 43.5424579], [-80.2328118, 43.5421077], [-80.2331659, 43.5418328], [-80.2337068, 43.5422024], [-80.2343935, 43.5417203], [-80.2348816, 43.5420624], [-80.2353129, 43.5418185], [-80.2354584, 43.5419361], [-80.2357882, 43.5417436], [-80.2360969, 43.5419804], [-80.236473, 43.5416918]]], [[[-80.2272476, 43.5456122], [-80.2270108, 43.5454585], [-80.2267578, 43.5455499], [-80.2266087, 43.5455898], [-80.2262488, 43.5456965], [-80.2259432, 43.5457735], [-80.2258045, 43.5458429], [-80.2256875, 43.5459488], [-80.2255471, 43.5461779], [-80.225485, 43.5463202], [-80.22537, 43.5464255], [-80.2252076, 43.5465828], [-80.225075, 43.5466747], [-80.2249082, 43.5467283], [-80.2247382, 43.5466606], [-80.2247135, 43.5467031], [-80.2248002, 43.546767], [-80.2247859, 43.5467799], [-80.2246791, 43.5467586], [-80.2246074, 43.5467783], [-80.2245328, 43.5468664], [-80.2244367, 43.5469024], [-80.224126, 43.5471956], [-80.2239908, 43.5473701], [-80.2237566, 43.5476691], [-80.2239336, 43.5477936], [-80.2244044, 43.547521], [-80.2251415, 43.5469438], [-80.2257048, 43.5465171], [-80.2261971, 43.5463185], [-80.226532, 43.5461419], [-80.2270091, 43.5457998], [-80.2272476, 43.5456122]]], [[[-80.2253691, 43.5458579], [-80.2253553, 43.5458439], [-80.2252488, 43.5458083], [-80.2252159, 43.5458131], [-80.2251966, 43.5457866], [-80.2251648, 43.545785], [-80.2251419, 43.5458151], [-80.2251298, 43.5458327], [-80.2250848, 43.5458424], [-80.2250634, 43.5458988], [-80.2250559, 43.5459281], [-80.225073, 43.5459468], [-80.2251035, 43.5459484], [-80.2251334, 43.545954], [-80.2251063, 43.5459572], [-80.2250739, 43.545956], [-80.2250376, 43.5459432], [-80.2250287, 43.545969], [-80.224965, 43.5460287], [-80.224891, 43.5461418], [-80.2248759, 43.5462266], [-80.224984, 43.5462171], [-80.225087, 43.5461637], [-80.2251206, 43.5461628], [-80.2251948, 43.5461211], [-80.2252048, 43.546102], [-80.225243, 43.54609], [-80.2252825, 43.5460574], [-80.2253078, 43.5460204], [-80.2253392, 43.5459772], [-80.2253388, 43.545965], [-80.2253562, 43.5459395], [-80.2253302, 43.5459246], [-80.2253371, 43.5458843], [-80.2253619, 43.5458669], [-80.2253691, 43.5458579]]], [[[-80.2634573, 43.5583101], [-80.2634564, 43.5582915], [-80.2634291, 43.5582639], [-80.2634158, 43.5582518], [-80.2633793, 43.5582549], [-80.2633412, 43.558235], [-80.2633337, 43.55822], [-80.2633105, 43.5581972], [-80.2632856, 43.5581918], [-80.2632798, 43.5581755], [-80.2632475, 43.5581635], [-80.2632375, 43.5581461], [-80.2632126, 43.5581443], [-80.2631919, 43.5581449], [-80.263177, 43.5581383], [-80.2631521, 43.5581383], [-80.2631422, 43.5581281], [-80.2631231, 43.5581178], [-80.263104, 43.5581088], [-80.2631024, 43.5580992], [-80.2630849, 43.5580902], [-80.2630592, 43.5580884], [-80.2630335, 43.5580764], [-80.2630004, 43.5580638], [-80.2629896, 43.558056], [-80.2629697, 43.5580578], [-80.2629415, 43.5580523], [-80.2629241, 43.5580457], [-80.2628926, 43.5580547], [-80.2629738, 43.5581046], [-80.2629987, 43.558116], [-80.2630111, 43.5581335], [-80.263031, 43.5581491], [-80.263041, 43.5581671], [-80.2630625, 43.55819], [-80.2630924, 43.5581857], [-80.2631811, 43.5582218], [-80.2632077, 43.5582543], [-80.2632549, 43.5582729], [-80.2632765, 43.5582747], [-80.2632972, 43.5582699], [-80.2633304, 43.5582975], [-80.2633602, 43.5583192], [-80.2633752, 43.55833], [-80.2634075, 43.5583318], [-80.2634407, 43.5583318], [-80.2634573, 43.5583101]]], [[[-80.1981842, 43.4906911], [-80.1976208, 43.4901389], [-80.197423, 43.4900171], [-80.1963322, 43.4893736], [-80.1957028, 43.4891431], [-80.1948517, 43.4886952], [-80.1942823, 43.4883343], [-80.1941205, 43.4878908], [-80.1939587, 43.4870689], [-80.193665, 43.4866819], [-80.1934073, 43.4864123], [-80.1912554, 43.4878421], [-80.1914119, 43.4879323], [-80.191823, 43.4878498], [-80.1919196, 43.4878575], [-80.192359, 43.4880687], [-80.1923951, 43.4883005], [-80.1921047, 43.4884309], [-80.1919204, 43.4884261], [-80.1917258, 43.4883384], [-80.1913426, 43.4883354], [-80.1912252, 43.4883151], [-80.1911029, 43.4883482], [-80.1909553, 43.4882686], [-80.1909396, 43.4882027], [-80.1892992, 43.4894716], [-80.1880011, 43.4903519], [-80.1868083, 43.4913173], [-80.1861791, 43.4915239], [-80.185852, 43.4916992], [-80.1855395, 43.4916372], [-80.1854183, 43.4916442], [-80.1853222, 43.4916727], [-80.1852035, 43.4919229], [-80.1851454, 43.491949], [-80.1848326, 43.4919581], [-80.1846679, 43.4920831], [-80.1846106, 43.4923349], [-80.1844296, 43.4923578], [-80.1843805, 43.4923945], [-80.1842905, 43.4924318], [-80.1839914, 43.4924787], [-80.183579, 43.4923028], [-80.1833445, 43.4923438], [-80.1830372, 43.4922558], [-80.1828836, 43.4920916], [-80.1827057, 43.4920798], [-80.181719, 43.4932907], [-80.1824076, 43.4937065], [-80.1826756, 43.4936703], [-80.1830262, 43.4934691], [-80.1834324, 43.49344], [-80.183538, 43.4934583], [-80.1835098, 43.493697], [-80.1833646, 43.4937622], [-80.1832873, 43.4939482], [-80.1834294, 43.4940707], [-80.1837159, 43.4941297], [-80.1838372, 43.4942139], [-80.183838, 43.4944396], [-80.1839355, 43.4946731], [-80.1838335, 43.494872], [-80.183817, 43.4951128], [-80.1839624, 43.4952372], [-80.1841613, 43.4952355], [-80.1842361, 43.4951582], [-80.1843986, 43.4950779], [-80.1847087, 43.4950773], [-80.1847228, 43.4952242], [-80.1844432, 43.4954737], [-80.1845908, 43.4954889], [-80.1848854, 43.4955443], [-80.1856817, 43.4961379], [-80.1860744, 43.4962012], [-80.1866055, 43.496729], [-80.1876909, 43.4959622], [-80.1868272, 43.4951882], [-80.186729, 43.4948163], [-80.186969, 43.4943098], [-80.1875362, 43.4933127], [-80.1884526, 43.4925055], [-80.1887144, 43.4923393], [-80.1889107, 43.4925134], [-80.1886926, 43.4928299], [-80.1891507, 43.4930515], [-80.1896198, 43.4935343], [-80.1899907, 43.4941199], [-80.1915047, 43.4929985], [-80.1897411, 43.491797], [-80.1898396, 43.4902058], [-80.1900634, 43.4896993], [-80.1903946, 43.4895824], [-80.1911357, 43.4890779], [-80.1915073, 43.4890127], [-80.1922477, 43.4896083], [-80.1926439, 43.4897284], [-80.1943668, 43.4910606], [-80.1957628, 43.4899649], [-80.1959486, 43.490165], [-80.1962962, 43.4906215], [-80.1968296, 43.4911172], [-80.1965419, 43.491439], [-80.1965599, 43.491913], [-80.1964076, 43.4925278], [-80.1967482, 43.4927677], [-80.1974829, 43.4918869], [-80.1978425, 43.4912955], [-80.1981722, 43.490865], [-80.1981842, 43.4906911]]], [[[-80.2292143, 43.5046371], [-80.2291654, 43.5045204], [-80.2287498, 43.5043496], [-80.2282745, 43.5039429], [-80.2272154, 43.5036162], [-80.2270896, 43.5036216], [-80.2269447, 43.5035335], [-80.2266002, 43.503411], [-80.2256513, 43.5028596], [-80.2253512, 43.5026004], [-80.2249749, 43.5024995], [-80.2241396, 43.5025903], [-80.2234326, 43.5028205], [-80.2221945, 43.5029682], [-80.2208247, 43.5029488], [-80.2205414, 43.5029813], [-80.2200404, 43.5031115], [-80.2198662, 43.5031898], [-80.219599, 43.5034777], [-80.2194745, 43.5035555], [-80.2187415, 43.5036368], [-80.2178953, 43.5036083], [-80.2174328, 43.5034294], [-80.2157821, 43.5025584], [-80.2142927, 43.5018776], [-80.212542, 43.5013142], [-80.2110947, 43.5003041], [-80.2106575, 43.4999871], [-80.210605, 43.4996087], [-80.2103776, 43.4993168], [-80.2100894, 43.4990596], [-80.209728, 43.4987987], [-80.2094886, 43.4986582], [-80.2083581, 43.4982467], [-80.2081415, 43.4977311], [-80.2075083, 43.4973151], [-80.2074005, 43.4973416], [-80.2071664, 43.4973374], [-80.2067509, 43.4971665], [-80.206371, 43.4968483], [-80.2063729, 43.496614], [-80.2063247, 43.4965335], [-80.2061224, 43.4965076], [-80.2059247, 43.4965818], [-80.2058382, 43.4966571], [-80.2055907, 43.4970747], [-80.2050629, 43.4971732], [-80.2045845, 43.4976692], [-80.2040671, 43.4981083], [-80.2036904, 43.4978479], [-80.2032731, 43.4975684], [-80.2027712, 43.4971299], [-80.202795, 43.4969806], [-80.2017799, 43.4963605], [-80.2016737, 43.4962205], [-80.2015664, 43.4962994], [-80.2009936, 43.4968195], [-80.2003607, 43.4973812], [-80.2015052, 43.4982148], [-80.2024593, 43.4988023], [-80.2019524, 43.4992267], [-80.201524, 43.4993242], [-80.2010109, 43.4996057], [-80.2010011, 43.4996946], [-80.2010387, 43.4998109], [-80.2014285, 43.5000085], [-80.2016668, 43.5000349], [-80.2021033, 43.5000882], [-80.2026306, 43.5001827], [-80.2029753, 43.5005806], [-80.202699, 43.5008749], [-80.2024306, 43.5010045], [-80.1977835, 43.5043679], [-80.1977009, 43.5043011], [-80.1975697, 43.5043828], [-80.1964457, 43.5045441], [-80.1959113, 43.505009], [-80.1962664, 43.5047355], [-80.1969073, 43.5051757], [-80.1976863, 43.5053806], [-80.1982342, 43.5058377], [-80.1986897, 43.5061373], [-80.19983, 43.5064501], [-80.1999969, 43.5065652], [-80.1995621, 43.506824], [-80.200229, 43.5075196], [-80.200302, 43.5077572], [-80.2003991, 43.5080736], [-80.2003666, 43.5084019], [-80.2003208, 43.5084662], [-80.1997045, 43.5085314], [-80.1995945, 43.5091704], [-80.1998641, 43.5092093], [-80.2001631, 43.50936], [-80.2002938, 43.5094633], [-80.200325, 43.5094823], [-80.2006664, 43.50969], [-80.2011211, 43.5102738], [-80.2010973, 43.5104232], [-80.2012659, 43.5107049], [-80.201336, 43.5115563], [-80.2011311, 43.5117286], [-80.2011208, 43.5119885], [-80.2011144, 43.5120185], [-80.2010393, 43.5123696], [-80.2004905, 43.512702], [-80.2006604, 43.5130082], [-80.2005531, 43.5131182], [-80.2006549, 43.5133284], [-80.2009691, 43.5134704], [-80.2007669, 43.5138167], [-80.2011413, 43.5140895], [-80.201327, 43.5140931], [-80.2014539, 43.5141589], [-80.2013239, 43.5141986], [-80.201373, 43.5144735], [-80.2017363, 43.5146937], [-80.2019965, 43.5150317], [-80.2024024, 43.5150864], [-80.2026202, 43.5152917], [-80.2027943, 43.5151133], [-80.2030715, 43.5146899], [-80.2031945, 43.5144941], [-80.2038132, 43.5136603], [-80.2036866, 43.5135073], [-80.2036706, 43.5132736], [-80.2039073, 43.5131762], [-80.2043882, 43.5132739], [-80.2047161, 43.5133609], [-80.2052483, 43.513456], [-80.2057495, 43.5135363], [-80.2059505, 43.513606], [-80.2060389, 43.51369], [-80.2063713, 43.5134563], [-80.2059109, 43.5131326], [-80.2056885, 43.5128605], [-80.2053452, 43.512911], [-80.2053408, 43.5129072], [-80.205117, 43.5126518], [-80.2052231, 43.5126115], [-80.205313, 43.5123091], [-80.2053545, 43.5122682], [-80.2054095, 43.5122556], [-80.2054659, 43.512276], [-80.2055007, 43.5123159], [-80.2054833, 43.5124199], [-80.2055825, 43.5124588], [-80.2056684, 43.5125629], [-80.2056469, 43.512666], [-80.2058461, 43.512726], [-80.2057244, 43.5124796], [-80.2056476, 43.5124598], [-80.205663, 43.5123887], [-80.2057174, 43.5121833], [-80.2060231, 43.5118934], [-80.2087447, 43.509873], [-80.210106, 43.5109231], [-80.2106496, 43.5105344], [-80.2091453, 43.5094849], [-80.2094758, 43.5094058], [-80.2119488, 43.5076355], [-80.2125, 43.5072956], [-80.2128627, 43.5073796], [-80.2135768, 43.5082336], [-80.2136713, 43.508286], [-80.2132622, 43.5086299], [-80.2131563, 43.5088019], [-80.2132778, 43.508886], [-80.2136612, 43.5088889], [-80.2139791, 43.5088264], [-80.214031, 43.5087812], [-80.2138567, 43.5085165], [-80.2143838, 43.5081922], [-80.2147587, 43.5081199], [-80.216019, 43.5086899], [-80.2161407, 43.5088782], [-80.2157092, 43.5093046], [-80.2159989, 43.5094447], [-80.2166052, 43.5089987], [-80.2169574, 43.5090878], [-80.2172917, 43.5091723], [-80.2185098, 43.510027], [-80.2183222, 43.5101692], [-80.2177874, 43.5105744], [-80.2174671, 43.510767], [-80.217599, 43.5108127], [-80.2178551, 43.510734], [-80.2180538, 43.510723], [-80.2182798, 43.5107908], [-80.2191956, 43.5114383], [-80.2193803, 43.511602], [-80.2204054, 43.5122847], [-80.2214999, 43.5130397], [-80.2230497, 43.511932], [-80.2236329, 43.5114729], [-80.2244052, 43.5111186], [-80.2243842, 43.5109164], [-80.2236141, 43.5101531], [-80.2236169, 43.509762], [-80.2234825, 43.5094309], [-80.2234161, 43.5089359], [-80.2233882, 43.5086784], [-80.2232074, 43.508548], [-80.2231178, 43.5084423], [-80.2231196, 43.508208], [-80.2232345, 43.5080834], [-80.2230646, 43.5072329], [-80.2232878, 43.5067751], [-80.2236194, 43.5063268], [-80.2235828, 43.5059054], [-80.2241063, 43.5052105], [-80.2252383, 43.504512], [-80.225637, 43.5043912], [-80.2272611, 43.5043911], [-80.2290843, 43.504732], [-80.2291513, 43.5047165], [-80.2292143, 43.5046371]], [[-80.2190084, 43.5093564], [-80.2190084, 43.5094066], [-80.2189552, 43.5094297], [-80.2188647, 43.5095108], [-80.2186465, 43.5096497], [-80.2186093, 43.5096767], [-80.2185029, 43.5097308], [-80.2184869, 43.5096922], [-80.2183911, 43.5097153], [-80.2183592, 43.5097732], [-80.2177419, 43.5093371], [-80.2175982, 43.5092676], [-80.2175982, 43.5092406], [-80.2173321, 43.5090747], [-80.2173321, 43.5090554], [-80.2172736, 43.5090554], [-80.2170661, 43.5089782], [-80.2170448, 43.5089126], [-80.2177366, 43.5083915], [-80.2178217, 43.5084224], [-80.2179175, 43.5085382], [-80.2180133, 43.5086269], [-80.2182634, 43.5087273], [-80.2182953, 43.5087659], [-80.2184017, 43.5088508], [-80.2184709, 43.5088662], [-80.2186785, 43.5091171], [-80.2187583, 43.5091711], [-80.2187476, 43.5091827], [-80.2188009, 43.5092175], [-80.2188221, 43.5092097], [-80.2190084, 43.5093564]], [[-80.2105513, 43.5051854], [-80.2086115, 43.5065747], [-80.2075369, 43.5063714], [-80.2075394, 43.5061733], [-80.2069778, 43.5058418], [-80.2067145, 43.5058506], [-80.2065168, 43.5059248], [-80.2063806, 43.5060006], [-80.2058405, 43.5059075], [-80.2056855, 43.5053934], [-80.2057303, 43.5051033], [-80.2055076, 43.5049115], [-80.2053135, 43.50486], [-80.2048783, 43.5049023], [-80.2048208, 43.5049646], [-80.2043957, 43.5047469], [-80.207081, 43.5029718], [-80.2078895, 43.5038783], [-80.2089537, 43.5044132], [-80.2089232, 43.5047784], [-80.2095404, 43.504939], [-80.2097832, 43.5051072], [-80.209955, 43.5048841], [-80.2105513, 43.5051854]], [[-80.203386, 43.5030115], [-80.2032982, 43.5033573], [-80.2031576, 43.5035226], [-80.203158, 43.5039548], [-80.2030584, 43.504056], [-80.2017485, 43.5041189], [-80.2014334, 43.5041728], [-80.2014004, 43.504122], [-80.2029834, 43.502915], [-80.203175, 43.5028217], [-80.203386, 43.5030115]]], [[[-80.2452559, 43.5732636], [-80.2449618, 43.5732405], [-80.2449668, 43.5725095], [-80.24479, 43.572545], [-80.2442353, 43.5725781], [-80.2438695, 43.5727711], [-80.243941, 43.5729368], [-80.2443248, 43.5732277], [-80.2445355, 43.573536], [-80.2447621, 43.5736339], [-80.24478, 43.5737909], [-80.2448576, 43.573824], [-80.244959, 43.5737952], [-80.2450325, 43.5738024], [-80.2451001, 43.5737477], [-80.2451081, 43.5736987], [-80.2450524, 43.573657], [-80.2449968, 43.5735849], [-80.2450226, 43.5735072], [-80.2451001, 43.5733732], [-80.2452559, 43.5732636]]], [[[-80.2441518, 43.5732925], [-80.2439669, 43.5730563], [-80.243941, 43.5729368], [-80.2438695, 43.5727711], [-80.24379, 43.5729711], [-80.2435781, 43.5730469], [-80.2431114, 43.5730663], [-80.2430597, 43.5730215], [-80.2428974, 43.5733198], [-80.2429511, 43.5734558], [-80.2431239, 43.573559], [-80.2432671, 43.573631], [-80.2435414, 43.57368], [-80.2438436, 43.5735835], [-80.2441518, 43.5732925]]], [[[-80.2027052, 43.5368687], [-80.2021858, 43.5364887], [-80.2016263, 43.5369125], [-80.2008555, 43.5374525], [-80.2000122, 43.5374713], [-80.2001238, 43.5374168], [-80.2005968, 43.5373431], [-80.2012065, 43.5368722], [-80.2016317, 43.5367362], [-80.2017884, 43.5365708], [-80.2017122, 43.5363784], [-80.2018133, 43.5361829], [-80.2010453, 43.5356158], [-80.2009037, 43.5357559], [-80.200344, 43.5361832], [-80.2001881, 43.5361768], [-80.1993411, 43.5367771], [-80.1991337, 43.5369789], [-80.1994703, 43.537342], [-80.1996924, 43.5374928], [-80.1999822, 43.5376891], [-80.199133, 43.5386594], [-80.1989051, 43.5390456], [-80.1989685, 43.5406604], [-80.198304, 43.5408994], [-80.1975745, 43.541577], [-80.1970706, 43.5419128], [-80.1970498, 43.5416601], [-80.1971898, 43.540504], [-80.1972313, 43.5399006], [-80.1966907, 43.5395078], [-80.1950068, 43.538359], [-80.1940564, 43.5390092], [-80.1922363, 43.5402542], [-80.1969872, 43.5437113], [-80.1973598, 43.543607], [-80.1974062, 43.5435789], [-80.1975963, 43.5435665], [-80.1977389, 43.5435099], [-80.1978047, 43.5434219], [-80.1978007, 43.5433581], [-80.1973899, 43.5431338], [-80.1974227, 43.542995], [-80.1976194, 43.5428484], [-80.1976203, 43.5427312], [-80.1974759, 43.5426792], [-80.197501, 43.5426023], [-80.1976206, 43.5425778], [-80.197788, 43.5422547], [-80.1979075, 43.5422237], [-80.1980446, 43.5425336], [-80.1980442, 43.542687], [-80.1979276, 43.5428925], [-80.1979406, 43.542967], [-80.1980274, 43.5430812], [-80.1980834, 43.5430999], [-80.1984056, 43.5431013], [-80.1981256, 43.5436939], [-80.197907, 43.5437555], [-80.197802, 43.5440422], [-80.1975982, 43.5442094], [-80.1991866, 43.5453366], [-80.1994811, 43.5454808], [-80.2002415, 43.5449166], [-80.2003973, 43.5443801], [-80.2006272, 43.5443689], [-80.2008156, 43.5443582], [-80.2011424, 43.544223], [-80.2021906, 43.5435191], [-80.2012749, 43.5427113], [-80.201197, 43.5426076], [-80.201232, 43.5420811], [-80.2010393, 43.5410731], [-80.2005395, 43.5400933], [-80.2008923, 43.539139], [-80.2016343, 43.5385083], [-80.2026944, 43.537697], [-80.2021603, 43.5373048], [-80.2027052, 43.5368687]]], [[[-80.2257746, 43.5309046], [-80.2257533, 43.5308894], [-80.2256791, 43.5309441], [-80.2257004, 43.5309593], [-80.2257746, 43.5309046]]], [[[-80.225678, 43.5309739], [-80.2256555, 43.5309578], [-80.2255074, 43.5310663], [-80.22555, 43.5310969], [-80.225587, 43.5310698], [-80.2255668, 43.5310554], [-80.225678, 43.5309739]]], [[[-80.2780446, 43.5454758], [-80.2779354, 43.5453983], [-80.2776435, 43.5456143], [-80.2775012, 43.5457196], [-80.2776104, 43.5457971], [-80.2780446, 43.5454758]]], [[[-80.2752468, 43.5284496], [-80.2750956, 43.5282129], [-80.2741882, 43.5285561], [-80.2743065, 43.5287289], [-80.2752468, 43.5284496]]], [[[-80.2812982, 43.5575381], [-80.2809556, 43.5574678], [-80.28094, 43.5574967], [-80.2809382, 43.5575067], [-80.2809452, 43.5575168], [-80.280959, 43.5575268], [-80.2812619, 43.5576058], [-80.2812982, 43.5575381]]], [[[-80.2773653, 43.5755294], [-80.2765555, 43.5746939], [-80.2764344, 43.574646], [-80.2755769, 43.5739215], [-80.2761743, 43.5734191], [-80.2749414, 43.5722061], [-80.2740673, 43.5727963], [-80.2720849, 43.5708715], [-80.2722633, 43.5712777], [-80.2721483, 43.5715558], [-80.2723943, 43.5720222], [-80.2726051, 43.5723291], [-80.2728665, 43.5725183], [-80.2730567, 43.5726592], [-80.2732911, 43.5728167], [-80.2737434, 43.5730296], [-80.2740041, 43.5731826], [-80.2742494, 43.5733066], [-80.2747434, 43.5734734], [-80.2750099, 43.5738466], [-80.2749526, 43.5740638], [-80.2752106, 43.5745536], [-80.2752554, 43.5747599], [-80.2752115, 43.5751166], [-80.2752807, 43.5753328], [-80.2753311, 43.5755219], [-80.275571, 43.5758158], [-80.2757466, 43.5761166], [-80.2758229, 43.5763842], [-80.2758293, 43.576581], [-80.2773653, 43.5755294]]], [[[-80.2805679, 43.5871226], [-80.280502, 43.5870288], [-80.2804242, 43.5869453], [-80.280311, 43.5868427], [-80.2801975, 43.5868081], [-80.2801166, 43.5867562], [-80.280047, 43.5866759], [-80.2800621, 43.5865945], [-80.2800432, 43.5864734], [-80.2797955, 43.5864746], [-80.2795971, 43.5860333], [-80.2795459, 43.5859194], [-80.2792155, 43.5855294], [-80.2787294, 43.5851043], [-80.2785477, 43.5850653], [-80.2783659, 43.5849816], [-80.2781125, 43.5847229], [-80.2778325, 43.5844423], [-80.2775092, 43.5841266], [-80.2753481, 43.5855169], [-80.275382, 43.5858499], [-80.2753666, 43.5860031], [-80.2752656, 43.586215], [-80.2751901, 43.5864096], [-80.2750261, 43.5866395], [-80.2748438, 43.5867986], [-80.2746651, 43.5871574], [-80.2743777, 43.5876395], [-80.2741539, 43.5879199], [-80.274606, 43.5882141], [-80.2748932, 43.5879926], [-80.2748647, 43.5879011], [-80.2752478, 43.5877564], [-80.2755368, 43.5875068], [-80.2758478, 43.5872588], [-80.2761187, 43.5870427], [-80.2764531, 43.5868503], [-80.2769731, 43.5867255], [-80.2774366, 43.5864819], [-80.2777192, 43.586705], [-80.2777107, 43.5869015], [-80.2778803, 43.5869793], [-80.2781403, 43.5872168], [-80.2784003, 43.5871553], [-80.2791411, 43.5873212], [-80.2793414, 43.5876466], [-80.2796583, 43.5879341], [-80.2799017, 43.5880631], [-80.2800708, 43.5877826], [-80.2802317, 43.5876402], [-80.2804143, 43.5874027], [-80.2804573, 43.5873243], [-80.2805679, 43.5871226]]], [[[-80.2461197, 43.5665788], [-80.2458355, 43.5665347], [-80.2454067, 43.5662368], [-80.2453689, 43.5662712], [-80.2451226, 43.5664465], [-80.2458431, 43.5669521], [-80.2459395, 43.5669429], [-80.2459725, 43.5668675], [-80.2460613, 43.566827], [-80.2461197, 43.5665788]]], [[[-80.2358681, 43.5466712], [-80.2355307, 43.5464517], [-80.2355096, 43.546467], [-80.2351233, 43.5467462], [-80.2351213, 43.5467613], [-80.2354146, 43.5469781], [-80.2354471, 43.5469728], [-80.2354737, 43.5469592], [-80.2356685, 43.5468167], [-80.2358681, 43.5466712]]], [[[-80.2360635, 43.5471631], [-80.2357093, 43.5469028], [-80.2355354, 43.5470535], [-80.2358906, 43.5473046], [-80.2360635, 43.5471631]]], [[[-80.2583551, 43.5303621], [-80.2582777, 43.5302517], [-80.2582209, 43.5302321], [-80.2580894, 43.5302966], [-80.2580777, 43.5303331], [-80.2580481, 43.5303537], [-80.2579965, 43.5303415], [-80.2578817, 43.5304247], [-80.2577529, 43.5305214], [-80.2576648, 43.5305902], [-80.2575981, 43.5306668], [-80.257642, 43.5307444], [-80.2575955, 43.5307884], [-80.2575233, 43.5307996], [-80.2574717, 43.5307846], [-80.2574369, 43.5308033], [-80.257344, 43.5308894], [-80.2573182, 43.5309371], [-80.2573388, 43.5309792], [-80.2574072, 43.5310269], [-80.2574394, 43.5310157], [-80.2574743, 43.5309857], [-80.2575452, 43.5309754], [-80.2575968, 43.5309988], [-80.2576304, 43.531054], [-80.257642, 43.5311054], [-80.2576404, 43.5311739], [-80.2576856, 43.5312113], [-80.2577397, 43.5312197], [-80.2578146, 43.5311402], [-80.2578159, 43.5310542], [-80.2577643, 43.5309261], [-80.2578984, 43.5308409], [-80.2579836, 43.5307998], [-80.2580184, 43.5307362], [-80.2581397, 43.5306464], [-80.2582906, 43.5304809], [-80.258328, 43.5304229], [-80.2583551, 43.5303621]]], [[[-80.2573169, 43.5311185], [-80.2573014, 43.5310793], [-80.257313, 43.5310306], [-80.2572859, 43.5309764], [-80.2572446, 43.5309895], [-80.2571724, 43.5310316], [-80.2571234, 43.531098], [-80.2570705, 43.5311326], [-80.2570382, 43.5311634], [-80.2569686, 43.531242], [-80.2570163, 43.5312888], [-80.257153, 43.531271], [-80.2571763, 43.5312682], [-80.257193, 43.5312523], [-80.2571943, 43.5312177], [-80.2571621, 43.531227], [-80.2571453, 43.5312121], [-80.2571621, 43.5311737], [-80.257184, 43.531156], [-80.2572446, 43.5311522], [-80.2572756, 43.5311634], [-80.2573169, 43.5311185]]], [[[-80.2575787, 43.5312898], [-80.2575362, 43.5312638], [-80.2574952, 43.5312433], [-80.2574088, 43.5312385], [-80.2573328, 43.5312568], [-80.2573082, 43.5312957], [-80.2572523, 43.531367], [-80.2571935, 43.531434], [-80.2571853, 43.5314842], [-80.2572151, 43.5315258], [-80.2572553, 43.5315226], [-80.2573, 43.5315058], [-80.2573253, 43.5315226], [-80.2573894, 43.531521], [-80.2574207, 43.5314923], [-80.2574788, 43.531434], [-80.2575369, 43.5313827], [-80.257569, 43.531333], [-80.2575787, 43.5312898]]], [[[-80.2286872, 43.5459472], [-80.2284183, 43.5457625], [-80.2283036, 43.5458364], [-80.2285785, 43.5460206], [-80.2286872, 43.5459472]]], [[[-80.2559651, 43.5306059], [-80.2559098, 43.5305651], [-80.2556633, 43.5307405], [-80.2557186, 43.5307814], [-80.2559651, 43.5306059]]], [[[-80.2303269, 43.5430311], [-80.2301043, 43.5429514], [-80.2293184, 43.5434413], [-80.2289027, 43.5437903], [-80.2287189, 43.5439381], [-80.2286894, 43.5440547], [-80.2287136, 43.5440839], [-80.2287511, 43.5440781], [-80.2287806, 43.5440975], [-80.2287806, 43.544115], [-80.2288101, 43.5441208], [-80.2288732, 43.5441267], [-80.2288597, 43.5441889], [-80.2289228, 43.5442064], [-80.2289576, 43.5441918], [-80.2297677, 43.5435308], [-80.2303216, 43.543103], [-80.2303269, 43.5430311]]], [[[-80.2540373, 43.5277273], [-80.2535516, 43.5273417], [-80.2530663, 43.5277427], [-80.2535626, 43.5280852], [-80.2540373, 43.5277273]]], [[[-80.2567852, 43.5258726], [-80.2562514, 43.5255459], [-80.2555648, 43.5250733], [-80.2554979, 43.5248675], [-80.2551142, 43.5246668], [-80.2545093, 43.5239959], [-80.2543109, 43.5241116], [-80.2542814, 43.5242108], [-80.2544463, 43.5243751], [-80.2545482, 43.5245171], [-80.254626, 43.5247096], [-80.2555487, 43.5254797], [-80.2561468, 43.5258318], [-80.2567852, 43.5258726]]], [[[-80.2357262, 43.558934], [-80.2357162, 43.5589143], [-80.235696, 43.5589038], [-80.2356632, 43.5589084], [-80.2356481, 43.5589264], [-80.2356163, 43.5589434], [-80.2355857, 43.5589692], [-80.2355502, 43.5589847], [-80.2355261, 43.5590083], [-80.2354925, 43.5590222], [-80.2354677, 43.5590455], [-80.2354148, 43.5590479], [-80.2353728, 43.5590275], [-80.2353269, 43.5590032], [-80.2351834, 43.5589145], [-80.2350969, 43.5588681], [-80.2350292, 43.5588691], [-80.2349879, 43.5588973], [-80.2349745, 43.5589323], [-80.234995, 43.5589714], [-80.2350399, 43.5590149], [-80.2350704, 43.5590598], [-80.2351405, 43.5591009], [-80.2351814, 43.5591308], [-80.2351982, 43.5591487], [-80.235235, 43.5591531], [-80.2352686, 43.5591504], [-80.2352894, 43.5591633], [-80.2352917, 43.5591735], [-80.2352803, 43.5591796], [-80.235289, 43.5592121], [-80.2353095, 43.5592231], [-80.2353427, 43.5592333], [-80.2353702, 43.5592275], [-80.2353987, 43.5592182], [-80.2354235, 43.5591883], [-80.23545, 43.5591767], [-80.2354838, 43.5591696], [-80.2355197, 43.5591653], [-80.2355423, 43.5591583], [-80.2355549, 43.5591468], [-80.2355804, 43.5591242], [-80.2356032, 43.5591184], [-80.2356132, 43.5591077], [-80.2356256, 43.5590868], [-80.2356729, 43.5590384], [-80.235691, 43.5590151], [-80.2357038, 43.5589869], [-80.2357212, 43.5589631], [-80.2357262, 43.558934]]], [[[-80.265547, 43.5436279], [-80.2655238, 43.5435805], [-80.265445, 43.5435196], [-80.2654106, 43.5435017], [-80.2650404, 43.5433089], [-80.2647927, 43.5432107], [-80.2647089, 43.5431368], [-80.2646495, 43.5430667], [-80.2644947, 43.5430003], [-80.2643515, 43.5429049], [-80.2641732, 43.5428175], [-80.2640059, 43.5427286], [-80.2639674, 43.5427429], [-80.2639603, 43.5427649], [-80.2640032, 43.5427876], [-80.2641678, 43.5428972], [-80.2641866, 43.5429329], [-80.2642824, 43.5429945], [-80.264475, 43.5430983], [-80.2645916, 43.543182], [-80.2647722, 43.5432737], [-80.2650086, 43.5434033], [-80.265437, 43.543646], [-80.2654978, 43.5436649], [-80.265547, 43.5436279]]], [[[-80.267101, 43.5511068], [-80.2669836, 43.5510058], [-80.2668391, 43.5508955], [-80.2667617, 43.5508085], [-80.2667888, 43.5506383], [-80.2667565, 43.5505729], [-80.2666572, 43.5505299], [-80.2667256, 43.550399], [-80.2667462, 43.5503251], [-80.2667965, 43.5501793], [-80.266772, 43.5499997], [-80.266821, 43.5497576], [-80.2668339, 43.5496183], [-80.2669036, 43.5495098], [-80.2668455, 43.5493761], [-80.2668946, 43.5491919], [-80.2669604, 43.5490021], [-80.2668971, 43.5488488], [-80.266843, 43.5487814], [-80.2667707, 43.5488441], [-80.2667346, 43.5490086], [-80.2666882, 43.549018], [-80.266603, 43.5489619], [-80.2665205, 43.5491106], [-80.2664534, 43.5500484], [-80.2664172, 43.5501652], [-80.2662779, 43.5502466], [-80.2664237, 43.5503522], [-80.2664108, 43.5504962], [-80.2664482, 43.5506972], [-80.2664095, 43.5510451], [-80.2665579, 43.5511535], [-80.2667101, 43.551089], [-80.2667733, 43.5510366], [-80.2668378, 43.551075], [-80.2670532, 43.5511629], [-80.267101, 43.5511068]]], [[[-80.2626162, 43.5559937], [-80.2625205, 43.5559214], [-80.2618593, 43.555921], [-80.2617641, 43.5559127], [-80.2615364, 43.55589], [-80.2609574, 43.5557662], [-80.2608826, 43.5557321], [-80.2608396, 43.5557481], [-80.2609607, 43.5558384], [-80.2610219, 43.5558859], [-80.2613238, 43.5561093], [-80.261457, 43.5561786], [-80.2615515, 43.5561661], [-80.2616106, 43.5561434], [-80.2617807, 43.5560275], [-80.2618737, 43.5560406], [-80.2621343, 43.5560526], [-80.2623261, 43.5560347], [-80.2625756, 43.5560069], [-80.2626162, 43.5559937]]], [[[-80.2627033, 43.5418285], [-80.2626935, 43.5417777], [-80.2626361, 43.5417019], [-80.2625442, 43.541642], [-80.2624995, 43.5415829], [-80.2624133, 43.5415309], [-80.262376, 43.5415471], [-80.2623703, 43.5415704], [-80.2624082, 43.5415825], [-80.2624484, 43.5416154], [-80.2625138, 43.5416899], [-80.2626022, 43.5417952], [-80.2626464, 43.5418642], [-80.2626849, 43.5418651], [-80.2627033, 43.5418285]]], [[[-80.2639188, 43.5425477], [-80.2638292, 43.5424708], [-80.2637051, 43.5423353], [-80.2635782, 43.5422069], [-80.2634431, 43.5420495], [-80.2632983, 43.5421225], [-80.2633269, 43.5421697], [-80.2633321, 43.5422269], [-80.2634651, 43.5423213], [-80.2636037, 43.5424118], [-80.2637547, 43.5425172], [-80.2638464, 43.5425832], [-80.2639188, 43.5425477]]], [[[-80.250425, 43.5486027], [-80.2502808, 43.5485594], [-80.2499769, 43.5484939], [-80.2495924, 43.5484439], [-80.2491214, 43.5483992], [-80.2486339, 43.5483439], [-80.2481014, 43.5482905], [-80.2476422, 43.5482505], [-80.2476286, 43.5482859], [-80.2480002, 43.5483265], [-80.2481283, 43.5483417], [-80.2486089, 43.5484124], [-80.2488116, 43.5484438], [-80.2491832, 43.5484655], [-80.249375, 43.5484938], [-80.2496177, 43.5485155], [-80.2499714, 43.5485546], [-80.2501008, 43.5486064], [-80.2503965, 43.5487248], [-80.250425, 43.5486027]]], [[[-80.2527343, 43.5499136], [-80.2526737, 43.5498164], [-80.2524945, 43.5497193], [-80.2522969, 43.5496305], [-80.2520295, 43.5494939], [-80.2520203, 43.5495172], [-80.2522547, 43.5496527], [-80.252385, 43.5497348], [-80.2524723, 43.5498287], [-80.2524891, 43.5499064], [-80.2524845, 43.5499958], [-80.2525742, 43.5500135], [-80.2527343, 43.5499136]]], [[[-80.2625281, 43.5378101], [-80.2622761, 43.5379005], [-80.2622204, 43.5380293], [-80.2616926, 43.5382293], [-80.261365, 43.538162], [-80.2616475, 43.5386485], [-80.2617774, 43.5388994], [-80.2618093, 43.539059], [-80.2618623, 43.5393215], [-80.2618796, 43.5393407], [-80.2619087, 43.5393446], [-80.2619724, 43.5392657], [-80.2620241, 43.5390359], [-80.2620785, 43.5387687], [-80.2620851, 43.5386514], [-80.2621886, 43.538536], [-80.2624764, 43.537937], [-80.2625281, 43.5378101]]], [[[-80.262959, 43.5336678], [-80.2624005, 43.5332882], [-80.2621197, 43.5334881], [-80.2623719, 43.533687], [-80.2622286, 43.5338025], [-80.2623385, 43.5338983], [-80.2623592, 43.5339838], [-80.2622541, 43.5340623], [-80.2620624, 43.534001], [-80.2620247, 43.5340808], [-80.262184, 43.5342632], [-80.2625487, 43.5345646], [-80.2628386, 43.5347678], [-80.262958, 43.5347551], [-80.2627016, 43.5341962], [-80.262665, 43.5339919], [-80.2626077, 43.5339099], [-80.2627621, 43.5338683], [-80.2628115, 43.5337448], [-80.262959, 43.5336678]]], [[[-80.2149769, 43.5550615], [-80.2146413, 43.554691], [-80.2145783, 43.5546522], [-80.2144044, 43.5546697], [-80.2144079, 43.5547133], [-80.2143373, 43.5547557], [-80.2137985, 43.5545], [-80.213814, 43.5543815], [-80.2138708, 43.5542081], [-80.2137056, 43.5542169], [-80.2134767, 43.5543927], [-80.2134509, 43.5544476], [-80.2137784, 43.5546239], [-80.2140916, 43.5547753], [-80.2144158, 43.5549834], [-80.214631, 43.5551563], [-80.2147084, 43.5550365], [-80.2149769, 43.5550615]]], [[[-80.2002175, 43.556112], [-80.2002125, 43.555934], [-80.1998378, 43.5558782], [-80.1995598, 43.5557613], [-80.199401, 43.5560005], [-80.1997112, 43.5562181], [-80.1996864, 43.556344], [-80.1997013, 43.5564106], [-80.1993067, 43.5566696], [-80.1993886, 43.5567361], [-80.1994829, 43.5567271], [-80.1999296, 43.5563386], [-80.1999371, 43.5562253], [-80.2000214, 43.5561696], [-80.2001009, 43.5561948], [-80.2002175, 43.556112]]], [[[-80.181232, 43.5162635], [-80.1808774, 43.5160081], [-80.1808384, 43.5158938], [-80.1800402, 43.5153446], [-80.1798704, 43.5154824], [-80.180229, 43.5157362], [-80.1803764, 43.5156875], [-80.1805375, 43.5158112], [-80.1807059, 43.5159509], [-80.180737, 43.5159991], [-80.1811475, 43.5163189], [-80.181232, 43.5162635]]], [[[-80.2264457, 43.5602915], [-80.2250521, 43.5595475], [-80.2246105, 43.5592165], [-80.2247013, 43.5587122], [-80.2251043, 43.5584255], [-80.2254959, 43.5582257], [-80.2252956, 43.5580953], [-80.2239061, 43.5577088], [-80.2223623, 43.558015], [-80.2221645, 43.5580544], [-80.2220487, 43.5586036], [-80.2224094, 43.5586718], [-80.2227902, 43.5586019], [-80.2232838, 43.5586563], [-80.2237905, 43.5588875], [-80.2242976, 43.5596126], [-80.2247322, 43.5597331], [-80.2261633, 43.5604944], [-80.2264457, 43.5602915]]], [[[-80.22486, 43.5523798], [-80.2248597, 43.5523399], [-80.2247773, 43.5523402], [-80.2247761, 43.5523157], [-80.2247478, 43.5523156], [-80.2247244, 43.5523131], [-80.2247262, 43.552345], [-80.2247382, 43.552365], [-80.2247656, 43.5523798], [-80.22486, 43.5523798]]], [[[-80.2328213, 43.5804136], [-80.2324595, 43.5803692], [-80.2324396, 43.5804544], [-80.2328013, 43.5804988], [-80.2328213, 43.5804136]]], [[[-80.2707862, 43.544762], [-80.2707081, 43.544705], [-80.2705533, 43.5448166], [-80.2706314, 43.5448735], [-80.2707862, 43.544762]]], [[[-80.2718762, 43.5464746], [-80.2718664, 43.5464308], [-80.27175, 43.5464445], [-80.2717599, 43.5464883], [-80.2718762, 43.5464746]]], [[[-80.213401, 43.567377], [-80.2125717, 43.5672863], [-80.2124748, 43.5675735], [-80.2124846, 43.5676127], [-80.212543, 43.5676243], [-80.2131619, 43.5676825], [-80.2132116, 43.5676779], [-80.2132447, 43.5676638], [-80.2132783, 43.5676356], [-80.2133002, 43.5675908], [-80.2133368, 43.5674885], [-80.213401, 43.567377]]], [[[-80.2433101, 43.5394818], [-80.2433049, 43.5394664], [-80.2432909, 43.5394551], [-80.2432816, 43.5394517], [-80.2432667, 43.5394497], [-80.2432523, 43.5394513], [-80.243239, 43.5394566], [-80.2432307, 43.539463], [-80.2432242, 43.539473], [-80.2432237, 43.5394883], [-80.243226, 43.5394936], [-80.2432342, 43.5395028], [-80.24324, 43.5395066], [-80.2432535, 43.5395116], [-80.2432646, 43.539513], [-80.2432796, 43.5395116], [-80.2432914, 43.5395073], [-80.2433022, 43.5394995], [-80.2433072, 43.5394926], [-80.2433101, 43.5394818]]], [[[-80.2539687, 43.5787347], [-80.2539101, 43.5786919], [-80.2538612, 43.5787259], [-80.2537986, 43.5787723], [-80.2537098, 43.5787094], [-80.2537724, 43.578663], [-80.2538158, 43.5786231], [-80.2535259, 43.5784115], [-80.2534226, 43.5784886], [-80.2534313, 43.5784935], [-80.2534425, 43.5785016], [-80.2536085, 43.5786225], [-80.2529168, 43.5791386], [-80.252745, 43.5790107], [-80.2526928, 43.5790472], [-80.2529249, 43.5792144], [-80.2533755, 43.5788869], [-80.2533983, 43.5788724], [-80.2534264, 43.5788733], [-80.2535994, 43.5789948], [-80.2539687, 43.5787347]]], [[[-80.2772849, 43.5907463], [-80.2764485, 43.5900229], [-80.2748732, 43.5910933], [-80.2747108, 43.5911403], [-80.2745728, 43.5910639], [-80.2735334, 43.5902993], [-80.2734992, 43.5902739], [-80.2738317, 43.5892133], [-80.274096, 43.5884527], [-80.2742348, 43.5883904], [-80.2739932, 43.5882223], [-80.273899, 43.5883997], [-80.2736521, 43.5893142], [-80.2735937, 43.5896472], [-80.2733476, 43.5904444], [-80.2731307, 43.5907683], [-80.2730725, 43.5909479], [-80.2731943, 43.5910319], [-80.273104, 43.5915399], [-80.2729467, 43.5917567], [-80.2729075, 43.5917862], [-80.2726345, 43.591992], [-80.2734646, 43.5928004], [-80.2738468, 43.5931725], [-80.2772849, 43.5907463]]], [[[-80.2298445, 43.5588866], [-80.2294175, 43.5585817], [-80.2292032, 43.5586518], [-80.2289866, 43.5587456], [-80.2288646, 43.5588084], [-80.2294137, 43.5592088], [-80.2298445, 43.5588866]]], [[[-80.2488438, 43.5355645], [-80.2485681, 43.5352723], [-80.2488283, 43.5350824], [-80.2487759, 43.5350153], [-80.2475863, 43.5356302], [-80.2477142, 43.5361048], [-80.2488438, 43.5355645]]], [[[-80.2516133, 43.5337794], [-80.2509551, 43.5331409], [-80.2512137, 43.5329497], [-80.251261, 43.5325844], [-80.2499262, 43.533521], [-80.2505179, 43.5340306], [-80.2506418, 43.5341481], [-80.2516133, 43.5337794]]], [[[-80.2066444, 43.5658734], [-80.2066201, 43.5657554], [-80.2065217, 43.5657114], [-80.2063662, 43.5656823], [-80.2061451, 43.5656876], [-80.205632, 43.5660466], [-80.2040203, 43.5673516], [-80.2042171, 43.5675817], [-80.2044102, 43.5675776], [-80.2046795, 43.5674915], [-80.2051102, 43.5672144], [-80.2060795, 43.5663668], [-80.2062503, 43.5663292], [-80.2062423, 43.566273], [-80.206269, 43.5661964], [-80.2064877, 43.5660441], [-80.2066286, 43.5659006], [-80.2066444, 43.5658734]]], [[[-80.2286697, 43.5744683], [-80.2277076, 43.574029], [-80.2265552, 43.5734997], [-80.2263814, 43.5737167], [-80.2264127, 43.5737445], [-80.2264645, 43.5737556], [-80.2265834, 43.5737756], [-80.2266701, 43.5738093], [-80.2270634, 43.5739977], [-80.2273074, 43.5741098], [-80.2276979, 43.5742593], [-80.2281395, 43.5744717], [-80.2284818, 43.5746492], [-80.2286697, 43.5744683]]], [[[-80.2255305, 43.5735207], [-80.2240241, 43.5729836], [-80.2235681, 43.5722802], [-80.2233255, 43.5721685], [-80.2232427, 43.5715668], [-80.2231529, 43.5715562], [-80.223037, 43.5725678], [-80.2236056, 43.5730925], [-80.2239106, 43.5731975], [-80.224817, 43.5735731], [-80.2254483, 43.5737298], [-80.2255305, 43.5735207]]], [[[-80.2272751, 43.5855191], [-80.2272683, 43.5854269], [-80.2271713, 43.5853635], [-80.2271846, 43.5853492], [-80.225431, 43.5841644], [-80.225287, 43.5840814], [-80.2252042, 43.5839467], [-80.2253417, 43.5837605], [-80.2250573, 43.5839619], [-80.2233343, 43.5827454], [-80.2228238, 43.5832403], [-80.2230022, 43.5834011], [-80.2232421, 43.5831768], [-80.223329, 43.583002], [-80.2234272, 43.5829709], [-80.2235377, 43.5829867], [-80.2258725, 43.5846792], [-80.2264896, 43.5850865], [-80.2271822, 43.5855944], [-80.2272751, 43.5855191]]], [[[-80.1835609, 43.5029171], [-80.1825821, 43.5021835], [-80.181934, 43.5026533], [-80.1828098, 43.5032575], [-80.183018, 43.5032693], [-80.1830759, 43.5031529], [-80.1832794, 43.5031742], [-80.1833958, 43.5030426], [-80.1835609, 43.5029171]]], [[[-80.1854666, 43.50277], [-80.1854595, 43.5027174], [-80.1847386, 43.502212], [-80.1845012, 43.5020422], [-80.1843035, 43.5018619], [-80.1841665, 43.5016848], [-80.1841024, 43.5016728], [-80.1837821, 43.501761], [-80.1831813, 43.5019012], [-80.1829173, 43.5019957], [-80.1827461, 43.5020758], [-80.1825821, 43.5021835], [-80.1835609, 43.5029171], [-80.1833958, 43.5030426], [-80.1832794, 43.5031742], [-80.1830759, 43.5031529], [-80.183018, 43.5032693], [-80.1829836, 43.5035707], [-80.1831357, 43.5036475], [-80.183719, 43.5040579], [-80.1854666, 43.50277]]], [[[-80.2530125, 43.5824485], [-80.2529285, 43.5824042], [-80.2528659, 43.5823145], [-80.2527492, 43.5822578], [-80.2524132, 43.5820288], [-80.2522097, 43.5818329], [-80.2522396, 43.5817875], [-80.2523846, 43.5816534], [-80.2523151, 43.5815609], [-80.2522353, 43.5813472], [-80.2520445, 43.5812709], [-80.2519904, 43.5811894], [-80.251868, 43.5811626], [-80.2511732, 43.5816387], [-80.2511514, 43.5816663], [-80.2515012, 43.581923], [-80.2516274, 43.5820761], [-80.2520413, 43.582414], [-80.2521496, 43.5824494], [-80.252194, 43.582464], [-80.2524065, 43.5823164], [-80.252432, 43.5823392], [-80.2524642, 43.582328], [-80.2527197, 43.5825757], [-80.2527282, 43.5826537], [-80.2530125, 43.5824485]]], [[[-80.2114762, 43.5413105], [-80.2113651, 43.5411905], [-80.2110791, 43.5411173], [-80.2109838, 43.54123], [-80.2108426, 43.5412139], [-80.2106857, 43.5412072], [-80.2105731, 43.5410762], [-80.2107064, 43.5409817], [-80.210657, 43.5407528], [-80.2107071, 43.5404766], [-80.2105946, 43.5404856], [-80.2105158, 43.5405474], [-80.2102685, 43.540565], [-80.2102344, 43.5406914], [-80.2100134, 43.5409053], [-80.2097439, 43.5411059], [-80.2095031, 43.5411344], [-80.2094451, 43.5412882], [-80.2098421, 43.5415615], [-80.2100156, 43.5415729], [-80.2103513, 43.5416609], [-80.2106978, 43.5415064], [-80.210925, 43.541523], [-80.211125, 43.5414228], [-80.2113464, 43.5414482], [-80.2114762, 43.5413105]]], [[[-80.2426906, 43.5463718], [-80.2425078, 43.5460694], [-80.2421901, 43.5454392], [-80.2418576, 43.5448586], [-80.2418357, 43.5446202], [-80.2418381, 43.5445973], [-80.2418478, 43.5445697], [-80.2418718, 43.5445243], [-80.2416777, 43.5444665], [-80.2415442, 43.5444267], [-80.2414599, 43.5444049], [-80.2414084, 43.5444425], [-80.2413128, 43.5445035], [-80.2415912, 43.5448928], [-80.2419372, 43.5454382], [-80.2424763, 43.5463461], [-80.2425112, 43.5463354], [-80.2425532, 43.546416], [-80.2426906, 43.5463718]]], [[[-80.2546797, 43.5526564], [-80.2546398, 43.5525194], [-80.2545683, 43.5523605], [-80.2543405, 43.5520028], [-80.2542894, 43.5519427], [-80.2540801, 43.5516964], [-80.2537079, 43.5512753], [-80.2532668, 43.5508272], [-80.2529565, 43.5505899], [-80.2527293, 43.5504399], [-80.2525901, 43.5503717], [-80.2525451, 43.5504001], [-80.2530577, 43.5508356], [-80.2529713, 43.550889], [-80.2530992, 43.5510358], [-80.2534742, 43.5512682], [-80.2534688, 43.5512931], [-80.2534494, 43.5513098], [-80.2534348, 43.5513661], [-80.2534382, 43.5513898], [-80.2534494, 43.5514098], [-80.2534883, 43.5514213], [-80.253529, 43.5514521], [-80.253598, 43.5515175], [-80.2536582, 43.5516112], [-80.2536812, 43.5516727], [-80.2536865, 43.5517804], [-80.2537113, 43.5518305], [-80.2537626, 43.5518843], [-80.2539201, 43.5519485], [-80.2539873, 43.5519831], [-80.2540758, 43.552078], [-80.2541183, 43.5521139], [-80.2541696, 43.552178], [-80.2541625, 43.5522588], [-80.2541873, 43.5523024], [-80.2542829, 43.5523691], [-80.2544014, 43.5525538], [-80.2544227, 43.552591], [-80.2543979, 43.5526551], [-80.2543165, 43.5527115], [-80.2542722, 43.5527572], [-80.2543392, 43.5528242], [-80.2546797, 43.5526564]]], [[[-80.2430011, 43.5373437], [-80.2426363, 43.5370832], [-80.2425746, 43.5370598], [-80.242521, 43.5370754], [-80.2414481, 43.537892], [-80.2429501, 43.5374098], [-80.2429986, 43.5373744], [-80.2430011, 43.5373437]]], [[[-80.2146008, 43.4868979], [-80.2144075, 43.4863018], [-80.2143696, 43.4862825], [-80.2142533, 43.4862085], [-80.2141987, 43.4862068], [-80.2140665, 43.4862306], [-80.2139542, 43.4862375], [-80.2137718, 43.4862278], [-80.2117119, 43.486006], [-80.2116207, 43.4859943], [-80.2115751, 43.486004], [-80.2115268, 43.4860274], [-80.2115, 43.4860644], [-80.2114651, 43.4861227], [-80.2114517, 43.4862045], [-80.211449, 43.4863076], [-80.2114624, 43.4864049], [-80.2115027, 43.4865217], [-80.2117194, 43.4869673], [-80.2123526, 43.4869112], [-80.2124299, 43.4869219], [-80.2124999, 43.486962], [-80.2125735, 43.4870181], [-80.2126582, 43.4870608], [-80.2131037, 43.4870288], [-80.2133246, 43.486978], [-80.213586, 43.4869246], [-80.2139946, 43.4868845], [-80.2141529, 43.4868979], [-80.2143702, 43.4869086], [-80.2145358, 43.4869005], [-80.2146008, 43.4868979]]], [[[-80.2782679, 43.544717], [-80.2779818, 43.5445302], [-80.2776828, 43.5447712], [-80.2779683, 43.5449577], [-80.2782679, 43.544717]]], [[[-80.2342848, 43.5171796], [-80.2342806, 43.5171401], [-80.2342726, 43.5171079], [-80.2342103, 43.5170667], [-80.2339744, 43.516948], [-80.2339521, 43.5169556], [-80.2339481, 43.5169733], [-80.2339536, 43.5170001], [-80.2339229, 43.5170391], [-80.2339026, 43.5170468], [-80.2338921, 43.5170642], [-80.2338925, 43.5170996], [-80.2338603, 43.5171356], [-80.2338224, 43.5171524], [-80.2337925, 43.5171587], [-80.2337778, 43.5171752], [-80.2337839, 43.5172387], [-80.2336419, 43.5174034], [-80.2338824, 43.5176321], [-80.2342608, 43.5172369], [-80.2342848, 43.5171796]]], [[[-80.1998328, 43.514322], [-80.199583, 43.5143745], [-80.1993658, 43.5143067], [-80.1992444, 43.5144067], [-80.1994733, 43.5145607], [-80.1998328, 43.514322]]], [[[-80.2693158, 43.5488983], [-80.2692611, 43.5488526], [-80.269309, 43.5488225], [-80.2692527, 43.5487755], [-80.2692238, 43.5487937], [-80.2691639, 43.5487437], [-80.2689639, 43.5488696], [-80.2691531, 43.5490274], [-80.2692905, 43.5489409], [-80.2692723, 43.5489257], [-80.2693158, 43.5488983]]], [[[-80.1878147, 43.4754207], [-80.1877788, 43.47514], [-80.1876729, 43.4751053], [-80.1867838, 43.4757553], [-80.1876659, 43.4756794], [-80.1878147, 43.4754207]]], [[[-80.1897944, 43.4744759], [-80.1891897, 43.4740084], [-80.1890496, 43.4741311], [-80.1890718, 43.4742761], [-80.1891799, 43.4743667], [-80.189225, 43.4745544], [-80.189205, 43.474689], [-80.1890795, 43.4747886], [-80.1888902, 43.4747741], [-80.1887228, 43.4747796], [-80.1885978, 43.4746788], [-80.1886616, 43.4745409], [-80.1882587, 43.4747863], [-80.1882288, 43.4749296], [-80.1883113, 43.4752209], [-80.1883384, 43.4755328], [-80.1880707, 43.4756286], [-80.1882464, 43.4757568], [-80.188388, 43.47571], [-80.1885054, 43.4755423], [-80.1888382, 43.475436], [-80.1890865, 43.475235], [-80.1892177, 43.4751034], [-80.1896123, 43.4748489], [-80.1896901, 43.4746891], [-80.1897944, 43.4744759]]]]}}]}